pmcid,pmid,doi,year,journal,title,is_rct,pub_types,n_code,n_data,code_urls,data_urls,on_request_only,das
PMC9645607,36350802,10.1371/journal.pone.0276734,2022,PloS one,"The effect of mindfulness on the inflammatory, psychological and biomechanical domains of adult patients with low back pain: A randomized controlled clinical trial",True,research-article Multicenter Study Randomized Controlled Trial Journal,1,1,github.com/nirakara-lab/rct_minfulness_chronic_back_pain,10.5281/zenodo.6793420,False,"The study database is available at GitHub: https://github.com/nirakara-lab/RCT_Minfulness_Chronic_Back_Pain . A DOI link has been created in zenodo: https://doi.org/10.5281/zenodo.6793420 . In the supplementary materials, the exercises and the study variables have been fully described. Additional information requests should be directed to the following institutional address: University Institute of Regenerative Medicine and Oral Implantology - UIRMI (UPV/EHU-Fundacion Eduardo Anitua) C/ José Maria Cagigal, 19, 01007 Vitoria, Spain. Tel.: +34 945160653. Fax.: +34 945 158 934. Email: virginia.cuadrado@bti-implant.es . The conducted research was not preregistered with an analysis plan in an independent, institutional registry. The study database is available at GitHub: https://github.com/nirakara-lab/RCT_Minfulness_Chronic_Back_Pain . A DOI link has been created in zenodo: https://doi.org/10.5281/zenodo.6793420 . In the supplementary materials, the exercises and the study variables have b"
PMC12671729,41329673,10.1371/journal.pone.0337177,2025,PloS one,Outdoor ground surface influences spatiotemporal parameters of walking for individuals undergoing rehabilitation: An observational study,False,research-article Journal Article Observational Study,1,1,github.com/regainlabunc/spatiotemporal-changes-across-terrains,osf.io/s3qye,False,All Excel files that include spatiotemporal data are available at the Open Science Framework database ( https://doi.org/10.17605/OSF.IO/S3QYE) . All R code files used for statistical analysis are available at the Recovery of Gait and Neuro Rehabilitation Lab Github database ( https://github.com/RegainLabUNC/SpatioTemporal-Changes-Across-Terrains) . All Excel files that include spatiotemporal data are available at the Open Science Framework database ( https://doi.org/10.17605/OSF.IO/S3QYE) . All R code files used for statistical analysis are available at the Recovery of Gait and Neuro Rehabilitation Lab Github database ( https://github.com/RegainLabUNC/SpatioTemporal-Changes-Across-Terrains) .
PMC12238753,40636812,10.1093/braincomms/fcaf255,2025,Brain communications,Transcutaneous electrical nerve stimulation enhances locomotor adaptation savings in people with multiple sclerosis,False,Clinical Trial research-article Journal Article,1,1,github.com/andyhagen11/transcutaneous-electrical-nerve-stimulation-enhances-locomotor-adaptation-savings-in-ms,osf.io/pgv37,False,Data Availability Statement The data that support the findings of this study are openly available in the Open Science Framework at https://osf.io/pgv37/ . The code used for the analyses in this study is available on GitHub at https://github.com/andyhagen11/Transcutaneous-electrical-nerve-stimulation-enhances-locomotor-adaptation-savings-in-MS . The data that support the findings of this study are openly available in the Open Science Framework at https://osf.io/pgv37/ . The code used for the analyses in this study is available on GitHub at https://github.com/andyhagen11/Transcutaneous-electrical-nerve-stimulation-enhances-locomotor-adaptation-savings-in-MS . The data that support the findings of this study are openly available in the Open Science Framework at https://osf.io/pgv37/ . The code used for the analyses in this study is available on GitHub at https://github.com/andyhagen11/Transcutaneous-electrical-nerve-stimulation-enhances-locomotor-adaptation-savings-in-MS .
PMC11831972,39963198,10.7717/peerj.18885,2025,PeerJ,"Change in exercise capacity, physical activity and motivation for physical activity at 12 months after a cardiac rehabilitation program in coronary heart disease patients: a prospective, monocentric a",False,research-article Journal Article Observational Study,1,2,github.com/pydemull/apaco,osf.io/fpcrv | osf.io/s2xwu,False,"Data Availability The following information was supplied regarding data availability: All the instructions and materials allowing the reproduction of the analyses and the results are available at GitHub and Open Science Framework: - https://github.com/pydemull/APACo - de Müllenheim, Pierre-Yves. 2024. “APA&amp;Co.” OSF. doi: 10.17605/OSF.IO/S2XWU . The Supplemental Files are also available at Open Science Framework: de Müllenheim, Pierre-Yves. 2024. “ Supplemental Materials .” OSF. doi: 10.17605/OSF.IO/FPCRV . The results of the study were obtained using several R packages: • Initial tasks of the data analysis workflow (import, tidy, and transform data): {tidyverse} ( Wickham et al., 2019 ); {tidyselect} ( Henry &amp; Wickham, 2024a ). • Figures: {ggplot2} ( Wickham, 2016 ), {Hmisc} ( Harrell, 2024 ), {patchwork} ( Lin Pedersen, 2024 ), {ggbeeswarm} ( Clarke, Sherrill-Mix &amp; Dawson, 2023 ), {ggrepel} ( Slowikowski, 2023 ), {rlang} ( Henry &amp; Wickham, 2024b ), {ragg} ( Lin Pederse"
PMC13141020,42055615,10.1136/bmjopen-2025-101558,2026,BMJ open,Anatomy of a failure: a retrospective evaluation of a cognitive bias modification intervention to promote physical activity in cardiac rehabilitation,True,research-article Randomized Controlled Trial Journal Article,0,1,,10.5281/zenodo.17292448,False,"Data Availability Statement Data are available in a public, open access repository. Data are available in a public, open access repository. Data are available in a public, open access repository. Deidentified data, data management, analysis codes and research materials have been made publicly available on Zenodo ( https://doi.org/10.5281/zenodo.17292448 ). 67"
PMC13092435,42016050,10.1142/s1013702526500058,2026,Hong Kong physiotherapy journal : official publication ,Comparison of the short-term effects of Mulligan and Maitland mobilisation techniques combined with home-based exercise for non-specific neck pain: A randomised controlled trial,True,research-article Journal Article,0,1,,10.5281/zenodo.15278572,False,"Data Availability Statement The data supporting the findings of this study are openly available in Zenodo at https://doi.org/10.5281/zenodo.15278572 , reference number 15278572. The data supporting the findings of this study are openly available in Zenodo at https://doi.org/10.5281/zenodo.15278572 , reference number 15278572."
PMC13063870,41787326,10.1186/s12877-026-07244-w,2026,BMC geriatrics,Out-of-home mobility enhancement by a physiotherapist-led motivational counselling intervention among rural community-dwelling older adults 75+: the MOBILE RCT,True,research-article Randomized Controlled Trial Journal Article,2,0,gitlab.com/arik.grahl/mobile-project-client | gitlab.com/arik.grahl/mobile-project-server,,False,Data Availability Statement Data collected in this study will be available upon reasonable request and stored at the institutional repository after the study is completed. Data will be in aggregated form (no GPS fixes) to secure the privacy of the study participants. The architecture of the app developed specifically for this study can be accessed via the following links: https://gitlab.com/arik.grahl/mobile-project-client and https://gitlab.com/arik.grahl/mobile-project-server . Data collected in this study will be available upon reasonable request and stored at the institutional repository after the study is completed. Data will be in aggregated form (no GPS fixes) to secure the privacy of the study participants. The architecture of the app developed specifically for this study can be accessed via the following links: https://gitlab.com/arik.grahl/mobile-project-client and https://gitlab.com/arik.grahl/mobile-project-server . Data collected in this study will be available upon reason
PMC12780320,41502043,10.1111/sms.70203,2026,Scandinavian journal of medicine & science in sports,Effects of Low-Load Blood-Flow Restriction Training Versus High-Load Resistance Training on Neuromuscular Performance and Neuromuscular Activation,True,research-article Randomized Controlled Trial Journal Article,0,1,,osf.io/fz38r,False,Data Availability Statement The anonymized dataset supporting the findings of this study is publicly available on the Open Science Framework at https://doi.org/10.17605/OSF.IO/FZ38R . Users are kindly asked to cite the dataset if used in any form. The anonymized dataset supporting the findings of this study is publicly available on the Open Science Framework at https://doi.org/10.17605/OSF.IO/FZ38R . Users are kindly asked to cite the dataset if used in any form. The anonymized dataset supporting the findings of this study is publicly available on the Open Science Framework at https://doi.org/10.17605/OSF.IO/FZ38R . Users are kindly asked to cite the dataset if used in any form.
PMC13144352,41862607,10.1038/s41598-026-44859-w,2026,Scientific reports,Preliminary efficacy of cognitive multisensory rehabilitation for neuropathic pain in chronic spinal cord injury: a phase I randomized controlled trial,True,"research-article Clinical Trial, Phase I Randomized Controlled Trial J",0,1,,10.5061/dryad.7h44j1007,False,Data availability The datasets used and/or analysed during the current study available on Dryad: DOI: 10.5061/dryad.7h44j1007.
PMC12821712,41562789,10.3390/geriatrics11010006,2026,"Geriatrics (Basel, Switzerland)",Effect of a Physio-Feedback Exercise Intervention Program on the Static Balance of Community-Dwelling Older Adults: A Clustered Randomized Controlled Trial,True,research-article Journal Article,0,1,,osf.io/8763w,False,"Data Availability Statement The deidentified data for this study, as well as the statistical processing code, is publicly available at https://osf.io/8763w/overview (created 25 October 2025)."
PMC13143104,42085418,10.1371/journal.pone.0330140,2026,PloS one,High-intensity eccentric hip abductor strength training improves dynamic knee valgus in a task-dependent manner in asymptomatic young women: A pilot study,True,research-article Randomized Controlled Trial Journal Article,0,1,,10.5281/zenodo.1808373,False,"Data Availability Statement The minimal dataset required is available on the Zenodo platform under the following DOI: https://doi.org/10.5281/zenodo.1808373 . This access location is indicated in the Data Availability Statement section of the manuscript, between lines 395–398. The minimal dataset required is available on the Zenodo platform under the following DOI: https://doi.org/10.5281/zenodo.1808373 . This access location is indicated in the Data Availability Statement section of the manuscript, between lines 395–398. The minimal dataset required is available on the Zenodo platform under the following DOI: https://doi.org/10.5281/zenodo.1808373 . This access location is indicated in the Data Availability Statement section of the manuscript, between lines 395–398."
PMC12972472,41225283,10.1007/s11357-025-02006-9,2026,GeroScience,HomeCoRe for telerehabilitation in mild or major neurocognitive disorders: a non-inferiority randomized controlled trial,True,"Research Support, Non-U.S. Gov't research-article Randomized Controlle",0,1,,10.5281/zenodo.15389025,False,Data Availability Statement The datasets presented in this study can be found in online repositories. The names of the repository/repositories and accession number(s) can be found below: 10.5281/zenodo.15389025. The datasets presented in this study can be found in online repositories. The names of the repository/repositories and accession number(s) can be found below: 10.5281/zenodo.15389025. The datasets presented in this study can be found in online repositories. The names of the repository/repositories and accession number(s) can be found below: 10.5281/zenodo.15389025.
PMC13305566,42356347,10.3390/nu18121961,2026,Nutrients,Effects of Modest Carbohydrate-Energy Supplementation on Resistance Training Adaptations in Trained Men: A Crossover Trial,True,research-article Randomized Controlled Trial Journal Article,0,1,,osf.io/enz8m,False,Data Availability Statement The original data presented in the study are openly available in the Open Science Framework at https://osf.io/enz8m/overview (accessed on 14 June 2026). The original data presented in the study are openly available in the Open Science Framework at https://osf.io/enz8m/overview (accessed on 14 June 2026). The original data presented in the study are openly available in the Open Science Framework at https://osf.io/enz8m/overview (accessed on 14 June 2026).
PMC12885332,41508826,10.1017/s0033291725103085,2026,Psychological medicine,Changes in repetitive negative thinking and stress perception mediate treatment effects of a transdiagnostic exercise intervention,True,research-article Randomized Controlled Trial Journal Article,0,1,,osf.io/5rcuz,False,Data Availability Statement The data that support the findings of this study are openly available in Open Science Framework at https://osf.io/5rcuz/files/osfstorage . The data that support the findings of this study are openly available in Open Science Framework at https://osf.io/5rcuz/files/osfstorage . The data that support the findings of this study are openly available in Open Science Framework at https://osf.io/5rcuz/files/osfstorage .
PMC13031491,41730991,10.1038/s41598-026-40612-5,2026,Scientific reports,Effects of deload periods in resistance training on muscle hypertrophy and strength endurance in untrained young men using a randomized within subject design,True,research-article Randomized Controlled Trial Journal Article,0,1,,osf.io/6cgpt,False,"Data availability The raw data and materials associated with this study will be publicly available upon acceptance of the Stage 2 manuscript. The statistical analyses and results are already presented in tables and figures within the manuscript. Additionally, the raw data will be deposited in an open-access repository (Open Science Framework—OSF) to ensure transparency and reproducibility. The registration details are available at the following link (Date of registration: 12/01/2025): https://osf.io/6cgpt/?view_only=7a55420f9c0843838b7da349ba26195f . For additional inquiries regarding the data, please contact the corresponding author: (z_pancar@hotmail.com)."
PMC12942207,41752649,10.3390/medicina62020249,2026,"Medicina (Kaunas, Lithuania)",Short-Term Effects of Manual Therapy Combined with Functional Magnetic Stimulation in Individuals with Lumbar Disk Herniation with Radiculopathy: A Randomized Clinical Trial,True,research-article Randomized Controlled Trial Journal Article,0,1,,10.5281/zenodo.17936953,False,Data Availability Statement The data that support the findings of this study are openly available in Zenodo at https://doi.org/10.5281/zenodo.17936953 . The data that support the findings of this study are openly available in Zenodo at https://doi.org/10.5281/zenodo.17936953 . The data that support the findings of this study are openly available in Zenodo at https://doi.org/10.5281/zenodo.17936953 .
PMC13140343,41832049,10.1002/ejsc.70160,2026,European journal of sport science,Acute Responses and Chronic Adaptations to Cluster Versus Traditional Set Resistance Training in Males and Females,True,research-article Randomized Controlled Trial Journal Article,0,1,,osf.io/mej4d,False,Data Availability Statement The dataset and analyses code are available at the Open Science Framework ( https://osf.io/mej4d ). The dataset and analyses code are available at the Open Science Framework ( https://osf.io/mej4d ).
PMC13257960,42275424,10.1371/journal.pone.0345947,2026,PloS one,Integrating multi-session transcranial direct current stimulation with routine physical therapy to improve quadriceps strength and activation in athletes during subacute recovery following ACL reconst,True,research-article Randomized Controlled Trial Journal Article,0,1,,10.5281/zenodo.19831812,False,The dataset DOI is: https://doi.org/10.5281/zenodo.19831812 . The dataset DOI is: https://doi.org/10.5281/zenodo.19831812 .
PMC13098183,42022291,10.1093/braincomms/fcag057,2026,Brain communications,Enhancing spontaneous recovery after stroke: a randomized controlled trial,True,Clinical Trial research-article Journal Article,1,0,github.com/wbyblow/espresso.git,,False,"Data availability The data that support the findings of this study are available from the corresponding author, upon reasonable request. The code used to analyse neuroscientific data can be found here https://github.com/wbyblow/ESPRESSo.git . The data that support the findings of this study are available from the corresponding author, upon reasonable request. The code used to analyse neuroscientific data can be found here https://github.com/wbyblow/ESPRESSo.git ."
PMC13085461,41803851,10.1186/s12916-026-04697-z,2026,BMC medicine,Transcutaneous spinal cord stimulation combined with robot-assisted gait training to improve mobility and balance in spinal cord injury: intramuscular electromyography as a biomarker for functional re,True,research-article Randomized Controlled Trial Journal Article,0,1,,zenodo.org/records/17424997,False,Data Availability Statement Data that support the findings of this study have been deposited in the EU Open Research Depository. DOI: Abdul Rashad. SPSS Sheet Intramuscular Electromyography as a Biomarker of Functional Recovery. The data that support the findings of this study are openly available in [zenodo] at https://zenodo.org/records/17424997 . Data that support the findings of this study have been deposited in the EU Open Research Depository. DOI: Abdul Rashad. SPSS Sheet Intramuscular Electromyography as a Biomarker of Functional Recovery. The data that support the findings of this study are openly available in [zenodo] at https://zenodo.org/records/17424997 . Data that support the findings of this study have been deposited in the EU Open Research Depository. DOI: Abdul Rashad. SPSS Sheet Intramuscular Electromyography as a Biomarker of Functional Recovery. The data that support the findings of this study are openly available in [zenodo] at https://zenodo.org/records/17424997 .
PMC12693843,41374487,10.3390/s25237113,2025,"Sensors (Basel, Switzerland)","A Sensor-Augmented Telerehabilitation System for Knee Osteoarthritis: A Randomized Controlled Trial of Neuromuscular, Functional, and Psychosocial Outcomes",True,research-article Randomized Controlled Trial Journal Article,0,1,,10.5281/zenodo.12112951,False,"Data Availability Statement The dataset generated and analyzed during the current study, including synchronized sEMG and IMU biosignals, is openly accessible on Zenodo at: https://doi.org/10.5281/zenodo.12112951 . The dataset generated and analyzed during the current study, including synchronized sEMG and IMU biosignals, is openly accessible on Zenodo at: https://doi.org/10.5281/zenodo.12112951 . Conflicts of Interest Author Panagiotis Kasnesis was employed by the company ThingEnious PC. The remaining authors declare that the research was conducted in the absence of any commercial or financial relationships that could be construed as a potential conflict of interest. Abbreviations Abbreviation Full Term OA Osteoarthritis sEMG Surface Electromyography IMU Inertial Measurement Unit RCT Randomized Controlled Trial WOMAC Western Ontario and McMaster Universities Osteoarthritis Index VAS Visual Analogue Scale TUG Timed Up and Go Test ASES Arthritis Self-Efficacy Scale TSK Tampa Scale for Ki"
PMC12181937,40542399,10.1186/s13063-025-08896-6,2025,Trials,Digital education and exercise therapy versus minimal intervention for young people at high risk of early onset knee osteoarthritis after ACL reconstruction: a study protocol for the Stop OsteoARthrit,True,Clinical Trial Protocol research-article Journal Article,0,1,,osf.io/dr23e,False,"Data availability {29} The following study materials can be accessed on the open science framework https://osf.io/dr23e/?view_only=0b3dc80910f045f4b232228d4b999416 ; Screening survey, Eligibility survey, Eligibility interview script, Study information and consent form, SOAR knee assessment form, SOAR workbook with group education slides, Control workbook with video education slides, SOAR physiotherapist tracking form, SOAR participant exercise log, SOAR fidelity checklist, Adverse events reporting form, and MRI protocol. The final data set containing data from participants consenting to their anonymized data being open access will be made available on Borealis (borealisdata.ca)."
PMC12193851,40561080,10.1371/journal.pone.0326218,2025,PloS one,Effect of telemedicine-supported structured exercise program in patients with chronic low back pain: a randomized controlled trial,True,research-article Randomized Controlled Trial Journal Article,0,1,,10.5061/dryad.zpc866tkh,False,Data Availability Statement All dataset files are available from the Dryad repository at https://doi.org/10.5061/dryad.zpc866tkh . All dataset files are available from the Dryad repository at https://doi.org/10.5061/dryad.zpc866tkh . All dataset files are available from the Dryad repository at https://doi.org/10.5061/dryad.zpc866tkh .
PMC11971945,40143671,10.2340/jrm.v57.42726,2025,Journal of rehabilitation medicine,Subphenotypic classification of COVID-19 survivors and response to telerehabilitation: a latent class analysis,True,research-article Multicenter Study Randomized Controlled Trial Journal,0,1,,10.5061/dryad.59zw3r27n,False,"Data Availability Statement Anonymised patient-level data on which the analysis, results, and conclusions reported in this paper are based are available as a Dryad dataset. Reinhardt, Jan D. (2021), Telerehabilitation program for COVID-19 survivors (TERECO) – randomized controlled trial, Dryad, Dataset, https://doi.org/10.5061/dryad.59zw3r27n . Anonymised patient-level data on which the analysis, results, and conclusions reported in this paper are based are available as a Dryad dataset. Reinhardt, Jan D. (2021), Telerehabilitation program for COVID-19 survivors (TERECO) – randomized controlled trial, Dryad, Dataset, https://doi.org/10.5061/dryad.59zw3r27n . Anonymised patient-level data on which the analysis, results, and conclusions reported in this paper are based are available as a Dryad dataset. Reinhardt, Jan D. (2021), Telerehabilitation program for COVID-19 survivors (TERECO) – randomized controlled trial, Dryad, Dataset, https://doi.org/10.5061/dryad.59zw3r27n ."
PMC12583909,41199793,10.12688/f1000research.162466.3,2025,F1000Research,The Effect Of Visual Deprivation During Cognitive Motor Dual Task Training On Cognitive Function In Type 2 Diabetes Mellitus,True,research-article Randomized Controlled Trial Journal Article,0,1,,figshare.com/s/014afef5a58e663a3b96,False,"Data availability The datasets generated analyzed during the current study are available in the Anandh Raj, J (2025). Pretest and post test values of MoCA in Group A and B in Type 2 Diabetes Mellitus subjects. figshare. Dataset. ( https://figshare.com/s/014afef5a58e663a3b96 ). 54 DOI: 10.6084/m9.figshare.28513433.V2 Extended data The extended data for this study include the demographic dataset of participants have been deposited in the Anandh Raj, J (2025). Baseline characteristics of 12-week &amp; 18th-week follow-up of cognitive motor dual-task training in type 2 diabetes mellitus subjects. figshare. Dataset. https://doi.org/10.6084/m9.figshare.29134604.v1 . 43 Data are available under the terms of the Creative Commons Attribution 4.0 International license (CC-BY 4.0) The datasets generated analyzed during the current study are available in the Anandh Raj, J (2025). Pretest and post test values of MoCA in Group A and B in Type 2 Diabetes Mellitus subjects. figshare. Dataset. ( https:"
PMC12410808,40906756,10.1371/journal.pone.0330157,2025,PloS one,Effectiveness and user experiences of a valgus brace in patients with knee osteoarthritis: A mixed-method randomised controlled trial,True,research-article Randomized Controlled Trial Journal Article,0,3,,figshare.com/s/20212f8bb7fba462d17f | figshare.com/s/50cacee63c01e2c2f8a6 | figshare.com/s/7c3894a86e4b00872d41,False,"Data Availability Statement All relevant data are within the manuscript and its Supporting Information files. All individual participant data are collated in the S1 File which can be found here: https://figshare.com/s/50cacee63c01e2c2f8a6 . An overview of all themes, subthemes and the original verbatim Dutch and their English clean verbatim translations of the quotes emerging from the interviews can be found in S1 Table ( https://figshare.com/s/20212f8bb7fba462d17f ). A comprehensive triangulation of quantitative outcomes and qualitative (sub)themes in overlapping areas of data is provided in S2 Table ( https://figshare.com/s/7c3894a86e4b00872d41 ) All relevant data are within the manuscript and its Supporting Information files. All individual participant data are collated in the S1 File which can be found here: https://figshare.com/s/50cacee63c01e2c2f8a6 . An overview of all themes, subthemes and the original verbatim Dutch and their English clean verbatim translations of the quotes e"
PMC12129347,40455920,10.1371/journal.pone.0323213,2025,PloS one,The effect of D-cycloserine on brain connectivity over a course of pulmonary rehabilitation - A randomised control trial with neuroimaging endpoints,True,"research-article Clinical Trial, Phase I Randomized Controlled Trial J",0,1,,data.mendeley.com/datasets/h6y5gs9hs6/1,False,The anonymised dataset is uploaded to Mendeley data: Version 1 Published:25 Nov 2024 DOI: 10.17632/h6y5gs9hs6.1 https://data.mendeley.com/datasets/h6y5gs9hs6/1 . The anonymised dataset is uploaded to Mendeley data: Version 1 Published:25 Nov 2024 DOI: 10.17632/h6y5gs9hs6.1 https://data.mendeley.com/datasets/h6y5gs9hs6/1 .
PMC12694805,41370222,10.1371/journal.pone.0336898,2025,PloS one,"Comparative effects of combined aerobic and resistance training versus high-intensity interval training on insulin resistance, glycaemic control, body composition and quality of life in type 2 diabete",True,Comparative Study research-article Randomized Controlled Trial Journal,0,1,,osf.io/4q9xu,False,All relevant data underlying the results presented in this study are available in the Open Science Framework (OSF) repository at the following DOI: 10.17605/OSF.IO/4Q9XU. All relevant data underlying the results presented in this study are available in the Open Science Framework (OSF) repository at the following DOI: 10.17605/OSF.IO/4Q9XU.
PMC11944689,40292479,10.3390/nu17061081,2025,Nutrients,The Effect of Creatine Supplementation on Lean Body Mass with and Without Resistance Training,True,research-article Randomized Controlled Trial Journal Article,0,1,,osf.io/4pu2t,False,Data Availability Statement The anonymised data collected are available as open data via the Open Science Framework ( https://osf.io/4pu2t/ ). The anonymised data collected are available as open data via the Open Science Framework ( https://osf.io/4pu2t/ ). The anonymised data collected are available as open data via the Open Science Framework ( https://osf.io/4pu2t/ ).
PMC12111718,40424266,10.1371/journal.pone.0322395,2025,PloS one,Effects of an aquatic protocol on electromyography activation and strength of lower limb muscles in blind women: A randomized controlled trial,True,research-article Randomized Controlled Trial Journal Article,0,1,,10.5281/zenodo.14280848,False,Data Availability Statement The data that supports the findings of this study are available in the Zenodo data repository at https://doi.org/10.5281/zenodo.14280848 . The data that supports the findings of this study are available in the Zenodo data repository at https://doi.org/10.5281/zenodo.14280848 . The data that supports the findings of this study are available in the Zenodo data repository at https://doi.org/10.5281/zenodo.14280848 .
PMC12667121,41327143,10.1186/s12909-025-08272-7,2025,BMC medical education,Comparing structured note-taking and multiple-choice question writing as learning strategies among physiotherapy students,True,Comparative Study research-article Randomized Controlled Trial Journal,0,1,,10.5281/zenodo.15861339,False,"Data Availability Statement The anonymized dataset generated and analysed during the current study is available in the Zenodo repository, DOI: 10.5281/zenodo.15861339. The anonymized dataset generated and analysed during the current study is available in the Zenodo repository, DOI: 10.5281/zenodo.15861339. The anonymized dataset generated and analysed during the current study is available in the Zenodo repository, DOI: 10.5281/zenodo.15861339."
PMC11829627,39959841,10.7717/peerj.18904,2025,PeerJ,Lengthened partial repetitions elicit similar muscular adaptations as full range of motion repetitions during resistance training in trained individuals,True,research-article Randomized Controlled Trial Journal Article,0,1,,osf.io/a6cpz,False,"Data Availability Statement The following information was supplied regarding data availability: The data and anonymized videos of participants performing resistance training sessions in both conditions are available at OSF: Wolf, Milo, and Patroklos Androulakis-Korakakis. 2024. “Full Range of Motion vs . Partial Range of Motion at Longer-Muscle Lengths: Effects on Upper-Body Muscle Morphology and Strength.” OSF. September 30. doi: 10.17605/OSF.IO/A6CPZ . The following information was supplied regarding data availability: The data and anonymized videos of participants performing resistance training sessions in both conditions are available at OSF: Wolf, Milo, and Patroklos Androulakis-Korakakis. 2024. “Full Range of Motion vs . Partial Range of Motion at Longer-Muscle Lengths: Effects on Upper-Body Muscle Morphology and Strength.” OSF. September 30. doi: 10.17605/OSF.IO/A6CPZ . The following information was supplied regarding data availability: The data and anonymized videos of particip"
PMC12829194,41413829,10.1186/s12984-025-01840-4,2025,Journal of neuroengineering and rehabilitation,Haptic interaction with a human partner for ankle training in chronic stroke: a pilot study,True,research-article Randomized Controlled Trial Journal Article,0,1,,datadryad.org/share/tdzsicfhne6ilvwds9ee8kjifi66y5_qcqqt4yf_e7m,False,"Data availability The datasets used and analyzed in the current study are publicly available on Dryad, hosted by Northwestern University (http://datadryad.org/share/tDZsicFHne6ILVwds9eE8kjIFi66Y5_qCqqT4yf_e7M)."
PMC12473138,41010536,10.3390/nu17183011,2025,Nutrients,Time-Restricted Eating Without Exercise Enhances Anaerobic Power and Reduces Body Weight: A Randomized Crossover Trial in Untrained Adults,True,research-article Randomized Controlled Trial Journal Article,0,1,,10.5281/zenodo.16874956,False,Data Availability Statement The dataset supporting this study is openly available in Zenodo at https://doi.org/10.5281/zenodo.16874956 . The dataset supporting this study is openly available in Zenodo at https://doi.org/10.5281/zenodo.16874956 . The dataset supporting this study is openly available in Zenodo at https://doi.org/10.5281/zenodo.16874956 .
PMC12190367,40563814,10.3390/brainsci15060644,2025,Brain sciences,Exploring the Impact of Robotic Hand Rehabilitation on Functional Recovery in Parkinson's Disease: A Randomized Controlled Trial,True,research-article Journal Article,0,1,,zenodo.org/records/15462063,False,Data Availability Statement The original data presented in the study are openly available in Zenodo Repository at https://zenodo.org/records/15462063 (accessed on 19 May 2025).
PMC11832030,39960821,10.1002/ejsc.12266,2025,European journal of sport science,The Effect of Proximity-To-Failure on Perceptual Responses to Resistance Training,True,research-article Randomized Controlled Trial Journal Article,0,1,,osf.io/34d92,False,Data Availability Statement All data and code utilised will be openly available on Open Science Framework: https://osf.io/34d92/ . All data and code utilised will be openly available on Open Science Framework: https://osf.io/34d92/ .
PMC11874534,40029149,10.1002/ejsc.12274,2025,European journal of sport science,Isoenergetic Pre-Exercise Meals Varying in Carbohydrate Similarly Affect Resistance Training Volume Performance Compared to Placebo: A Crossover Trial,True,research-article Randomized Controlled Trial Journal Article,0,1,,osf.io/sc2up,False,Data Availability Statement The custom‐written R script and associated dataset are available on the Open Science Framework repository (URL: https://osf.io/sc2up/ ). The custom‐written R script and associated dataset are available on the Open Science Framework repository (URL: https://osf.io/sc2up/ ).
PMC12365372,40831029,10.1002/cncr.70051,2025,Cancer,Physical fitness and clinically assessed disease burden in long-term childhood cancer survivors-The SURfit study,True,research-article Randomized Controlled Trial Journal Article,0,1,,osf.io/w6j4y,False,"Data Availability Statement De‐identified individual participant data that underlie the results reported in this article, statistical programs and data dictionary are available on request to the corresponding author, immediately following publication and without end date, to anyone who provides a sound proposal. The study protocol, statistical analysis plan, patient information, and informed consent forms of the SURfit study are published at the Open Science Framework platform: https://osf.io/w6j4y/ . De‐identified individual participant data that underlie the results reported in this article, statistical programs and data dictionary are available on request to the corresponding author, immediately following publication and without end date, to anyone who provides a sound proposal. The study protocol, statistical analysis plan, patient information, and informed consent forms of the SURfit study are published at the Open Science Framework platform: https://osf.io/w6j4y/ . De‐identified "
PMC11945196,40290077,10.3390/nu17061022,2025,Nutrients,Early Time-Restricted Eating Improves Weight Loss While Preserving Muscle: An 8-Week Trial in Young Women,True,research-article Randomized Controlled Trial Journal Article,0,1,,10.5281/zenodo.14885654,False,Data Availability Statement The dataset supporting this study is openly available in Zenodo at https://doi.org/10.5281/zenodo.14885654 .
PMC11761974,39805013,10.1073/pnas.2406954122,2025,Proceedings of the National Academy of Sciences of the ,Exercise intensity and training alter the innate immune cell type and chromosomal origins of circulating cell-free DNA in humans,True,research-article Randomized Controlled Trial Journal Article,1,0,github.com/rodriguesk/phite,,False,"Data, Materials, and Software Availability The methyl-seq BAM files and the code used for processing the sequencing data have been deposited in dbGaP ( 109 ) and on Github ( 110) ), respectively. The dbGaP accession number is phs003873.v1. The Github repository can be accessed at https://github.com/rodriguesk/PHITE ."
PMC12286844,40399668,10.1038/s41586-025-09028-5,2025,Nature,Closed-loop vagus nerve stimulation aids recovery from spinal cord injury,True,"Research Support, Non-U.S. Gov't research-article Randomized Controlle",1,0,github.com/davepruitt/replay,,False,Data Availability Statement The data collection code is available on GitHub ( https://github.com/davepruitt/RePlay ). All raw data have been included in the Supplementary Information and are available at Open Data Commons for Spinal Cord Injury ( https://odc-sci.org/data/1315 ). The data collection code is available on GitHub ( https://github.com/davepruitt/RePlay ). All raw data have been included in the Supplementary Information and are available at Open Data Commons for Spinal Cord Injury ( https://odc-sci.org/data/1315 ). The data collection code is available on GitHub ( https://github.com/davepruitt/RePlay ). All raw data have been included in the Supplementary Information and are available at Open Data Commons for Spinal Cord Injury ( https://odc-sci.org/data/1315 ).
PMC10873320,38365932,10.1038/s41598-024-53891-7,2024,Scientific reports,"Therapeutic effect of knee extension exercise with single-joint hybrid assistive limb following total knee arthroplasty: a prospective, randomized controlled trial",True,research-article Randomized Controlled Trial Journal Article,0,1,,figshare.com/s/fd1b4d146d6751ccd9f6,False,Data Availability Statement The datasets generated and/or analyzed during the current study are available on Figshare. The URL is https://figshare.com/s/fd1b4d146d6751ccd9f6 . The DOI is http://doi.org/ 10.6084/m9.figshare.23306126. The datasets generated and/or analyzed during the current study are available on Figshare. The URL is https://figshare.com/s/fd1b4d146d6751ccd9f6 . The DOI is http://doi.org/ 10.6084/m9.figshare.23306126. The datasets generated and/or analyzed during the current study are available on Figshare. The URL is https://figshare.com/s/fd1b4d146d6751ccd9f6 . The DOI is http://doi.org/ 10.6084/m9.figshare.23306126.
PMC11108169,38771888,10.1371/journal.pone.0302831,2024,PloS one,Effectiveness of structured exercise program on insulin resistance and quality of life in type 2 diabetes mellitus-A randomized controlled trial,True,research-article Randomized Controlled Trial Journal Article,0,1,,osf.io/b8nv7,False,Data Availability Statement All the files are available from the OSF registry database. ( https://osf.io/b8nv7 ). All the files are available from the OSF registry database. ( https://osf.io/b8nv7 ). All the files are available from the OSF registry database. ( https://osf.io/b8nv7 ).
PMC11516161,39466747,10.1371/journal.pone.0311206,2024,PloS one,"Effects of upper thoracic Mulligan mobilization on pain, range of motion and function in patients with mechanical neck pain: A randomized placebo-controlled trial",True,research-article Randomized Controlled Trial Journal Article,0,1,,zenodo.org/records/,False,The data underlying the results presented in the study are available from ( https://doi.org/10.5281/ zenodo.13270271 and https://zenodo.org/records/ 13270271). The data underlying the results presented in the study are available from ( https://doi.org/10.5281/ zenodo.13270271 and https://zenodo.org/records/ 13270271).
PMC11658635,39700238,10.1371/journal.pone.0314361,2024,PloS one,Effects of combining sensory-motor exercises with transcranial direct current stimulation on cortical processing and clinical symptoms in patients with lumbosacral radiculopathy: An exploratory random,True,research-article Randomized Controlled Trial Journal Article,0,1,,10.5061/dryad.qz612jmr8,False,Data relevant to this study are available from Dryad at https://doi.org/10.5061/dryad.qz612jmr8 . Data relevant to this study are available from Dryad at https://doi.org/10.5061/dryad.qz612jmr8 .
PMC11164989,38858464,10.1038/s41598-024-64046-z,2024,Scientific reports,Effectiveness of novel facial stretching with structured exercise versus conventional exercise for Bell's palsy: a single-blinded randomized clinical trial,True,research-article Randomized Controlled Trial Journal Article,0,1,,osf.io/uvw89,False,Data availability Data sheet and appendix are available from 10.17605/OSF.IO/UVW89.
PMC11171874,38891177,10.3390/healthcare12111101,2024,"Healthcare (Basel, Switzerland)",Pilot Randomized Controlled Trial of <i>Lymfit</i>: A Theory-Guided Exercise Intervention for Young Adults with Lymphoma,True,research-article Journal Article,0,1,,osf.io/n5abk,False,Data Availability Statement The original data presented in the study are openly available in the OSF data depository at doi: 10.17605/OSF.IO/N5ABK. The original data presented in the study are openly available in the OSF data depository at doi: 10.17605/OSF.IO/N5ABK. The original data presented in the study are openly available in the OSF data depository at doi: 10.17605/OSF.IO/N5ABK.
PMC10765911,38172973,10.1186/s12984-023-01300-x,2024,Journal of neuroengineering and rehabilitation,Effects of anodal tDCS on resting state eeg power and motor function in acute stroke: a randomized controlled trial,True,"Research Support, Non-U.S. Gov't research-article Randomized Controlle",0,1,,osf.io/5rmjc,False,Data Availability Statement The datasets analyzed during the current study are available in the OSF platform ( https://osf.io/5rmjc/ ). The datasets analyzed during the current study are available in the OSF platform ( https://osf.io/5rmjc/ ). The datasets analyzed during the current study are available in the OSF platform ( https://osf.io/5rmjc/ ).
PMC11485212,39054374,10.1038/s41591-024-03143-y,2024,Nature medicine,"Supervised, structured and individualized exercise in metastatic breast cancer: a randomized controlled trial",True,research-article Multicenter Study Randomized Controlled Trial Journal,1,0,github.com/anoukhiensch/preferable-effect.git,,False,"Data Availability Statement The data that support the findings of this study are not yet openly available owing to reasons of confidentiality. Researchers can request current data from the corresponding author (a.m.may@umcutrecht.nl). Pseudonymized data (including data dictionaries) will be made available through the Digital Research Environment, which is a trusted digital research environment that can be accessed at https://mydre.org . This will be carried out after the review and approval of a methodologically sound proposal by the General Assembly of PREFERABLE, with a signed data access agreement, which is in line with Ethics Committee requirements (The Ethics Committee of University Medical Center Utrecht, The Netherlands). Requests will be processed within 6 weeks. These files will be available from the date of publication until the date stated in the approved request. Once the PREFERABLE project has been fully completed, the database will be anonymized and shared using Dataverse"
PMC11322406,38459192,10.1007/s00421-024-05446-x,2024,European journal of applied physiology,Glucose ingestion before and after resistance training sessions does not augment ribosome biogenesis in healthy moderately trained young adults,True,research-article Randomized Controlled Trial Journal Article,1,0,github.com/kristianlian/ribose-paper,,False,Data availability The datasets generated during and analysed during the current study are available in the “ribose-paper” repository; https://github.com/Kristianlian/ribose-paper
PMC11123970,38794643,10.3390/nu16101405,2024,Nutrients,Placebo Effect of Caffeine on Physiological Parameters and Physical Performance,True,research-article Randomized Controlled Trial Journal Article,0,1,,10.5281/zenodo.10824782,False,Data Availability Statement The data presented in this study are available in Zenodo at DOI: 10.5281/zenodo.10824782. The data presented in this study are available in Zenodo at DOI: 10.5281/zenodo.10824782. The data presented in this study are available in Zenodo at DOI: 10.5281/zenodo.10824782.
PMC10809978,38274324,10.7717/peerj.16777,2024,PeerJ,Gaining more from doing less? The effects of a one-week deload period during supervised resistance training on muscular adaptations,True,"Research Support, Non-U.S. Gov't research-article Randomized Controlle",0,1,,osf.io/kdgv3,False,"The following information was supplied regarding data availability: The data and supplementary material are available at Open Science Framework: Schoenfeld, Brad J. 2023. “The Effects of a One-Week Deload Period during Regimented Resistance Training on Muscular Adaptations.” OSF. December 21. doi: 10.17605/OSF.IO/KDGV3 ."
PMC11467018,38710835,10.1007/s00421-024-05471-w,2024,European journal of applied physiology,Eight weeks of high-intensity interval training versus stretching do not change the psychoneuroendocrine response to a social stress test in emotionally impulsive humans,True,research-article Randomized Controlled Trial Journal Article,0,1,,osf.io/eu4zt,False,"Data availability The datasets (for the univariate analyses + correlations of Δ values, and for the correlations of stress markers at T0) are provided in Supplementary Materials B and C and can be accessed with the following link https://osf.io/eu4zt/ ."
PMC10706409,38063519,10.3390/ijerph20237088,2023,International journal of environmental research and pub,Comparison of Single and Combined Treatment with Exercise Therapy and Collagen Supplementation on Early Knee Arthritis among Athletes-A Quasi-Randomized Trial,True,research-article Randomized Controlled Trial Journal Article,0,1,,osf.io/v6y9p,False,Data Availability Statement Available on OSF–DOI 10.17605/OSF.IO/V6Y9P.
PMC10464113,37635226,10.1186/s13018-023-04118-4,2023,Journal of orthopaedic surgery and research,A clinical model to predict the progression of knee osteoarthritis: data from Dryad,True,research-article Randomized Controlled Trial Journal Article,0,1,,10.5061/dryad.79cnp5htv,False,"Data Availability Statement The data that support the findings of this study are available in Dryad at 10.5061/dryad.79cnp5htv, reference number: 10.5061/dryad.79cnp5htv. These data were derived from the following resources available in the public domain: Goel, Sagar (2021), Assessment of cardiovascular risk factors in patients with Knee Osteoarthritis, Dryad, Dataset, 10.5061/dryad.79cnp5htv. The data that support the findings of this study are available in Dryad at 10.5061/dryad.79cnp5htv, reference number: 10.5061/dryad.79cnp5htv. These data were derived from the following resources available in the public domain: Goel, Sagar (2021), Assessment of cardiovascular risk factors in patients with Knee Osteoarthritis, Dryad, Dataset, 10.5061/dryad.79cnp5htv. The data that support the findings of this study are available in Dryad at 10.5061/dryad.79cnp5htv, reference number: 10.5061/dryad.79cnp5htv. These data were derived from the following resources available in the public domain: Goel, "
PMC10440905,37605171,10.1186/s12874-023-02012-5,2023,BMC medical research methodology,"Comparison of Bayesian Networks, G-estimation and linear models to estimate causal treatment effects in aggregated N-of-1 trials with carry-over effects",True,"Research Support, Non-U.S. Gov't research-article Randomized Controlle",2,0,github.com/hialab/cinof1 | github.com/hialab/sinot,,False,Availability of data and materials The data sets generated and analysed during the current study are available in the HIAlab/sinot repository at github.com/HIAlab/sinot . The R code and Python code used for the analysis in this study is available at GitHub: \documentclass[12pt]{minimal} \usepackage{amsmath} \usepackage{wasysym} \usepackage{amsfonts} \usepackage{amssymb} \usepackage{amsbsy} \usepackage{mathrsfs} \usepackage{upgreek} \setlength{\oddsidemargin}{-69pt} \begin{document}$$\bullet$$\end{document} ∙ R package for the statistical analysis: github.com/HIAlab/cinof1 \documentclass[12pt]{minimal} \usepackage{amsmath} \usepackage{wasysym} \usepackage{amsfonts} \usepackage{amssymb} \usepackage{amsbsy} \usepackage{mathrsfs} \usepackage{upgreek} \setlength{\oddsidemargin}{-69pt} \begin{document}$$\bullet$$\end{document} ∙ Python package for the data simulation: github.com/HIAlab/sinot
PMC10647179,37968687,10.1186/s12916-023-03146-5,2023,BMC medicine,The effects of creatine supplementation on cognitive performance-a randomised controlled study,True,"Research Support, Non-U.S. Gov't research-article Randomized Controlle",0,1,,osf.io/xpwkc,False,"Data Availability Statement The appendix, protocol, data, code, and output of this study are openly available at the Open Science Framework, https://osf.io/xpwkc/ . The appendix, protocol, data, code, and output of this study are openly available at the Open Science Framework, https://osf.io/xpwkc/ . The appendix, protocol, data, code, and output of this study are openly available at the Open Science Framework, https://osf.io/xpwkc/ ."
PMC9524650,36178946,10.1371/journal.pone.0274990,2022,PloS one,Ultrasound-guided dry needling versus traditional dry needling for patients with knee osteoarthritis: A double-blind randomized controlled trial,True,"Research Support, Non-U.S. Gov't research-article Randomized Controlle",0,1,,osf.io/sa7ym,False,Data Availability Statement The authors confirm that all data supporting the findings of this study and raw data can be accessed in the following data repository: https://osf.io/sa7ym/ . The exercise programme is published adherence to the TIDieR guide: http://www.tidierguide.org/#/gen/dHUwKw-7u . The authors confirm that all data supporting the findings of this study and raw data can be accessed in the following data repository: https://osf.io/sa7ym/ . The exercise programme is published adherence to the TIDieR guide: http://www.tidierguide.org/#/gen/dHUwKw-7u . The authors confirm that all data supporting the findings of this study and raw data can be accessed in the following data repository: https://osf.io/sa7ym/ . The exercise programme is published adherence to the TIDieR guide: http://www.tidierguide.org/#/gen/dHUwKw-7u .
PMC9178540,35681162,10.1186/s12891-022-05496-2,2022,BMC musculoskeletal disorders,Patients' and clinicians' experiences with stratified exercise therapy in knee osteoarthritis: a qualitative study,True,research-article Randomized Controlled Trial Journal Article,0,1,,osf.io/x3p94,False,Availability of data and materials The research protocol of the trial is accessible at the Netherlands National Trial Register ( https://www.trialregister.nl/trial/7463 ) and Open Science Framework ( https://osf.io/x3p94/ ). The datasets used and/or analysed during the current study available from the corresponding author on reasonable request.
PMC8830646,35143552,10.1371/journal.pone.0263574,2022,PloS one,Understanding how individualised physiotherapy or advice altered different elements of disability for people with low back pain using network analysis,True,"Research Support, Non-U.S. Gov't research-article Randomized Controlle",0,1,,10.5281/zenodo.5902763,False,All codes and results can be found on Zenodo (DOI: 10.5281/zenodo.5902763 ). All codes and results can be found on Zenodo (DOI: 10.5281/zenodo.5902763 ).
PMC9762591,36534683,10.1371/journal.pone.0279296,2022,PloS one,Dependence of learning outcomes in flipped and lecture classrooms on review questions: A randomized controlled trial and observational study,True,research-article Randomized Controlled Trial Journal Article Observati,0,1,,osf.io/qw4x9,False,The minimal anonymized data sets necessary to replicate our study findings are available at the following URL: https://osf.io/qw4x9/ . The minimal anonymized data sets necessary to replicate our study findings are available at the following URL: https://osf.io/qw4x9/ .
PMC9070885,35511876,10.1371/journal.pone.0267877,2022,PloS one,A comparison of psychological characteristics in people with knee osteoarthritis from Japan and Australia: A cross-sectional study,True,"Research Support, Non-U.S. Gov't research-article Randomized Controlle",0,1,,osf.io/8fzs7,False,Data Availability Statement The dataset file is available from the Open Science Framework database (URL: https://osf.io/8fzs7/ ). The dataset file is available from the Open Science Framework database (URL: https://osf.io/8fzs7/ ). The dataset file is available from the Open Science Framework database (URL: https://osf.io/8fzs7/ ).
PMC8318721,34312316,10.1136/thoraxjnl-2021-217382,2022,Thorax,A telerehabilitation programme in post-discharge COVID-19 patients (TERECO): a randomised controlled trial,True,"Equivalence Trial Research Support, Non-U.S. Gov't research-article Ra",0,1,,10.5061/dryad.59zw3r27n,False,"Data Availability Statement Anonymised patient-level data on which the analysis, results and conclusions reported in this paper are based are available as Dryad dataset. Reinhardt, Jan D. (2021), Telerehabilitation program for COVID-19 survivors (TERECO) - randomized controlled trial, Dryad, Dataset, https://doi.org/10.5061/dryad.59zw3r27n Anonymised patient-level data on which the analysis, results and conclusions reported in this paper are based are available as Dryad dataset. Reinhardt, Jan D. (2021), Telerehabilitation program for COVID-19 survivors (TERECO) - randomized controlled trial, Dryad, Dataset, https://doi.org/10.5061/dryad.59zw3r27n Anonymised patient-level data on which the analysis, results and conclusions reported in this paper are based are available as Dryad dataset. Reinhardt, Jan D. (2021), Telerehabilitation program for COVID-19 survivors (TERECO) - randomized controlled trial, Dryad, Dataset, https://doi.org/10.5061/dryad.59zw3r27n"
PMC9763767,36606118,10.12688/f1000research.75806.3,2022,F1000Research,Effect of Antigravity Treadmill Training on Gait and Balance in Patients with Diabetic Polyneuropathy: A Randomized Controlled Trial,True,"Research Support, Non-U.S. Gov't research-article Randomized Controlle",0,4,,figshare.com/s/10ee7a9d111b2c4487ee | figshare.com/s/15128a129f514ba02d92 | figshare.com/s/197dc8c07d05380056ea,False,Data availability Underlying data Figshare: Underlying data for ‘Effects of antigravity treadmill training on gait and balance in patients with diabetic polyneuropathy: A randomized controlled trial’. The project contains the following underlying data: • Demographic characteristics raw data: https://figshare.com/s/2990d265a8bea78e4c27 DOI: 10.6084/m9.figshare.17053808 • Gait parameters and postural stability: https://figshare.com/s/197dc8c07d05380056ea DOI: 10.6084/m9.figshare.17054036 • Flow chart of the study: https://figshare.com/s/15128a129f514ba02d92 DOI: 10.6084/m9.figshare.17054045 • Tables: https://figshare.com/s/10ee7a9d111b2c4487ee DOI: 10.6084/m9.figshare.17054057
PMC8996040,35396295,10.1136/bmjopen-2021-056503,2022,BMJ open,Influence of the statistical significance of results and spin on readers' interpretation of the results in an abstract for a hypothetical clinical trial: a randomised trial,True,research-article Randomized Controlled Trial Journal Article,0,1,,10.5061/dryad.0cfxpnw2z,False,"Data availability statement Data are available in a public, open access repository. Extra data can be accessed via the Dryad data repository at http://datadryad.org/ with the doi: 10.5061/dryad.0cfxpnw2z. Data are available in a public, open access repository. Extra data can be accessed via the Dryad data repository at http://datadryad.org/ with the doi: 10.5061/dryad.0cfxpnw2z."
PMC9122231,35594274,10.1371/journal.pone.0268646,2022,PloS one,Do patients' pre-treatment expectations about acupuncture effectiveness predict treatment outcome in patients with chronic low back pain? A secondary analysis of data from a randomised controlled clin,True,"Research Support, Non-U.S. Gov't research-article Randomized Controlle",0,1,,osf.io/rhju3,False,Data Availability Statement We will upload our data on OSF and provide the relevant data once the paper is accepted. We already created a link to OSF where the data will be then uploaded. https://osf.io/rhju3/?view_only=f16351c3ecb44dc5a22043df8429196f . We will upload our data on OSF and provide the relevant data once the paper is accepted. We already created a link to OSF where the data will be then uploaded. https://osf.io/rhju3/?view_only=f16351c3ecb44dc5a22043df8429196f . We will upload our data on OSF and provide the relevant data once the paper is accepted. We already created a link to OSF where the data will be then uploaded. https://osf.io/rhju3/?view_only=f16351c3ecb44dc5a22043df8429196f .
PMC9091228,35538056,10.1038/s41467-022-29968-0,2022,Nature communications,A randomized controlled trial for response of microbiome network to exercise and diet intervention in patients with nonalcoholic fatty liver disease,True,"Research Support, Non-U.S. Gov't research-article Randomized Controlle",1,0,github.com/crtsjtu/aelc,,False,Data availability The study protocol has been published previously (10.1186/1471-2458-14-48). The raw Illumina sequence data including 16 s rRNA sequence and metagenomics generated in this study have been deposited to the NCBI database under BioProject accession no. PRJNA757939 ( https://www.ncbi.nlm.nih.gov/bioproject/?term=PRJNA757939 ). The data is available for academic use under controlled access in compliance with the regulation of the Ministry of Science and Technology (MOST) of China for the deposit and use of human genomic data. All individual de-identified participant data that support the findings of this study are available from the corresponding author upon reasonable request based on the rule of data protection and consent. The access to the controlled data will be valid for one year from the time of the data accessibility approved. The processed data are available within the Source Data file. Code availability Codes used for computing population and individual networks a
PMC9046605,35497357,10.3389/fbioe.2022.890428,2022,Frontiers in bioengineering and biotechnology,Effects of Foot-Core Training on Foot-Ankle Kinematics and Running Kinetics in Runners: Secondary Outcomes From a Randomized Controlled Trial,True,research-article Journal Article,0,1,,figshare.com/search,False,Data Availability Statement The original contributions presented in the study are publicly available. This data can be found here: https://figshare.com/search?q =10.6084%2Fm9.figshare.13484715. The original contributions presented in the study are publicly available. This data can be found here: https://figshare.com/search?q =10.6084%2Fm9.figshare.13484715. The original contributions presented in the study are publicly available. This data can be found here: https://figshare.com/search?q =10.6084%2Fm9.figshare.13484715.
PMC9436038,36048793,10.1371/journal.pone.0273451,2022,PloS one,Loaded inter-set stretch may selectively enhance muscular adaptations of the plantar flexors,True,"Research Support, Non-U.S. Gov't research-article Randomized Controlle",0,1,,osf.io/mtw6q,False,Data Availability Statement The data for this study are available from the OSF preregistration page ( https://osf.io/mtw6q ). The data for this study are available from the OSF preregistration page ( https://osf.io/mtw6q ). The data for this study are available from the OSF preregistration page ( https://osf.io/mtw6q ).
PMC7829773,33477316,10.3390/ijerph18020753,2021,International journal of environmental research and pub,Effects of the Manual Therapy Approach of Segments C0-1 and C2-3 in the Flexion-Rotation Test in Patients with Chronic Neck Pain: A Randomized Controlled Trial,True,research-article Randomized Controlled Trial Journal Article,0,1,,dataverse.harvard.edu/dataset.xhtml,False,Data Availability Statement You can find all the data from this study in the “HARVARD Dataverse” using the following link: https://dataverse.harvard.edu/dataset.xhtml?persistentId=doi:10.7910/DVN/XYOQDR&amp;version=DRAFT . You can find all the data from this study in the “HARVARD Dataverse” using the following link: https://dataverse.harvard.edu/dataset.xhtml?persistentId=doi:10.7910/DVN/XYOQDR&amp;version=DRAFT . You can find all the data from this study in the “HARVARD Dataverse” using the following link: https://dataverse.harvard.edu/dataset.xhtml?persistentId=doi:10.7910/DVN/XYOQDR&amp;version=DRAFT .
PMC8248609,34197486,10.1371/journal.pone.0251652,2021,PloS one,Home-based exercise for people living with frailty and chronic kidney disease: A mixed-methods pilot randomised controlled trial,True,"Research Support, Non-U.S. Gov't research-article Randomized Controlle",0,1,,10.5061/dryad.3ffbg79hp,False,The anonymised data set files are available from Dryad (DOI: 10.5061/dryad.3ffbg79hp ). The anonymised data set files are available from Dryad (DOI: 10.5061/dryad.3ffbg79hp ).
PMC8318294,34319971,10.1371/journal.pmed.1003711,2021,PLoS medicine,"Impact of assessment and intervention by a health and social care professional team in the emergency department on the quality, safety, and clinical effectiveness of care for older adults: A randomise",True,"Research Support, Non-U.S. Gov't research-article Randomized Controlle",0,1,,osf.io/5wpjm,False,Data Availability Statement The data used in this study are available on the Open Science Framework at the public link https://osf.io/5wpjm/ . The data used in this study are available on the Open Science Framework at the public link https://osf.io/5wpjm/ . The data used in this study are available on the Open Science Framework at the public link https://osf.io/5wpjm/ .
PMC8057582,33878107,10.1371/journal.pone.0248110,2021,PloS one,The SIMAC study: A randomized controlled trial to compare the effects of resistance training and aerobic training on the fitness and body composition of Colombian adolescents,True,"Research Support, Non-U.S. Gov't research-article Randomized Controlle",0,1,,10.5061/dryad.bk3j9kd9q,False,The data underlying this study are publicly available at the Dryad repository: https://doi.org/10.5061/dryad.bk3j9kd9q The data underlying this study are publicly available at the Dryad repository: https://doi.org/10.5061/dryad.bk3j9kd9q
PMC8022322,33824131,10.1136/bmj.n740,2021,BMJ (Clinical research ed.),E-health StandingTall balance exercise for fall prevention in older people: results of a two year randomised controlled trial,True,"Research Support, Non-U.S. Gov't research-article Randomized Controlle",0,1,,osf.io/42gje,False,Data Availability Statement Deidentified participant data may be accessed by researchers who provide a methodologically sound proposal. Proposals should be directed to KD (k.delbaere@neura.edu.au) and data are available from the date of publication of this article. The study protocol is available as a free access publication 8 and the statistical analysis plan is available on OpenScience framework ( https://osf.io/42gje/ ). Deidentified participant data may be accessed by researchers who provide a methodologically sound proposal. Proposals should be directed to KD (k.delbaere@neura.edu.au) and data are available from the date of publication of this article. The study protocol is available as a free access publication 8 and the statistical analysis plan is available on OpenScience framework ( https://osf.io/42gje/ ). Deidentified participant data may be accessed by researchers who provide a methodologically sound proposal. Proposals should be directed to KD (k.delbaere@neura.edu.au) and
PMC8488696,34544853,10.1073/pnas.2026676118,2021,Proceedings of the National Academy of Sciences of the ,Critical Period After Stroke Study (CPASS): A phase II clinical trial testing an optimal time for motor recovery after stroke in humans,True,"Clinical Trial, Phase II Research Support, Non-U.S. Gov't research-art",0,1,,osf.io/wrk3x,False,"Data Availability Anonymized data have been deposited in Open Science Framework ( https://osf.io/wrk3x/ ). To observe HIPAA protections for human subject information, click to request access to the dataset. Access will be granted by the corresponding author. Anonymized data have been deposited in Open Science Framework ( https://osf.io/wrk3x/ ). To observe HIPAA protections for human subject information, click to request access to the dataset. Access will be granted by the corresponding author."
PMC8071399,33921105,10.3390/ijerph18084207,2021,International journal of environmental research and pub,Effects of a Rehabilitation Programme Using a Nasal Inspiratory Restriction Device in COPD,True,research-article Randomized Controlled Trial Journal Article,1,0,github.com/jorgedelro/copd,,False,Data Availability Statement The dataset analyzed in this study can be found in https://github.com/JorgeDelro/COPD (accessed on 7 January 2021).
PMC8198819,34070842,10.3390/jcm10112432,2021,Journal of clinical medicine,"Effectiveness of Moderate-Intensity Aerobic Water Exercise during Pregnancy on Quality of Life and Postpartum Depression: A Multi-Center, Randomized Controlled Trial",True,research-article Journal Article,0,1,,10.5281/zenodo.3580637,False,Data Availability Statement Data presented in this study are available on request from the corresponding author. An anonymized minimal dataset is available ( https://doi.org/10.5281/zenodo.3580637 ).
PMC8133415,34010275,10.1371/journal.pone.0245311,2021,PloS one,Effect of an inverted seated position with upper arm blood flow restriction on measures of elbow flexors neuromuscular performance,True,"Research Support, Non-U.S. Gov't research-article Randomized Controlle",0,1,,osf.io/tzm4b,False,Data Availability Statement All data is available from the Open Science Framework (DOI: 10.17605/OSF.IO/TZM4B ). All data is available from the Open Science Framework (DOI: 10.17605/OSF.IO/TZM4B ). All data is available from the Open Science Framework (DOI: 10.17605/OSF.IO/TZM4B ).
PMC8077152,33274816,10.1111/hex.13161,2021,Health expectations : an international journal of publi,The impact of a physician's recommendation and gender on informed decision making: A randomized controlled study in a simulated decision situation,True,"Research Support, Non-U.S. Gov't research-article Randomized Controlle",0,1,,osf.io/y467e,False,Data Availability Statement The data that support the findings of this study are available from osf.io/y467e. 55 The data that support the findings of this study are available from osf.io/y467e. 55 The data that support the findings of this study are available from osf.io/y467e. 55
PMC7187154,31778291,10.1002/pri.1819,2020,Physiotherapy research international : the journal for ,Stratified exercise therapy compared with usual care by physical therapists in patients with knee osteoarthritis: A randomized controlled trial protocol (OCTOPuS study),True,Clinical Trial Protocol research-article Journal Article,0,2,,dataverse.nl/dataverse/beta | osf.io/x3p94,False,Data Availability Statement The datasets generated and/or analysed during the current study will be available in the Dataverse repository ( https://dataverse.nl/dataverse/BETA ). The research protocol is accessible at the Netherlands National Trial Register ( https://www.trialregister.nl/trial/7463 ) and Open Science Framework ( https://osf.io/x3p94/ ). The datasets generated and/or analysed during the current study will be available in the Dataverse repository ( https://dataverse.nl/dataverse/BETA ). The research protocol is accessible at the Netherlands National Trial Register ( https://www.trialregister.nl/trial/7463 ) and Open Science Framework ( https://osf.io/x3p94/ ). The datasets generated and/or analysed during the current study will be available in the Dataverse repository ( https://dataverse.nl/dataverse/BETA ). The research protocol is accessible at the Netherlands National Trial Register ( https://www.trialregister.nl/trial/7463 ) and Open Science Framework ( https://osf.i
PMC7757494,33371023,10.1136/bmjopen-2020-040108,2020,BMJ open,Can an online exercise prescription tool improve adherence to home exercise programmes in children with cerebral palsy and other neurodevelopmental disabilities? A randomised controlled trial,True,"Research Support, Non-U.S. Gov't research-article Randomized Controlle",0,1,,osf.io/7m3ta,False,"De-identified data are available upon request from the corresponding author ( rowan.johnson@postgrad.curtin.edu.au ), noting that requestors will need to sign a data access agreement. The study protocol is available online (see https://osf.io/7m3ta/ )."
PMC7447006,32841300,10.1371/journal.pone.0237921,2020,PloS one,"An age-adapted plyometric exercise program improves dynamic strength, jump performance and functional capacity in older men either similarly or more than traditional resistance training",True,"Research Support, Non-U.S. Gov't research-article Randomized Controlle",0,1,,osf.io/fqph4,False,All data files are available at https://osf.io/fqph4/ . All data files are available at https://osf.io/fqph4/ .
PMC6668791,31365565,10.1371/journal.pone.0220110,2019,PloS one,Evaluation of the clinical effectiveness of a work-based mentoring programme to develop clinical reasoning on patient outcome: A stepped wedge cluster randomised controlled trial,True,research-article Randomized Controlled Trial Journal Article,0,1,,figshare.com/s/cbd137213b638b69a2d0,False,Data Availability Statement All data files are available from the figshare database ( https://figshare.com/s/cbd137213b638b69a2d0 ). All data files are available from the figshare database ( https://figshare.com/s/cbd137213b638b69a2d0 ). All data files are available from the figshare database ( https://figshare.com/s/cbd137213b638b69a2d0 ).
PMC6733445,31498799,10.1371/journal.pmed.1002897,2019,PLoS medicine,The Fear Reduction Exercised Early (FREE) approach to management of low back pain in general practice: A pragmatic cluster-randomised controlled trial,True,"Research Support, Non-U.S. Gov't research-article Multicenter Study Pr",0,2,,10.5061/dryad.4t375b2 | datadryad.org/review,False,Data Availability Statement Data are deposited in the Dryad repository: https://datadryad.org/review?doi=doi:10.5061/dryad.4t375b2 Data are deposited in the Dryad repository: https://datadryad.org/review?doi=doi:10.5061/dryad.4t375b2 Data are deposited in the Dryad repository: https://datadryad.org/review?doi=doi:10.5061/dryad.4t375b2
PMC6886967,31753866,10.1136/bmjopen-2018-028252,2019,BMJ open,"Effects of supervised exercise training during pregnancy on psychological well-being among overweight and obese women: secondary analyses of the ETIP-trial, a randomised controlled trial",True,"Research Support, Non-U.S. Gov't research-article Randomized Controlle",0,1,,10.5061/dryad.pvmcvdng6,False,"Data file are being available in Dryad, doi:10.5061/dryad.pvmcvdng6."
PMC5571970,28841667,10.1371/journal.pone.0182630,2017,PloS one,The effects of d-aspartic acid supplementation in resistance-trained men over a three month training period: A randomised controlled trial,True,research-article Randomized Controlled Trial Journal Article,0,1,,figshare.com/articles/the_effects_of_d-aspartic_acid_supplementation_in_resistance-trained_men_over_a_three_month_training_period/5280592,False,Data Availability Statement The study was approved by the Western Sydney University Human Research Ethics Committee and data are ethically restricted to statistical reporting for reasons relating to patient privacy. Relevant data can be found in the Figshare Repository at the following URL: https://figshare.com/articles/The_effects_of_d-aspartic_acid_supplementation_in_resistance-trained_men_over_a_three_month_training_period/5280592 . The DOI is 10.6084/m9.figshare.5280592 . The study was approved by the Western Sydney University Human Research Ethics Committee and data are ethically restricted to statistical reporting for reasons relating to patient privacy. Relevant data can be found in the Figshare Repository at the following URL: https://figshare.com/articles/The_effects_of_d-aspartic_acid_supplementation_in_resistance-trained_men_over_a_three_month_training_period/5280592 . The DOI is 10.6084/m9.figshare.5280592 . The study was approved by the Western Sydney University Human Rese
PMC5367686,28346472,10.1371/journal.pone.0172003,2017,PloS one,Can group-based reassuring information alter low back pain behavior? A cluster-randomized controlled trial,True,research-article Randomized Controlled Trial Journal Article,0,1,,figshare.com/articles/data_rct_pf_xlsx/4506164,False,"I have now signed in at Figshare and published a data file with the data used to produce our results available to all. By following this URL, you will find the data set: https://figshare.com/articles/Data_RCT_PF_xlsx/4506164 . I have now signed in at Figshare and published a data file with the data used to produce our results available to all. By following this URL, you will find the data set: https://figshare.com/articles/Data_RCT_PF_xlsx/4506164 ."
PMC5581414,28865441,10.1186/s12891-017-1740-9,2017,BMC musculoskeletal disorders,Predicting outcome in frozen shoulder (shoulder capsulitis) in presence of comorbidity as measured with subjective health complaints and neuroticism,True,research-article Randomized Controlled Trial Journal Article,0,1,,osf.io/a4ba9,False,Link for anonymized data https://osf.io/a4ba9/files/.
PMC4811411,27023901,10.1371/journal.pone.0149466,2016,PloS one,Early Sitting in Ischemic Stroke Patients (SEVEL): A Randomized Controlled Trial,True,research-article Randomized Controlled Trial Journal Article,0,1,,10.5061/dryad.jh15q,False,Data Availability Statement All relevant data are available from Dryad with the following DOI: doi: 10.5061/dryad.jh15q . All relevant data are available from Dryad with the following DOI: doi: 10.5061/dryad.jh15q . All relevant data are available from Dryad with the following DOI: doi: 10.5061/dryad.jh15q .
PMC4880881,27229470,10.1186/s12891-016-1081-0,2016,BMC musculoskeletal disorders,"Adhesive capsulitis of the shoulder, treatment with corticosteroid, corticosteroid with distension or treatment-as-usual; a randomised controlled trial in primary care",True,"Comparative Study Research Support, Non-U.S. Gov't research-article Ra",0,1,,osf.io/4xvru,False,The clinical raw data file is available at: https://osf.io/4xvru/ .
PMC5015224,27604193,10.1186/s12917-016-0826-1,2016,BMC veterinary research,Effect of intralesional platelet-rich plasma (PRP) treatment on clinical and ultrasonographic parameters in equine naturally occurring superficial digital flexor tendinopathies - a randomized prospect,True,research-article Randomized Controlled Trial Journal Article,0,1,,figshare.com/s/908fa4cad9e0ee828371,False,"The datasets supporting the conclusions of this article are available in the figshare repository, https://figshare.com/s/908fa4cad9e0ee828371 ."
PMC4891923,27274715,10.1186/s12970-016-0135-x,2016,Journal of the International Society of Sports Nutritio,"The effects of phosphatidic acid supplementation on strength, body composition, muscular endurance, power, agility, and vertical jump in resistance trained men",True,research-article Randomized Controlled Trial Journal Article,0,1,,osf.io/6zecp,False,Raw data can for this manuscript can be found at https://osf.io/6zecp/ .
PMC4573757,26375471,10.1371/journal.pone.0137742,2015,PloS one,A 12-Week Exercise Program for Pregnant Women with Obesity to Improve Physical Activity Levels: An Open Randomised Preliminary Study,True,"Comparative Study Research Support, Non-U.S. Gov't research-article Ra",0,1,,10.5061/dryad.87f03,False,"Data Availability Statement Data from the ""Inter GO FIT"" study are available from the Dryad Digital Repository (URL http://dx.doi.org/10.5061/dryad.87f03 ). Data from the ""Inter GO FIT"" study are available from the Dryad Digital Repository (URL http://dx.doi.org/10.5061/dryad.87f03 ). Data from the ""Inter GO FIT"" study are available from the Dryad Digital Repository (URL http://dx.doi.org/10.5061/dryad.87f03 )."
PMC4657923,26600201,10.1371/journal.pone.0142726,2015,PloS one,Musculoskeletal Pain as a Marker of Health Quality. Findings from the Epidemiological Sleep Study among the Adult Population of São Paulo City,True,"Research Support, Non-U.S. Gov't research-article Randomized Controlle",0,1,,10.5061/dryad.2gd62,False,"Data are from the epidemiological cohort entitled “Epidemiology of Sleep Disturbances Among the Adult Population of the Sao Paulo City”, which is registered at ClinicalTrials.gov as NCT00596713 . Repository information for data at doi: 10.5061/dryad.2gd62 . Data are from the epidemiological cohort entitled “Epidemiology of Sleep Disturbances Among the Adult Population of the Sao Paulo City”, which is registered at ClinicalTrials.gov as NCT00596713 . Repository information for data at doi: 10.5061/dryad.2gd62 ."
PMC13149676,42110841,10.4102/sajp.v82i2.2304,2026,The South African journal of physiotherapy,Shoulder pain in amateur fast bowlers: A case example illustrating opportunities to embed prevention in undergraduate physiotherapy education,False,research-article Journal Article,0,1,,figshare.com/s/e064dd01738496711647,False,"Data Availability Statement The data that support the findings of this study are openly available in the FigShare repository of the University of Pretoria at https://figshare.com/s/e064dd01738496711647 , reference number: https://doi.org/10.25403/UPresearchdata.30145819 . The data that support the findings of this study are openly available in the FigShare repository of the University of Pretoria at https://figshare.com/s/e064dd01738496711647 , reference number: https://doi.org/10.25403/UPresearchdata.30145819 . The data that support the findings of this study are openly available in the FigShare repository of the University of Pretoria at https://figshare.com/s/e064dd01738496711647 , reference number: https://doi.org/10.25403/UPresearchdata.30145819 ."
PMC13076858,41775918,10.1038/s43856-026-01486-w,2026,Communications medicine,Increased physical performance after personalised physiotherapy and nutritional counselling in adults with post-COVID-19 condition: a feasibility randomised trial,False,research-article Journal Article,0,1,,osf.io/86jvu,False,"Data availability The minimal, de-identified individual participant data sufficient to support the findings of this article is available for non-commercial research purposes upon reasonable request to the corresponding author (E.D.W.), after approval by the Belgian Health Care Knowledge Centre and in compliance with applicable data protection regulations. The numerical results underlying the Figs. 2 – 5 and Supplementary Figs. 1 – 4 are available through Open Science Framework (OSF) at 10.17605/OSF.IO/86JVU 130 under a Creative Commons Attribution–Non-commercial 4.0 International License (CC BY-NC 4.0). Code availability The code for Figs. 2 – 5 and Supplementary Figs. 1 – 4 , are available through OSF at 10.17605/OSF.IO/86JVU 130 under a Creative Commons Attribution–Non-commercial 4.0 International License (CC BY-NC 4.0)."
PMC12987460,41824404,10.1371/journal.pone.0343934,2026,PloS one,Non-immersive virtual reality telerehabilitation for motor accuracy and precision in individuals with Cerebral Palsy: A non-randomized clinical trial,False,Clinical Trial research-article Journal Article,0,1,,10.5281/zenodo.17468973,False,"Data Availability Statement All data from this research are publicly available. Silva PL, Valenzuela EJ, Martinez JP, Silva-Magalhães TD, Moraes IAP, Dawes H, Dias ED, Monteiro CBM. Dataset for Non-immersive virtual reality as a telerehabilitation protocol on precision and accuracy performance in individuals with cerebral palsy: a non-randomized controlled clinical trial, Zenodo.2025; V1. https://doi.org/10.5281/zenodo.17468973 . All data from this research are publicly available. Silva PL, Valenzuela EJ, Martinez JP, Silva-Magalhães TD, Moraes IAP, Dawes H, Dias ED, Monteiro CBM. Dataset for Non-immersive virtual reality as a telerehabilitation protocol on precision and accuracy performance in individuals with cerebral palsy: a non-randomized controlled clinical trial, Zenodo.2025; V1. https://doi.org/10.5281/zenodo.17468973 . All data from this research are publicly available. Silva PL, Valenzuela EJ, Martinez JP, Silva-Magalhães TD, Moraes IAP, Dawes H, Dias ED, Monteiro CBM. Datase"
PMC12987000,41829400,10.3390/s26051438,2026,"Sensors (Basel, Switzerland)",Robot-Assisted Gait Training Combined with Conventional Physiotherapy in Postoperative Patients with Diplegic Cerebral Palsy: A Pilot Single Cohort Observational Study,False,research-article Journal Article Observational Study,0,1,,10.5281/zenodo.15083648,False,Data Availability Statement The data that support the findings of this study are openly available as of the date of publication on Zenodo at https://doi.org/10.5281/zenodo.15083648 (accessed on 25 March 2025). The data that support the findings of this study are openly available as of the date of publication on Zenodo at https://doi.org/10.5281/zenodo.15083648 (accessed on 25 March 2025). The data that support the findings of this study are openly available as of the date of publication on Zenodo at https://doi.org/10.5281/zenodo.15083648 (accessed on 25 March 2025).
PMC12966549,41787943,10.1177/14799731261431253,2026,Chronic respiratory disease,The characteristics of people with COPD who enrol in home-based pulmonary rehabilitation versus centre-based pulmonary rehabilitation: A nationwide cross-sectional study,False,Comparative Study research-article Journal Article,1,0,github.com/nhli-respiratory-epi/home_based_centre_based_pr,,False,Data Availability Statement Data may be obtained from a third party and are not publicly available. Data collected on behalf of Healthcare Quality Improvement Partnership (HQIP) by all National Clinical Audit and Patient Outcomes Programme (NCAPOP) projects are routinely reported at an aggregate level and these reports are available in the resources section of the HQIP website ( https://www.hqip.org.uk/resources/ ). The reported data are also placed on the data.gov.uk website. The R scripts used to perform the analysis can be found at https://github.com/NHLI-Respiratory-Epi/home_based_centre_based_PR . Data may be obtained from a third party and are not publicly available. Data collected on behalf of Healthcare Quality Improvement Partnership (HQIP) by all National Clinical Audit and Patient Outcomes Programme (NCAPOP) projects are routinely reported at an aggregate level and these reports are available in the resources section of the HQIP website ( https://www.hqip.org.uk/resources/ )
PMC13177883,42062688,10.1186/s13561-026-00768-2,2026,Health economics review,Cost-effectiveness analysis of intensive and emerging rehabilitation therapies in children with cerebral palsy: an observational cohort study using real-world evidence and microsimulation modelling,False,research-article Journal Article,1,0,github.com/diana-mnd1996/microsimulation-cerebralpalsy,,False,"Data Availability Statement Data from this study are available upon special and justified request through the lead author to the institution holding the data (Hospital Universitario de Navarra). This process is need because anonymized records for individual patients across more than one data source external to EPCINA cannot, and should not, be linked owing to a potential increase in risk of patient re-identification. A full version of the R codes used for each microsimulation decision model can be found in Supplementary material appendices and on GitHub. All the code together can be found in this README file: https://github.com/Diana-MND1996/microsimulation-cerebralpalsy/blob/f9d1942caa610a9020bbb943b79ea243c00e7c56/README.md . Data from this study are available upon special and justified request through the lead author to the institution holding the data (Hospital Universitario de Navarra). This process is need because anonymized records for individual patients across more than one da"
PMC13082714,41984927,10.1371/journal.pone.0347056,2026,PloS one,Validating the 2-minute walk test MCID for subacute stroke patients: A Pakistani multicenter cohort analysis,False,research-article Validation Study Multicenter Study Journal Article,0,1,,figshare.com/articles/figure/_b_determining_the_minimally_clinically_important_difference_of_the_2-minute_walk_test_in_individuals_with_subacute_stroke_a_multicenter_cohort_study_b_/29484728,False,Data Availability Statement The data underlying the results presented in the study are available from Figshare: https://figshare.com/articles/figure/_b_Determining_the_Minimally_Clinically_Important_Difference_of_the_2-Minute_Walk_Test_in_Individuals_with_Subacute_Stroke_A_Multicenter_Cohort_Study_b_/29484728 . The data underlying the results presented in the study are available from Figshare: https://figshare.com/articles/figure/_b_Determining_the_Minimally_Clinically_Important_Difference_of_the_2-Minute_Walk_Test_in_Individuals_with_Subacute_Stroke_A_Multicenter_Cohort_Study_b_/29484728 . The data underlying the results presented in the study are available from Figshare: https://figshare.com/articles/figure/_b_Determining_the_Minimally_Clinically_Important_Difference_of_the_2-Minute_Walk_Test_in_Individuals_with_Subacute_Stroke_A_Multicenter_Cohort_Study_b_/29484728 .
PMC12218422,40495635,10.1080/17581869.2025.2515010,2025,Pain management,"A multimodal intervention of manual therapy, exercise, and psychological management for painful diabetic neuropathy: intervention development and feasibility trial protocol",False,Clinical Trial Protocol research-article Journal Article,0,1,,osf.io/jyftb,False,"Data Availability Statement A full protocol and SAP were registered on the Open Science Framework ( https://osf.io/jyftb ). The final, anonymized dataset of the feasibility RCT will also be shared on OSF.io. A full protocol and SAP were registered on the Open Science Framework ( https://osf.io/jyftb ). The final, anonymized dataset of the feasibility RCT will also be shared on OSF.io. A full protocol and SAP were registered on the Open Science Framework ( https://osf.io/jyftb ). The final, anonymized dataset of the feasibility RCT will also be shared on OSF.io."
PMC12533888,41105645,10.1371/journal.pone.0334713,2025,PloS one,Effects of different physical therapy training protocols on patients with idiopathic scoliosis: Short-term results,False,research-article Journal Article Observational Study,0,1,,figshare.com/articles/dataset/scolio_data_xlsx/28424249,False,Data Availability Statement All relevant data are within the manuscript and its Supporting information files. All scolio data files are available from the figshare database (DOI:10.6084/m9.figshare.28424249). https://figshare.com/articles/dataset/scolio_data_xlsx/28424249?file=52381676 . All relevant data are within the manuscript and its Supporting information files. All scolio data files are available from the figshare database (DOI:10.6084/m9.figshare.28424249). https://figshare.com/articles/dataset/scolio_data_xlsx/28424249?file=52381676 . All relevant data are within the manuscript and its Supporting information files. All scolio data files are available from the figshare database (DOI:10.6084/m9.figshare.28424249). https://figshare.com/articles/dataset/scolio_data_xlsx/28424249?file=52381676 .
PMC12306270,40734757,10.1136/bmjsem-2025-002717,2025,BMJ open sport & exercise medicine,Effects of resistance training intensity on the cardiovascular health of postmenopausal women with hypertension: a study protocol for the LOAD trial,False,research-article Journal Article,0,1,,osf.io/nbjcq,False,"Data availability statement No data are available. No data are available. There are no data available yet, as this article is a study protocol. However, a page has already been created where the data will be deposited for third-party access: https://osf.io/nbjcq/ ."
PMC12757406,41487518,10.3389/fphar.2025.1657065,2025,Frontiers in pharmacology,"Effects and safety of a CBD-rich &lt;i&gt;Cannabis sativa&lt;/i&gt; oil in knee osteoarthritis: a double-blind, randomized, placebo-controlled trial - CANOA - cannabis for osteoarthritis",False,Clinical Trial research-article Journal Article,0,1,,data.mendeley.com/datasets/fw6bftyrf2/2,False,"Data availability statement All data from this trial are publicly available in the Mendeley Repository, doi: 10.17632/fw6bftyrf2.2 . Available at: https://data.mendeley.com/datasets/fw6bftyrf2/2 . All data from this trial are publicly available in the Mendeley Repository, doi: 10.17632/fw6bftyrf2.2 . Available at: https://data.mendeley.com/datasets/fw6bftyrf2/2 ."
PMC12525571,41097211,10.3390/nu17193134,2025,Nutrients,Impact of Nutritional Status on Clinical Outcomes of Patients Undergoing PRGF Treatment for Knee Osteoarthritis-A Prospective Observational Study,False,research-article Journal Article Observational Study,0,1,,osf.io/hrcym,False,Data Availability Statement The protocol was prospectively registered with Clinicaltrials.gov (Identifier number NCT05546541 ). The datasets presented in this study can be found in online repositories with link: https://osf.io/hrcym/?view_only=9ba99de8cad14d8ca72d5f11c455a6b2 (accessed on 28 September 2025). The protocol was prospectively registered with Clinicaltrials.gov (Identifier number NCT05546541 ). The datasets presented in this study can be found in online repositories with link: https://osf.io/hrcym/?view_only=9ba99de8cad14d8ca72d5f11c455a6b2 (accessed on 28 September 2025). The protocol was prospectively registered with Clinicaltrials.gov (Identifier number NCT05546541 ). The datasets presented in this study can be found in online repositories with link: https://osf.io/hrcym/?view_only=9ba99de8cad14d8ca72d5f11c455a6b2 (accessed on 28 September 2025).
PMC12708264,41416079,10.3389/fmed.2025.1735444,2025,Frontiers in medicine,Exercise-responsive circTSN as a potential systemic biomarker during COPD rehabilitation,False,brief-report Journal Article,0,1,,zenodo.org/records/17427212,False,Data availability statement Raw and processed RNA sequencing data generated in this study have been deposited in the NCBI Gene Expression Omnibus GSE235174 . De-identified CT and ultrasound imaging data supporting this work have been deposited in Zenodo ( https://zenodo.org/records/17427212 ). Raw and processed RNA sequencing data generated in this study have been deposited in the NCBI Gene Expression Omnibus GSE235174 . De-identified CT and ultrasound imaging data supporting this work have been deposited in Zenodo ( https://zenodo.org/records/17427212 ).
PMC11849177,39994637,10.1186/s12984-025-01573-4,2025,Journal of neuroengineering and rehabilitation,Telerehabilitation for visual field defects with a multisensory training: a feasibility study,False,Clinical Trial research-article Journal Article,0,1,,10.5281/zenodo.13335206,False,Data Availability Statement The datasets generated and analyzed during the current study are available on Zenodo: https://doi.org/ 10.5281/zenodo.13335206. Datasets are accessible under request because they include sensitive information. Please write your request to the corresponding author. The datasets generated and analyzed during the current study are available on Zenodo: https://doi.org/ 10.5281/zenodo.13335206. Datasets are accessible under request because they include sensitive information. Please write your request to the corresponding author. The datasets generated and analyzed during the current study are available on Zenodo: https://doi.org/ 10.5281/zenodo.13335206. Datasets are accessible under request because they include sensitive information. Please write your request to the corresponding author.
PMC12465110,41020178,10.1093/braincomms/fcaf344,2025,Brain communications,More than chronic pain: behavioural and psychosocial protective factors predict lower brain age in adults with/at risk of knee osteoarthritis over two years,False,research-article Journal Article,2,0,github.com/tannerjared/deepbrainnet | github.com/tannerjared/protectivebag,,False,Data Availability Statement The data supporting the findings of this study can be obtained from the corresponding author upon reasonable request. DeepBrainNet Python code used is available here: https://github.com/tannerjared/DeepBrainNet . The R code used for statistical analyses is available here: https://github.com/tannerjared/ProtectiveBAG . The data supporting the findings of this study can be obtained from the corresponding author upon reasonable request. DeepBrainNet Python code used is available here: https://github.com/tannerjared/DeepBrainNet . The R code used for statistical analyses is available here: https://github.com/tannerjared/ProtectiveBAG . The data supporting the findings of this study can be obtained from the corresponding author upon reasonable request. DeepBrainNet Python code used is available here: https://github.com/tannerjared/DeepBrainNet . The R code used for statistical analyses is available here: https://github.com/tannerjared/ProtectiveBAG .
PMC12483613,41031896,10.1172/jci188620,2025,The Journal of clinical investigation,Circadian rhythmicity and biopsychosocial characteristics influence opioid use in chronic low back pain,False,"Clinical Trial Research Support, Non-U.S. Gov't research-article Journ",1,0,github.com/computationalgenomicslaboratory/clbphum,,False,"Data Availability Statement RNA sequencing data are available in GEO for the CLBP main cohort ( GSE295758 ) and for the LBP cohort ( GSE177034 ). Values for all data points in graphs are reported in the Supporting Data Values file. Additional information, raw data, and materials are available upon reasonable request. No custom code was used to generate or process the data. However, scripts used to analyze the RNA sequencing data are available at https://github.com/ComputationalGenomicsLaboratory/clbpHum (commit ID 87e3368). RNA sequencing data are available in GEO for the CLBP main cohort ( GSE295758 ) and for the LBP cohort ( GSE177034 ). Values for all data points in graphs are reported in the Supporting Data Values file. Additional information, raw data, and materials are available upon reasonable request. RNA sequencing data are available in GEO for the CLBP main cohort ( GSE295758 ) and for the LBP cohort ( GSE177034 ). Values for all data points in graphs are reported in the Supp"
PMC12666221,41314848,10.1136/bmjopen-2024-096482,2025,BMJ open,"Large cohort study of postnatal events over 18 months in a not-for-profit referral centre in Vellore, South India",False,research-article Journal Article,0,1,,datadryad.org/share/rp7l2usft7wfb2gmjkbndpo3vubgm9oxwsqvbrcl8yo,False,"Data availability statement Data are available in a public, open access repository. Data are available in a public, open access repository. Mathews, Jiji; Abraham, Nitin; ND, Varunashree et al. (Forthcoming 2025). ‘A large cohort study of postnatal events over 18 months in a not-for-profit referral centre in Vellore, South India’[Dataset].Dryad. http://datadryad.org/share/RP7L2uSft7wFB2gmJkBnDPO3VubGm9oxWsqVbrcl8Yo ."
PMC12116846,40425577,10.1038/s41467-025-60158-w,2025,Nature communications,On-chip 3D potency assay for prediction of clinical outcomes for cell therapy candidates for osteoarthritis,False,"Clinical Trial, Phase III research-article Multicenter Study Journal A",1,0,github.com/bhavaygg/bmac,,False,"Data availability All data related to this paper are contained in the article, the Supplementary Information , and the Source Data file. Source data are provided with this paper. Code availability The script for Fig. 5 can be found at https://github.com/bhavaygg/BMAC ."
PMC11747865,39839579,10.1002/hsr2.70353,2025,Health science reports,Psychometric Validation of the German Version of the Rapid Assessment of Physical Activity (RAPA): A Secondary Analysis of Cross-Sectional Survey Data,False,research-article Journal Article,0,1,,osf.io/hcvfm,False,Data Availability Statement All data are available from the Open Science Framework (OSF) database at DOI 10.17605/OSF.IO/HCVFM . All data are available from the Open Science Framework (OSF) database at DOI 10.17605/OSF.IO/HCVFM . All data are available from the Open Science Framework (OSF) database at DOI 10.17605/OSF.IO/HCVFM .
PMC12249818,40648866,10.3390/jcm14134493,2025,Journal of clinical medicine,Night-Time Bracing Can Reduce Pain in Adults with Scoliosis: Six-Month Results of a Retrospective Controlled Study,False,research-article Journal Article,0,1,,10.5281/zenodo.14979410,False,Data Availability Statement Data are available at https://doi.org/10.5281/zenodo.14979410 .
PMC12147358,40490782,10.1186/s13102-025-01193-4,2025,"BMC sports science, medicine & rehabilitation",Exercise interventions in patients with multiple myeloma: a scoping review,False,research-article Journal Article,0,1,,osf.io/udwm4,False,Data Availability Statement Sequence data that support the findings of this study have been deposited in the Open Science Framework with the primary accession code: 10.17605/OSF.IO/UDWM4. Sequence data that support the findings of this study have been deposited in the Open Science Framework with the primary accession code: 10.17605/OSF.IO/UDWM4. Sequence data that support the findings of this study have been deposited in the Open Science Framework with the primary accession code: 10.17605/OSF.IO/UDWM4.
PMC12406477,40898371,10.1186/s42466-025-00422-y,2025,Neurological research and practice,"Multidisciplinary inpatient care for Parkinson's disease: a single-centre cohort study on improvements in gait, overall motor function, and quality of life",False,research-article Journal Article,1,0,github.com/kleinholdermann/pd_gait_pkb,,False,Data Availability Statement The code used for the statistical analysis is available at: https://github.com/kleinholdermann/pd_gait_pkb Pseudonymised data are available from the authors upon reasonable request. The code used for the statistical analysis is available at: https://github.com/kleinholdermann/pd_gait_pkb Pseudonymised data are available from the authors upon reasonable request. The code used for the statistical analysis is available at: https://github.com/kleinholdermann/pd_gait_pkb Pseudonymised data are available from the authors upon reasonable request.
PMC12325352,40772266,10.3389/fresc.2025.1568280,2025,Frontiers in rehabilitation sciences,Effects of whole-body cryostimulation on spinal and shoulder range of motion in individuals with obesity,False,research-article Journal Article,0,1,,10.5281/zenodo.14735132,False,Data Availability Statement The datasets presented in this study can be found in online repositories. The names of the repository/repositories and accession number(s) can be found below: Zenodo ( https://doi.org/10.5281/zenodo.14735132 ). The datasets presented in this study can be found in online repositories. The names of the repository/repositories and accession number(s) can be found below: Zenodo ( https://doi.org/10.5281/zenodo.14735132 ). The datasets presented in this study can be found in online repositories. The names of the repository/repositories and accession number(s) can be found below: Zenodo ( https://doi.org/10.5281/zenodo.14735132 ).
PMC11989208,40218280,10.3390/diagnostics15070930,2025,"Diagnostics (Basel, Switzerland)",Information Extraction from Lumbar Spine MRI Radiology Reports Using GPT4: Accuracy and Benchmarking Against Research-Grade Comprehensive Scoring,False,research-article Journal Article,1,0,github.com/michelle-tong18/versa-spine,,False,"Data Availability Statement The data underlying this article cannot be shared publicly due to the privacy concerns of individuals participating in the study. The data will be shared upon reasonable request to the corresponding author. All underlying codes, including LLM prompts, have been made publicly available in full ( https://github.com/michelle-tong18/VERSA-spine , accessed on 16 March 2025)."
PMC11889593,40061840,10.1016/j.ocarto.2025.100582,2025,Osteoarthritis and cartilage open,Predictive validity of consensus-based MRI definition of osteoarthritis plus radiographic osteoarthritis for the progression of knee osteoarthritis: A longitudinal cohort study,False,research-article Journal Article,0,1,,osf.io/qwtue,False,Data Availability Statement The data that support the findings of this study are available from the corresponding author upon reasonable request. All of the code in this study was made available on the Open Science Framework ( https://osf.io/qwtue/ ). The data that support the findings of this study are available from the corresponding author upon reasonable request. All of the code in this study was made available on the Open Science Framework ( https://osf.io/qwtue/ ). The data that support the findings of this study are available from the corresponding author upon reasonable request. All of the code in this study was made available on the Open Science Framework ( https://osf.io/qwtue/ ).
PMC11869565,40028417,10.1002/jeo2.70178,2025,Journal of experimental orthopaedics,Factors influencing UK arthroplasty surgeons' decision-making between total and medial unicompartmental knee surgery: A vignette-based behavioural experiment,False,research-article Journal Article,0,1,,osf.io/wz3xf,False,DATA AVAILABILITY STATEMENT The dataset supporting the conclusions of this article is publicly available in the Open Science Framework: https://osf.io/wz3xf/ . The dataset supporting the conclusions of this article is publicly available in the Open Science Framework: https://osf.io/wz3xf/ .
PMC11684591,39775073,10.1371/journal.pone.0310178,2024,PloS one,Protocol for a single-blind randomized controlled clinical trial to investigate the feasibility and safety of in-bed self-exercises based on electromyography sensor feedback in patients with subacute ,False,Clinical Trial Protocol research-article Journal Article,0,1,,osf.io/n26pm,False,"No data sets were generated or analyzed in the current study protocol. Once the trial is completed, all data from this study will be available in the Open Science Framework at https://osf.io/n26pm/ (DOI: 10.17605/OSF.IO/N26PM ). No data sets were generated or analyzed in the current study protocol. Once the trial is completed, all data from this study will be available in the Open Science Framework at https://osf.io/n26pm/ (DOI: 10.17605/OSF.IO/N26PM )."
PMC11404218,39182932,10.1136/bmjopen-2024-086683,2024,BMJ open,"Development and internal validation of a multivariable prognostic model to predict chronic pain after a new episode of non-specific idiopathic, non-traumatic neck pain in physiotherapy primary care pr",False,"Research Support, Non-U.S. Gov't research-article Validation Study Jou",1,0,github.com/uashogeschoolutrecht/painr,,False,"Data availability statement Data are available in a public, open access repository. Data are available in a public, open access repository. Technical appendix, statistical code and dataset available from the Github repository: https://github.com/uashogeschoolutrecht/painr DOI: available upon acceptance."
PMC11282225,39060357,10.1038/s41598-024-68223-y,2024,Scientific reports,Predicting the occurrence of minor adverse events in cardiac rehabilitation using physical variables,False,research-article Journal Article,0,1,,10.5281/zenodo.10372903,False,Data Availability Statement All anonymized data and analysis results supporting this study's findings are available in Zenodo with the identifier 10.5281/zenodo.10372903. All anonymized data and analysis results supporting this study's findings are available in Zenodo with the identifier 10.5281/zenodo.10372903. All anonymized data and analysis results supporting this study's findings are available in Zenodo with the identifier 10.5281/zenodo.10372903.
PMC11185470,38889140,10.1371/journal.pone.0304569,2024,PloS one,Effects of Non-Invasive Ventilation with different modalities in patients undergoing heart surgery: Protocol for a randomized controlled clinical trial,False,Clinical Trial Protocol research-article Journal Article,0,1,,osf.io/zqnyv,False,Data Availability Statement No datasets were generated or analysed during the current study. All relevant data from this study will be made available upon study completion on this link. https://osf.io/zqnyv/?view_only=93c2e1b5ed8a4b46abd0fc7a00573de9 . No datasets were generated or analysed during the current study. All relevant data from this study will be made available upon study completion on this link. https://osf.io/zqnyv/?view_only=93c2e1b5ed8a4b46abd0fc7a00573de9 . No datasets were generated or analysed during the current study. All relevant data from this study will be made available upon study completion on this link. https://osf.io/zqnyv/?view_only=93c2e1b5ed8a4b46abd0fc7a00573de9 .
PMC10836674,38306350,10.1371/journal.pone.0296707,2024,PloS one,Effects of pulmonary rehabilitation on ventilation dynamics measured during exertion in patients with post-acute COVID-19 syndrome: A cross-sectional observational study,False,"Research Support, Non-U.S. Gov't research-article Journal Article Obse",0,1,,osf.io/umjkc,False,Follow the link to the data repository: https://osf.io/umjkc/ . Follow the link to the data repository: https://osf.io/umjkc/ .
PMC11521823,39478832,10.3389/fspor.2024.1393067,2024,Frontiers in sports and active living,Back pain exercise therapy remodels human epigenetic profiles in buccal and human peripheral blood mononuclear cells: an exploratory study in young male participants,False,research-article Journal Article,0,1,,10.5281/zenodo.10685544,False,Data availability statement The mass spectrometry proteomics data have been deposited to the ProteomeXchange Consortium via the PRIDE [ 72 ] partner repository with the dataset identifier PXD050113. Intermediate results files (processed questionnaire; participants classes; agility measurements; plasma protein abundances; buccal cell and PBMC PTMs abundances and relative abundances; test outcomes) are available in the https://doi.org/10.5281/zenodo.10685544 Zenodo repository. The mass spectrometry proteomics data have been deposited to the ProteomeXchange Consortium via the PRIDE [ 72 ] partner repository with the dataset identifier PXD050113. Intermediate results files (processed questionnaire; participants classes; agility measurements; plasma protein abundances; buccal cell and PBMC PTMs abundances and relative abundances; test outcomes) are available in the https://doi.org/10.5281/zenodo.10685544 Zenodo repository.
PMC10025120,36950561,10.1016/j.dib.2023.109048,2023,Data in brief,A dataset of the effects of therapeutic exercise programs on physical function in patients undergoing hemodialysis,False,data-paper Journal Article,0,1,,data.mendeley.com/datasets/w6bwg9zgtg,False,Data Availability Statement Effects of therapeutic exercise on physical performance and activity levels in patients undergoing hemodialysis (Original data) (Mendeley Data). Effects of therapeutic exercise on physical performance and activity levels in patients undergoing hemodialysis (Original data) (Mendeley Data). Effects of therapeutic exercise on physical performance and activity levels in patients undergoing hemodialysis (Original data) (Mendeley Data).
PMC10197000,37213562,10.1016/j.dib.2023.109210,2023,Data in brief,Socioeconomic status and treatment outcomes in women with genito-pelvic pain penetration disorder: A longitudinal study of a therapeutic educational program dataset,False,data-paper Journal Article,0,1,,data.mendeley.com/datasets/tr3y82y2jy/2,False,Data Availability Statement Socioeconomic Status and Treatment Outcomes for Women with Genito-Pelvic Pain Penetration Disorder: A dataset. (Original data) (Mendeley Data). Socioeconomic Status and Treatment Outcomes for Women with Genito-Pelvic Pain Penetration Disorder: A dataset. (Original data) (Mendeley Data). Socioeconomic Status and Treatment Outcomes for Women with Genito-Pelvic Pain Penetration Disorder: A dataset. (Original data) (Mendeley Data).
PMC10502072,37709933,10.1038/s41746-023-00921-9,2023,NPJ digital medicine,A randomized trial of a mobile health intervention to augment cardiac rehabilitation,False,research-article Journal Article,1,0,github.com/wired-l-um/valentine-rct,,False,Data availability The datasets used and/or analyzed during the current study are available from the corresponding author on reasonable request. Code availability The underlying code for this study is available on Github ( https://github.com/WIRED-L-um/VALENTINE-RCT ) and shared with qualified researchers on reasonable request from the corresponding author.
PMC10540836,36948512,10.1136/bmj-2022-072962,2023,BMJ (Clinical research ed.),Comparative effectiveness and safety of analgesic medicines for adults with acute non-specific low back pain: systematic review and network meta-analysis,False,research-article Systematic Review Network Meta-Analysis Journal Artic,0,1,,osf.io/kduq3,False,Data Availability Statement League tables with estimates and confidence for all comparisons are available in spreadsheets available on the Open Science Framework (https:// osf.io/kduq3 ). The dataset used and analysed during this study and the accompanying code are available from the corresponding author on reasonable request. League tables with estimates and confidence for all comparisons are available in spreadsheets available on the Open Science Framework (https:// osf.io/kduq3 ). The dataset used and analysed during this study and the accompanying code are available from the corresponding author on reasonable request. League tables with estimates and confidence for all comparisons are available in spreadsheets available on the Open Science Framework (https:// osf.io/kduq3 ). The dataset used and analysed during this study and the accompanying code are available from the corresponding author on reasonable request.
PMC10191977,36001169,10.1007/s00402-022-04587-y,2023,Archives of orthopaedic and trauma surgery,Influence of implantation of a total hip endoprosthesis on the ipsilateral leg alignment: the effect of sex and dysplasia of the hip,False,Clinical Trial research-article Journal Article,0,1,,10.5281/zenodo.6802660,False,Data Availability Statement De-identified subject data have been deposited in the Zenodo repository ( https://doi.org/10.5281/zenodo.6802660 ). De-identified subject data have been deposited in the Zenodo repository ( https://doi.org/10.5281/zenodo.6802660 ). De-identified subject data have been deposited in the Zenodo repository ( https://doi.org/10.5281/zenodo.6802660 ).
PMC9258437,35786105,10.1080/07853890.2022.2091790,2022,Annals of medicine,Outcome for dizzy patients in a physiotherapy practice: an observational study,False,research-article Journal Article Observational Study,0,1,,10.5281/zenodo.5873693,False,"Data Availability Statement The data that support the findings of this study are openly available in Zenodo at http://doi.org/10.5281/zenodo.5873693 , reference number 5873693. The data that support the findings of this study are openly available in Zenodo at http://doi.org/10.5281/zenodo.5873693 , reference number 5873693. The data that support the findings of this study are openly available in Zenodo at http://doi.org/10.5281/zenodo.5873693 , reference number 5873693."
PMC9717541,36461048,10.1186/s40814-022-01204-y,2022,Pilot and feasibility studies,Personalised exercise therapy and self-management support for people with multimorbidity: Development of the MOBILIZE intervention,False,research-article Journal Article,0,1,,osf.io/qk6yg,False,Data Availability Statement The data reported in this paper are available on the Open Science Framework page of the MOBILIZE project https://osf.io/qk6yg/ . The data reported in this paper are available on the Open Science Framework page of the MOBILIZE project https://osf.io/qk6yg/ . The data reported in this paper are available on the Open Science Framework page of the MOBILIZE project https://osf.io/qk6yg/ .
PMC9026020,35459114,10.1186/s12877-022-02958-z,2022,BMC geriatrics,Effects of supervised high-intensity hardstyle kettlebell training on grip strength and health-related physical fitness in insufficiently active older adults: the BELL pragmatic controlled trial,False,"Controlled Clinical Trial Research Support, Non-U.S. Gov't research-ar",0,1,,osf.io/vtbzw,False,Availability of data and materials The de-identified datasets generated and/or analysed during the current study are available in the Open Science Framework repository: https://osf.io/vtbzw/
PMC9179478,35681717,10.3390/cancers14112737,2022,Cancers,Feasibility of Implementing Cancer-Specific Community-Based Exercise Programming: A Multi-Centre Randomized Trial,False,research-article Journal Article,0,1,,dataverse.scholarsportal.info/privateurl.xhtml,False,Data Availability Statement Data will be accessible via the University of Alberta Cancer Rehabilitation Clinic Dataverse at: https://dataverse.scholarsportal.info/privateurl.xhtml?token=5bc8a006-3c48-4d1b-a6cc-cf6a5b253e42 accessed on 14 April 2022. Data will be accessible via the University of Alberta Cancer Rehabilitation Clinic Dataverse at: https://dataverse.scholarsportal.info/privateurl.xhtml?token=5bc8a006-3c48-4d1b-a6cc-cf6a5b253e42 accessed on 14 April 2022. Data will be accessible via the University of Alberta Cancer Rehabilitation Clinic Dataverse at: https://dataverse.scholarsportal.info/privateurl.xhtml?token=5bc8a006-3c48-4d1b-a6cc-cf6a5b253e42 accessed on 14 April 2022.
PMC8833258,35169702,10.1093/braincomms/fcab302,2022,Brain communications,A candidate neuroimaging biomarker for detection of neurotransmission-related functional alterations and prediction of pharmacological analgesic response in chronic pain,False,research-article Journal Article,1,0,github.com/ottaviadipasquale/react-fmri,,False,Data Availability Statement All MRI data of Studies 1 and 2 are available at https://openneuro.org/datasets/ds000208/versions/1.0.0 . 43 All MRI data of Studies 1 and 2 are available at https://openneuro.org/datasets/ds000208/versions/1.0.0 . 43 The code for performing the REACT-based fMRI analyses is now available as a python package 44 that can be downloaded from https://github.com/ottaviadipasquale/react-fmri . All MRI data of Studies 1 and 2 are available at https://openneuro.org/datasets/ds000208/versions/1.0.0 . 43
PMC9149301,35651337,10.3389/fneur.2022.873925,2022,Frontiers in neurology,The Indirect Impact of COVID-19 on Major Clinical Outcomes of People With Parkinson's Disease or Parkinsonism: A Cohort Study,False,research-article Journal Article,0,1,,10.5281/zenodo.6023524,False,"Data Availability Statement The datasets presented in this study can be found in online repositories. The names of the repository and accession number can be found at: Zenodo, https://doi.org/10.5281/zenodo.6023524 . The datasets presented in this study can be found in online repositories. The names of the repository and accession number can be found at: Zenodo, https://doi.org/10.5281/zenodo.6023524 . The datasets presented in this study can be found in online repositories. The names of the repository and accession number can be found at: Zenodo, https://doi.org/10.5281/zenodo.6023524 ."
PMC8635401,34851984,10.1371/journal.pone.0259927,2021,PloS one,Short- and long-term effects of a cardiac rehabilitation program in patients implanted with a left ventricular assist device,False,research-article Journal Article Observational Study,0,1,,10.5281/zenodo.5648186,False,A publicly available de-identified anonymized data set can be found on the Zenodo repository at doi: 10.5281/zenodo.5648186 . A publicly available de-identified anonymized data set can be found on the Zenodo repository at doi: 10.5281/zenodo.5648186 .
PMC8796639,35236496,10.1186/s42836-021-00077-5,2021,"Arthroplasty (London, England)",The relationship between mental health/physical activity and pain/dysfunction in working-age patients with knee osteoarthritis being considered for total knee arthroplasty: a retrospective study,False,research-article Journal Article,0,2,,10.5061/dryad.kc260 | datadryad.org/review,False,Data Availability Statement The datasets generated and/or analyzed during the current study are available in the Dryad database (url: http://datadryad.org/review?doi=doi:10.5061/dryad.kc260 ) [ 12 ]. The datasets generated and/or analyzed during the current study are available in the Dryad database (url: http://datadryad.org/review?doi=doi:10.5061/dryad.kc260 ) [ 12 ]. The datasets generated and/or analyzed during the current study are available in the Dryad database (url: http://datadryad.org/review?doi=doi:10.5061/dryad.kc260 ) [ 12 ].
PMC8054258,33871831,10.1007/s40279-021-01438-5,2021,"Sports medicine (Auckland, N.Z.)",The Impact of Coronavirus (COVID-19) Related Public-Health Measures on Training Behaviours of Individuals Previously Participating in Resistance Training: A Cross-Sectional Survey Study,False,research-article Journal Article Observational Study,0,1,,osf.io/xhryf,False,Availability of data and materials All data and materials are openly available on the Open Science Framework project page for this study ( https://osf.io/xhryf/ ) and in the supplementary files. Code availability All analysis code is openly available on the Open Science Framework project page for this study ( https://osf.io/xhryf/ ) and in the supplementary files.
PMC8677342,34915932,10.1186/s40945-021-00125-y,2021,Archives of physiotherapy,Prevalence and associated factors of COVID-19 across Italian regions: a secondary analysis from a national survey on physiotherapists,False,research-article Journal Article,0,1,,osf.io/x7cha,False,Availability of data and materials All data generated or analyzed during this study are included in this published article [and its additional files]. Row data are stored in an open platform at the following link: https://osf.io/x7cha .
PMC7179851,32324821,10.1371/journal.pone.0231476,2020,PloS one,"Dedicated emergency department physical therapy is associated with reduced imaging, opioid administration, and length of stay: A prospective observational study",False,research-article Journal Article Observational Study,0,1,,10.5061/dryad.vq83bk3pn,False,Data Availability Statement Data are available from Dryad: (Dryad DOI: 10.5061/dryad.vq83bk3pn ). Data are available from Dryad: (Dryad DOI: 10.5061/dryad.vq83bk3pn ). Data are available from Dryad: (Dryad DOI: 10.5061/dryad.vq83bk3pn ).
PMC7175522,32316950,10.1186/s12891-020-03261-x,2020,BMC musculoskeletal disorders,Quality of life in chronic musculoskeletal symptomatic Chilean population: secondary analysis of National Health Survey 2009-2010,False,research-article Journal Article,0,1,,10.5281/zenodo.3530819,False,Availability of data and materials The dataset analysed during the present study is available from Zenodo for researchers who meet the criteria for access doi: 10.5281/zenodo.3530819
PMC7199966,32369514,10.1371/journal.pone.0232752,2020,PloS one,Patient-reported outcomes predict return to work and health-related quality of life six months after cardiac rehabilitation: Results from a German multi-centre registry (OutCaRe),False,"Research Support, Non-U.S. Gov't research-article Multicenter Study Jo",0,1,,10.5281/zenodo.3605618,False,"Data are available ( https://zenodo.org/badge/DOI/10.5281/zenodo.3605618.svg ) and citable as Salzwedel, Annett, Balzer, Klaus, Koran, Iryna, Langheim, Eike, Schlitt, Axel, Nothroff, Axel, … Völler, Heinz. (2020). Patient-reported outcomes predict return to work and health-related quality of life 6 months after cardiac rehabilitation: Results from a German multi-centre registry (OutCaRe): dataset [Data set]. Zenodo. http://doi.org/10.5281/zenodo.3605618 . Data are available ( https://zenodo.org/badge/DOI/10.5281/zenodo.3605618.svg ) and citable as Salzwedel, Annett, Balzer, Klaus, Koran, Iryna, Langheim, Eike, Schlitt, Axel, Nothroff, Axel, … Völler, Heinz. (2020). Patient-reported outcomes predict return to work and health-related quality of life 6 months after cardiac rehabilitation: Results from a German multi-centre registry (OutCaRe): dataset [Data set]. Zenodo. http://doi.org/10.5281/zenodo.3605618 ."
PMC7224562,32407361,10.1371/journal.pone.0233134,2020,PloS one,"Order of same-day concurrent training influences some indices of power development, but not strength, lean mass, or aerobic fitness in healthy, moderately-active men after 9 weeks of training",False,"Clinical Trial Research Support, Non-U.S. Gov't research-article Journ",0,1,,osf.io/4a9js,False,The data underlying this study have been uploaded to the Open Science Framework and are accessible using the following link: https://osf.io/4a9js/ . The data underlying this study have been uploaded to the Open Science Framework and are accessible using the following link: https://osf.io/4a9js/ .
PMC7017997,32053653,10.1371/journal.pone.0228632,2020,PloS one,Wisdom of the CROUD:  Development and validation of a patient-level prediction model for opioid use disorder using population-level claims data,False,research-article Journal Article,1,0,github.com/ohdsi/studyprotocols,,False,"The source data for this study were licensed by Johnson &amp; Johnson from IBM MarketScan and Optum, and hence we are not allowed to share the licensed data publicly. However, the same data used in this study are available for purchase by contracting the database owners, IBM MarketScan Research Databases (contact at: https://www.ibm.com/products/marketscan-research-databases ) and Optum (contact at: http://www.optum.com/solutions/data-analytics/data/real-world-data-analytics-a-cpl/claims-data.html ). The authors did not have any special access privileges that other parties who license the data and contract with IBM MarketScan and Optum would not have. Further, in our efforts to enable use and reproducibility of the prediction model and public sharing of study results, we have created an interactive online shiny app available at https://data.ohdsi.org/opioidExplorer/ where readers can freely access the prediction models, model performance data, and all other results presented in the man"
PMC7099081,32258430,10.1038/s41746-020-0255-1,2020,NPJ digital medicine,Siamese neural networks for continuous disease severity evaluation and change detection in medical imaging,False,research-article Journal Article,1,0,github.com/qtim-lab/siamesechange,,False,"Data Availability Statement The i-ROP cohort study data for ROP is not publicly available due to patient privacy restrictions, though potential collaborators are directed to contact the study investigators ( https://i-rop.github.io/ ). The MOST data set for knee osteoarthritis is made publicly available from the MOST study investigators and can be requested from them ( http://most.ucsf.edu/ ). The key code used for this study is available at https://github.com/QTIM-Lab/SiameseChange . The i-ROP cohort study data for ROP is not publicly available due to patient privacy restrictions, though potential collaborators are directed to contact the study investigators ( https://i-rop.github.io/ ). The MOST data set for knee osteoarthritis is made publicly available from the MOST study investigators and can be requested from them ( http://most.ucsf.edu/ ). The key code used for this study is available at https://github.com/QTIM-Lab/SiameseChange . The i-ROP cohort study data for ROP is not publi"
PMC6397491,30823900,10.1186/s12909-019-1504-3,2019,BMC medical education,Educational outreach visits to improve knee osteoarthritis management in primary care,False,Controlled Clinical Trial research-article Journal Article,0,1,,figshare.com/s/b2452cee60e4dcc31610,False,"Data Availability Statement The research tools that were employed to generate the data referred to in this article are available as additional files. The dataset supporting the conclusions of this article is available in the figshare repository, https://figshare.com/s/b2452cee60e4dcc31610 The research tools that were employed to generate the data referred to in this article are available as additional files. The dataset supporting the conclusions of this article is available in the figshare repository, https://figshare.com/s/b2452cee60e4dcc31610 The research tools that were employed to generate the data referred to in this article are available as additional files. The dataset supporting the conclusions of this article is available in the figshare repository, https://figshare.com/s/b2452cee60e4dcc31610"
PMC7359752,32704348,10.12688/f1000research.18815.1,2019,F1000Research,"A pilot study on assessing the gap between nurses' task performances and knowledge pertaining the same with reference to "" I COUGH"" initiative- a call for promoting patient 'care bundle' assignments i",False,research-article Journal Article Observational Study,0,1,,osf.io/4u8c7,False,Data Availability Statement Underlying data Open Science Framework: I COUGH PROJECT. https://doi.org/10.17605/OSF.IO/4U8C7 18 This project contains the following underlying data: I COUGH DATA F1000.xlsx (Nurses scores for I COUGH and chest physiotherapy awareness)
PMC6347391,30682010,10.1371/journal.pone.0203417,2019,PloS one,Which osteoarthritic gait features recover following total knee replacement surgery?,False,"Clinical Trial Research Support, Non-U.S. Gov't research-article Multi",0,1,,osf.io/ydznf,False,Data Availability Statement The data underlying this study have been uploaded to the Open Science Framework and are accessible using the following doi: 10.17605/OSF.IO/YDZNF . The data underlying this study have been uploaded to the Open Science Framework and are accessible using the following doi: 10.17605/OSF.IO/YDZNF . The data underlying this study have been uploaded to the Open Science Framework and are accessible using the following doi: 10.17605/OSF.IO/YDZNF .
PMC4837524,27094038,10.1186/s12877-016-0260-z,2016,BMC geriatrics,Restricted activity and persistent pain following motor vehicle collision among older adults: a multicenter prospective cohort study,False,"research-article Multicenter Study Journal Article Research Support, N",0,1,,osf.io/efxuk,False,"The dataset supporting the conclusions of this article is available in the Open Science Framework repository [Older Adult CRASH; https://osf.io/efxuk/ ]. Consistent with the ICMJE position on sharing clinical trial data, we ask that those using the data seek collaboration with our research group, and if collaboration is not possible, that they provide appropriate credit to our group for the collection of this data."
PMC4552864,26317970,10.1371/journal.pone.0136588,2015,PloS one,Violence Affects Physical and Mental Health Differently: The General Population Based Tromsø Study,False,"Clinical Trial Research Support, Non-U.S. Gov't research-article Multi",0,1,,10.5061/dryad.dd206,False,Data Availability Statement Data are available from the Dryad Digital Repository: http://dx.doi.org/10.5061/dryad.dd206 . Data are available from the Dryad Digital Repository: http://dx.doi.org/10.5061/dryad.dd206 . Data are available from the Dryad Digital Repository: http://dx.doi.org/10.5061/dryad.dd206 .
PMC13104248,41840701,10.1186/s13063-026-09433-9,2026,Trials,Effect of telerehabilitation on the treatment of chronic nonspecific low back pain in the Afro-Brazilian population: a randomized controlled trial protocol,True,Clinical Trial Protocol research-article Journal Article,0,0,,,False,Data Availability Statement The data will be made available to readers on request by e-mail. The data will be made available to readers on request by e-mail. The data will be made available to readers on request by e-mail.
PMC12991210,41838745,10.1371/journal.pone.0344457,2026,PloS one,Effects of a level-based immersive virtual reality physical therapy program on static and dynamic balance in Parkinson's disease: Protocol for a randomized controlled trial,True,Clinical Trial Protocol research-article Journal Article,0,0,,,True,"Data Availability Statement No datasets have been generated or analyzed yet, as this is a study protocol. Upon completion of the trial, the data will be available from the corresponding author on reasonable request, in accordance with privacy and data protection regulations. No datasets have been generated or analyzed yet, as this is a study protocol. Upon completion of the trial, the data will be available from the corresponding author on reasonable request, in accordance with privacy and data protection regulations. No datasets have been generated or analyzed yet, as this is a study protocol. Upon completion of the trial, the data will be available from the corresponding author on reasonable request, in accordance with privacy and data protection regulations."
PMC13214957,42201038,10.3390/medsci14020246,2026,"Medical sciences (Basel, Switzerland)",Telerehabilitation and Face-to-Face Exergame Delivery Modalities to Improve Postural Control in Children with Cerebral Palsy: A Randomised Controlled Trial,True,"Research Support, Non-U.S. Gov't research-article Randomized Controlle",0,0,,,True,Data Availability Statement Data will be available on request to the corresponding author due to privacy reasons.
PMC12890077,41666310,10.2196/87035,2026,JMIR research protocols,Hand and Arm Bimanual Intensive Therapy Including Lower Extremities (HABIT-ILE@home) for Adults With Chronic Stroke: Protocol for a Randomized Controlled Trial,True,Clinical Trial Protocol research-article Journal Article,0,0,,,False,"Data sharing is not applicable to this article as no datasets were generated or analyzed during this study. Upon completion of the study, data will be stored in the UCLouvain Dataverse repository; access to selected data will be provided upon reasonable request to the corresponding author and after signing a data sharing agreement."
PMC13071408,41967036,10.1093/ageing/afag086,2026,Age and ageing,Effects of a 24-week resistance exercise program on Alzheimer's disease brain signatures in cognitively unimpaired older adults: a secondary analysis of the AGUEDA randomized controlled trial,True,research-article Randomized Controlled Trial Journal Article,0,0,,,False,
PMC13087472,41931963,10.1016/j.jnha.2026.100838,2026,"The journal of nutrition, health & aging",Effect of a protein intervention during resistance training with varying training intensities on muscle outcomes in frail community-dwelling older adults: a randomized controlled trial,True,research-article Randomized Controlled Trial Journal Article,0,0,,,False,Data Availability Statement The statistical analysis plan and research protocol will be made publicly and freely available without restriction in a data package on the Figshare repository (https://doi.org/10.21943/auas.29666096). Data described in the manuscript will be made available upon a valid justification. The statistical analysis plan and research protocol will be made publicly and freely available without restriction in a data package on the Figshare repository (https://doi.org/10.21943/auas.29666096). Data described in the manuscript will be made available upon a valid justification. The statistical analysis plan and research protocol will be made publicly and freely available without restriction in a data package on the Figshare repository (https://doi.org/10.21943/auas.29666096). Data described in the manuscript will be made available upon a valid justification.
PMC13235889,42241401,10.1371/journal.pone.0348346,2026,PloS one,Effectiveness of a fully immersive virtual reality-based therapeutic exercise programme with altered visual feedback in patients with fibromyalgia: A study protocol for a randomised controlled trial,True,Clinical Trial Protocol research-article Journal Article,0,0,,,False,"Data Availability Statement No datasets were generated or analysed during the current study, as this manuscript reports a study protocol only. Upon trial completion, the de-identified dataset, accompanying data dictionary, and analysis code will be deposited in Zenodo and made publicly available under an open licence; DOIs will be provided upon release. No datasets were generated or analysed during the current study, as this manuscript reports a study protocol only. Upon trial completion, the de-identified dataset, accompanying data dictionary, and analysis code will be deposited in Zenodo and made publicly available under an open licence; DOIs will be provided upon release. No datasets were generated or analysed during the current study, as this manuscript reports a study protocol only. Upon trial completion, the de-identified dataset, accompanying data dictionary, and analysis code will be deposited in Zenodo and made publicly available under an open licence; DOIs will be provided up"
PMC13289930,42335161,10.1371/journal.pone.0351547,2026,PloS one,Effect of high-intensity interval training in patients with chronic hepatitis B and hepatic steatosis: A randomised controlled trial,True,research-article Randomized Controlled Trial Journal Article,0,0,,,True,"Data cannot be shared publicly because of legal and ethical restrictions imposed by Danish national legislation, including the Danish Data Protection Act (§10) and the Data Disclosure Proclamation Act. The data contains sensitive information about human participants. Pseudonymized data are available upon reasonable request from the Capital Region of Denmark for researchers who meet the criteria for access to confidential data, subject to approval by the Danish Data Protection Agency. Data access requests should be directed to the Danish Data Protection Agency, Carl Jacobsens Vej 35, 2500 Valby, Denmark, email: dt@datatilsynet.dk , who will evaluate requests and ensure compliance with applicable data protection regulations. The data will be made available solely for scientific research purposes. Data cannot be shared publicly because of legal and ethical restrictions imposed by Danish national legislation, including the Danish Data Protection Act (§10) and the Data Disclosure Proclamati"
PMC12783373,40653852,10.1177/10538127251358730,2026,Journal of back and musculoskeletal rehabilitation,"Associations between trunk mobility, pain, and quality of life in individuals with chronic low back pain treated with different therapeutic protocols: Potential clinical parameters",True,research-article Randomized Controlled Trial Journal Article,0,0,,,False,Data are available from the authors upon reasonable request.
PMC13185042,42150824,10.1136/bmjopen-2025-114628,2026,BMJ open,Blended adapted sailing therapy with telerehabilitation for rare skeletal disorders: protocol for a pilot randomised controlled feasibility trial in Italy (PaS2-EXTEND),True,research-article Randomized Controlled Trial Journal Article,0,0,,,False,"Data Availability Statement Deidentified individual participant data underlying published results will be made publicly available 6 months after publication of primary outcomes manuscript. Shared data will include demographic and baseline clinical characteristics; primary feasibility outcome data (recruitment, adherence, retention, AEs); secondary outcome measures (IMU parameters, PRO scores) at all time points; group allocation; data dictionary defining all variables. Access mechanisms : Researchers may request data by contacting the corresponding author and submitting: (1) a research proposal (maximum two pages), (2) a signed data use agreement and (3) ethics approval documentation if the secondary analysis constitutes human subjects’ research. Requests are reviewed within 30 calendar days; approved requests receive data within 60 days via secure file transfer. Supporting documents shared : Study protocol (this document), SAP (finalised prior to database lock) published as supplement"
PMC13136611,42089000,10.1002/hsr2.72467,2026,Health science reports,Mechanistic Explanations of Manual Therapy Do Not Influence Outcomes in Healthy Individuals: A Randomized Controlled Trial,True,research-article Journal Article,0,0,,,False,Data Availability Statement All data and materials utilized in this study are accessible to researchers upon request through an official academic email address. All data and materials utilized in this study are accessible to researchers upon request through an official academic email address.
PMC12944858,41745661,10.3390/sports14020059,2026,"Sports (Basel, Switzerland)","Effects of a Strength and Creative Dance Intervention on Brain Electrical Activity, Heart Rate Variability, and Dual-Task Performance in Women with Fibromyalgia: A Randomized Controlled Trial Protocol",True,research-article Journal Article,0,0,,,True,Data Availability Statement The data presented in this study are available on request from the corresponding author due to privacy. The data presented in this study are available on request from the corresponding author due to privacy. The data presented in this study are available on request from the corresponding author due to privacy.
PMC13094034,42001066,10.1186/s12891-026-09847-1,2026,BMC musculoskeletal disorders,The effect of experimentally induced acute pain on lumbar movement control: a single blinded three-arm cross-over randomized control trial,True,research-article Randomized Controlled Trial Journal Article,0,0,,,True,Data availability The datasets used and/or analyzed during the current study are available from the corresponding author on reasonable request.
PMC13307458,42347450,10.3390/sports14060226,2026,"Sports (Basel, Switzerland)",Effects of Velocity-Based French Contrast Training on Lower-Limb Power and Delivery Kinetics in Medium-Fast Cricket Bowlers: A Randomized Controlled Trial,True,research-article Journal Article,0,0,,,False,Data Availability Statement The original contributions presented in the study are included in the article; further inquiries can be directed to the corresponding author.
PMC12442751,40969324,10.12688/f1000research.160247.2,2025,F1000Research,Effects Of 6-Week Telerehabilitation Exercise Programme On Chronic Non-Specific Neck Pain In Women: A Pilot Randomized Controlled Trial,True,research-article Randomized Controlled Trial Journal Article,0,0,,,False,"Data Availability Statement Dataset and extended date are available in Harvard Dataverse repository, under the title “Effects of 6-Week Exercise Programme On Chronic Non-Specific Neck Pain In Women”, DOI: https://doi.org/10.7910/DVN/ZMC9DU , under the CC0 1.0 license. 51 Dataset and extended date are available in Harvard Dataverse repository, under the title “Effects of 6-Week Exercise Programme On Chronic Non-Specific Neck Pain In Women”, DOI: https://doi.org/10.7910/DVN/ZMC9DU , under the CC0 1.0 license. 51 Dataset and extended date are available in Harvard Dataverse repository, under the title “Effects of 6-Week Exercise Programme On Chronic Non-Specific Neck Pain In Women”, DOI: https://doi.org/10.7910/DVN/ZMC9DU , under the CC0 1.0 license. 51"
PMC12296691,40713915,10.1186/s40359-025-03207-9,2025,BMC psychology,"Effects of reformer pilates on pain, psychological factors, and sleep in chronic musculoskeletal pain: a randomized controlled trial",True,research-article Randomized Controlled Trial Journal Article,0,0,,,False,Data availability The datasets used and/or analyzed during the current study are avail-able from the corresponding author on reasonable request.
PMC12641942,41283271,10.3390/medsci13040270,2025,"Medical sciences (Basel, Switzerland)",Telerehabilitation and Face-to-Face Exergame Delivery Modalities to Improve Postural Control in Older Adults: A Randomised Controlled Trial,True,"Research Support, Non-U.S. Gov't research-article Randomized Controlle",0,0,,,True,Data Availability Statement The data presented in this study are available on request from the corresponding author due to privacy or ethical restrictions. The data presented in this study are available on request from the corresponding author due to privacy or ethical restrictions. The data presented in this study are available on request from the corresponding author due to privacy or ethical restrictions.
PMC12548580,41120141,10.1136/bmjopen-2025-102776,2025,BMJ open,Virtual reality versus conventional exercise for knee osteoarthritis: protocol for a randomised controlled trial on functionality and fall risk,True,Clinical Trial Protocol research-article Journal Article,0,0,,,False,
PMC13221627,42222752,10.12688/hrbopenres.14150.3,2025,HRB open research,CP-EXCEL:  A feasibility randomised controlled trial of an online exercise programme for adults with cerebral palsy,True,other Journal Article,0,0,,,False,Data availability No data are associated with this article. Extended data The following extended data are available via Figshare: https://doi.org/10.6084/m9.figshare.29328932 39 Appendix 1: SPIRIT Checklist. Appendix 2: Four-Stage Balance Test • Consent Form • Participant Information Leaflet (example) No data are associated with this article.
PMC12303257,40720450,10.1371/journal.pone.0328930,2025,PloS one,Aerobic minutes and step number remain low in inpatient stroke rehabilitation,True,research-article Multicenter Study Randomized Controlled Trial Journal,0,0,,,False,"The data are now uploaded here: https://borealisdata.ca/dataverse/eng Eng, Janice, 2025, “Replication Data for: “Aerobic Minutes and Step Number Remain Low in Inpatient Stroke Rehabilitation””, https://doi.org/10.5683/SP3/LKMDHX , Borealis, V1, UNF:6:vqj6gdzUh2hj0esQ2f7OLQ== [fileUNF]. The data are now uploaded here: https://borealisdata.ca/dataverse/eng Eng, Janice, 2025, “Replication Data for: “Aerobic Minutes and Step Number Remain Low in Inpatient Stroke Rehabilitation””, https://doi.org/10.5683/SP3/LKMDHX , Borealis, V1, UNF:6:vqj6gdzUh2hj0esQ2f7OLQ== [fileUNF]."
PMC12377802,40854326,10.1093/abm/kaaf068,2025,Annals of behavioral medicine : a publication of the So,Bidirectional week-to-week relationships between weekly psychological stress across multiple life domains and engagement with an exercise intervention: secondary analysis of data from a randomized tri,True,research-article Randomized Controlled Trial Journal Article,0,0,,,False,"Indicate whether the data underlying the presented analyses will be made available in a third-party archive/repository. If data is available in an archive, indicate if this is fully available to the public or has protected access (available for limited audience, with clearly defined requirements and steps to obtain data). If data is not in a public archive, describe any steps needed to access the data. Consider the following examples: Analytic code refers to the programming code used to conduct the analyses in the statistical software."
PMC12306478,40730392,10.1136/bmjopen-2024-094747,2025,BMJ open,Effect of osteopathic manipulative treatment on comorbid depressive symptoms in patients with chronic low back pain: study protocol for a randomised controlled trial,True,Clinical Trial Protocol research-article Journal Article,0,0,,,False,
PMC12505647,41063112,10.1186/s12891-025-09103-y,2025,BMC musculoskeletal disorders,The effectiveness of radial extracorporeal shock wave therapy (rESWT) in plantar fasciitis: a 12 months randomised controlled trial in a Tunisian rehabilitation department,True,research-article Randomized Controlled Trial Journal Article,0,0,,,False,Data Availability Statement “The datasets used and/or analysed during the current study are available in the Dataverse repository https://doi.org/10.7910/DVN/DTBMNE on reasonable request from the corresponding author”. “The datasets used and/or analysed during the current study are available in the Dataverse repository https://doi.org/10.7910/DVN/DTBMNE on reasonable request from the corresponding author”. “The datasets used and/or analysed during the current study are available in the Dataverse repository https://doi.org/10.7910/DVN/DTBMNE on reasonable request from the corresponding author”.
PMC12637976,41270086,10.1371/journal.pone.0336685,2025,PloS one,Short-term effect after soft tissue manipulation session on subjective and objective parameters in office workers with chronic low back pain: A randomized clinical trial,True,research-article Randomized Controlled Trial Journal Article,0,0,,,False,The data presented in this study and trial protocol are openly available in FigShare repository at https://doi.org/10.6084/m9.figshare.29094938.v1 . The data presented in this study and trial protocol are openly available in FigShare repository at https://doi.org/10.6084/m9.figshare.29094938.v1 .
PMC12306342,40721264,10.1136/bmjopen-2025-102694,2025,BMJ open,"Short-term effects of a virtual, community-based, task-oriented group exercise programme incorporating a healthcare-community partnership compared to a waitlist control on increasing everyday function",True,Clinical Trial Protocol research-article Journal Article,0,0,,,False,
PMC12864401,41640738,10.3389/fnut.2025.1712451,2025,Frontiers in nutrition,The impact of a high-protein diet with strength training on the gastrointestinal microbiota in community-dwelling older adults: subanalysis of a randomized controlled trial,True,research-article Journal Article,0,0,,,False,Data availability statement The datasets presented in this study can be found in online repositories. The names of the repository/repositories and accession number(s) can be found at: https://www.ncbi.nlm.nih.gov/bioproject/PRJNA1275818/ . The datasets presented in this study can be found in online repositories. The names of the repository/repositories and accession number(s) can be found at: https://www.ncbi.nlm.nih.gov/bioproject/PRJNA1275818/ .
PMC12370268,40840466,10.2196/66414,2025,JMIR aging,Effectiveness of Iso-Inertial Resistance Training on Muscle Power in Middle-Older Adults: Randomized Controlled Trial,True,research-article Randomized Controlled Trial Journal Article,0,0,,,False,"Data were stored and encoded in 3 Excel files to protect confidentiality before, during, and after the study. The first of these files contains the personal data of the participants (name and surnames, age, and sex), is accessible only to the administrative staff of the centre, and served only to manage the recruitment of the participants. The second and third files are managed entirely by the research team and contain the registry of all the study outcomes. In these files, participants were identified by a code. Only the research team can relate the data collected in the study to the identity of the participants, which will not be available to anyone except in the event of a medical emergency or legal requirement. These two datasets are publicly available in Zenodo repository [ 50 ]."
PMC12335769,40783689,10.1186/s12877-025-06209-9,2025,BMC geriatrics,"Efficacy of progressive resistance training intensities and adequate dietary protein intake for community-dwelling frail older adults (TEAMS study), protocol for a randomised controlled trial",True,Clinical Trial Protocol research-article Journal Article,0,0,,,False,Data availability No datasets were generated or analysed during the current study.
PMC12750799,41469063,10.1136/bmjopen-2025-108346,2025,BMJ open,Effectiveness of protein supplementation combined with resistance training to counteract disproportional fat-free mass loss following metabolic bariatric surgery: rationale and design of the ENRICHED ,True,Clinical Trial Protocol research-article Journal Article,0,0,,,False,
PMC11977484,40194869,10.1136/bmjopen-2024-090746,2025,BMJ open,"Effectiveness and cost-effectiveness of a home-based functional exercise programme for community-dwelling frail older adults, ACTIVE-AGE@home, provided by professionals and volunteers: protocol of a p",True,Clinical Trial Protocol research-article Journal Article,0,0,,,False,
PMC12459158,39954045,10.1080/10669817.2025.2465726,2025,The Journal of manual & manipulative therapy,"Dry needling of the gluteus-medius muscle, combined with standard care, for chronic low back pain - a pilot randomized sham-controlled trial",True,research-article Randomized Controlled Trial Journal Article,0,0,,,True,Data availability statement The data that support the findings of this study are available from the corresponding author upon reasonable request. The data that support the findings of this study are available from the corresponding author upon reasonable request.
PMC12765281,41316191,10.1186/s12998-025-00621-z,2025,Chiropractic & manual therapies,Comfort during side posture lumbopelvic manipulation in a low back pain population-effects of a typical versus modified flexed lumbopelvic position: a crossover randomized control trial,True,"Research Support, Non-U.S. Gov't research-article Randomized Controlle",0,0,,,True,Data Availability Statement The datasets used and/or analysed during the current study are available from the corresponding author on reasonable request. The datasets used and/or analysed during the current study are available from the corresponding author on reasonable request. The datasets used and/or analysed during the current study are available from the corresponding author on reasonable request.
PMC12710372,41313018,10.1128/msystems.00862-25,2025,mSystems,&lt;i&gt;Bifidobacterium animalis&lt;/i&gt; subsp. &lt;i&gt;lactis&lt;/i&gt; Probio-M8 enhances chondroitin efficacy for knee osteoarthritis in postmenopausal women via the gut-joint axis,True,research-article Randomized Controlled Trial Journal Article,0,0,,,False,"Data Availability Statement The raw sequence data reported in this paper have been deposited in the Genome Sequence Archive (Genomics, Proteomics &amp; Bioinformatics 2021) in National Genomics Data Center (Nucleic Acids Res 2022), China National Center for Bioinformation/Beijing Institute of Genomics, Chinese Academy of Sciences (GSA: CRA015191 ) that are publicly accessible at https://ngdc.cncb.ac.cn/gsa . The raw sequence data reported in this paper have been deposited in the Genome Sequence Archive (Genomics, Proteomics &amp; Bioinformatics 2021) in National Genomics Data Center (Nucleic Acids Res 2022), China National Center for Bioinformation/Beijing Institute of Genomics, Chinese Academy of Sciences (GSA: CRA015191 ) that are publicly accessible at https://ngdc.cncb.ac.cn/gsa . The raw sequence data reported in this paper have been deposited in the Genome Sequence Archive (Genomics, Proteomics &amp; Bioinformatics 2021) in National Genomics Data Center (Nucleic Acids Res 2022), "
PMC12439806,40947912,10.1080/07853890.2025.2558124,2025,Annals of medicine,X-CircuiT and conventional exercise in home-based cardiac rehabilitation for patients with coronary artery disease and risk factors: a randomized controlled non-inferiority trial,True,Equivalence Trial research-article Randomized Controlled Trial Journal,0,0,,,False,Data availability statement The data that support the findings of this study are openly available in Figshare repository at http://doi.org/10.6084/m9.figshare.27180927 . The data that support the findings of this study are openly available in Figshare repository at http://doi.org/10.6084/m9.figshare.27180927 .
PMC11838874,39903790,10.1371/journal.pmed.1004537,2025,PLoS medicine,Effects of X-ray-based diagnosis and explanation of knee osteoarthritis on patient beliefs about osteoarthritis management: A randomised clinical trial,True,research-article Randomized Controlled Trial Journal Article,0,0,,,False,Data are available on figshare ( https://doi.org/10.6084/m9.figshare.28216649 ). Data are available on figshare ( https://doi.org/10.6084/m9.figshare.28216649 ).
PMC13007909,40340949,10.1249/mss.0000000000003751,2025,Medicine and science in sports and exercise,Cardiovascular Exercise Improves Inhibitory Control in Sedentary Young Adults: A 12-wk Randomized Controlled Trial,True,research-article Randomized Controlled Trial Journal Article,0,0,,,False,
PMC12329153,40702721,10.2196/66126,2025,JMIR formative research,Feasibility of a Randomized Controlled Trial of Large AI-Based Linguistic Models for Clinical Reasoning Training of Physical Therapy Students: Pilot Randomized Parallel-Group Study,True,"Research Support, Non-U.S. Gov't research-article Randomized Controlle",0,0,,,False,The datasets generated and used in this study are publicly available in Zenodo [ 28 ].
PMC12395110,40812736,10.2196/66283,2025,JMIR research protocols,"Patient-Centered Risk Prediction, Prevention, and Intervention Platform (TIMELY) to Support the Continuum of Care in Coronary Artery Disease Using eHealth and Artificial Intelligence: Protocol for a R",True,"Clinical Trial Protocol Research Support, Non-U.S. Gov't research-arti",0,0,,,False,"Data Availability Statement At the latest, by the end of the project, the data, associated metadata, documentation, and syntax codes will be deposited in a repository suitable for long-term storage or potential publishing. One of the repositories that the consortium is considering is Figshare, the repository that also serves as Universiteit van Amsterdam (timely coordinator) institutional repository. Figshare allows safely storing, controlled sharing, and publication of research data and complies with the Findable, Accessible, Interoperable, Reusable (FAIR) data principles. At the latest, by the end of the project, the data, associated metadata, documentation, and syntax codes will be deposited in a repository suitable for long-term storage or potential publishing. One of the repositories that the consortium is considering is Figshare, the repository that also serves as Universiteit van Amsterdam (timely coordinator) institutional repository. Figshare allows safely storing, controlled "
PMC13250519,42282261,10.12688/f1000research.169801.3,2025,F1000Research,Effects of transcutaneous electrical stimulation on peripheral nerve regeneration after digital neurorrhaphy: A randomized clinical trial,True,research-article Randomized Controlled Trial Journal Article,0,0,,,False,"Data availability All data underlying the results of this study are available within the article itself. The CONSORT 2010 checklist and flowchart associated with this trial are openly available in Figshare at https://doi.org/10.6084/m9.figshare.30120691 , under the Creative Commons CC0 license. 58 The database and project analysis are also openly available in Figshare under the Creative Commons CC0 license at https://doi.org/10.6084/m9.figshare.30350653 . 59 Additional study resources are available in Figshare, including the list of study materials https://doi.org/10.6084/m9.figshare.13636685.v1 , 60 the available facilities https://doi.org/10.6084/m9.figshare.13636694.v1 , 61 and the participant information sheet and consent form. Reporting guidelines of protocol are also available in Figshare, specifically the SPIRIT checklist for “Influence of surface peripheral electrical stimulation on nerve regeneration after digital nerve neurorrhaphy: study protocol for a randomized clinical tr"
PMC11781105,39880460,10.1136/bmjopen-2024-089672,2025,BMJ open,Rehabilitation using virtual gaming for Hospital and hOMe-Based training for the Upper limb in acute and subacute Stroke (RHOMBUS II): results of a feasibility randomised controlled trial,True,research-article Randomized Controlled Trial Journal Article,0,0,,,True,Data availability statement Data are available upon reasonable request. Data are available upon reasonable request. Data will be made available on the Figshare data repository.
PMC12444455,40980593,10.1016/j.cpnec.2025.100315,2025,Comprehensive psychoneuroendocrinology,Targeting concerns about falling to modulate biological stress systems: Effects of a multicomponent randomized controlled trial in older adults,True,research-article Journal Article,0,0,,,False,"Data Availability Statement The datasets generated and analyzed as part of the current study are not publicly available, but can be requested from the corresponding author. The datasets generated and analyzed as part of the current study are not publicly available, but can be requested from the corresponding author. The datasets generated and analyzed as part of the current study are not publicly available, but can be requested from the corresponding author."
PMC12666100,41334240,10.1136/bmjsem-2025-003052,2025,BMJ open sport & exercise medicine,Cardiovascular adaptations to resistance training with different set configurations in postmenopausal women: a study protocol for a randomised controlled trial (CARE project),True,research-article Journal Article,0,0,,,False,Data Availability Statement Data sharing not applicable as no datasets generated and/or analysed for this study. Data sharing not applicable as no datasets generated and/or analysed for this study. Data sharing not applicable as no datasets generated and/or analysed for this study.
PMC12278522,40685355,10.1186/s13063-025-08969-6,2025,Trials,PRALINE: study protocol for a phase IIb inpatient stroke rehabilitation randomized controlled trial investigating longitudinal outcomes after progressive abduction loading therapy,True,Clinical Trial Protocol research-article Journal Article,0,0,,,False,Data availability {29} The final dataset will be available to all study co-investigators.
PMC12283555,40669298,10.1016/j.ebiom.2025.105849,2025,EBioMedicine,Moderate-intensity exercise training uniquely modulates circulating lipid species beyond classical lipid levels in humans,True,research-article Randomized Controlled Trial Journal Article,0,0,,,False,
PMC11891067,40066314,10.3389/fneur.2025.1512409,2025,Frontiers in neurology,Cueing-assisted gamified augmented-reality gait-and-balance rehabilitation at home for people with Parkinson's disease: protocol of a pragmatic randomized controlled trial implemented in the clinical ,True,methods-article Journal Article,0,0,,,False,
PMC12727979,41451095,10.3389/fmed.2025.1697235,2025,Frontiers in medicine,"Clinical efficacy study on the efficacy and safety of acupuncture for post-stroke dysphagia based on the regulation of the swallowing neural circuit: protocol for a multicenter, open-label, randomized",True,methods-article Journal Article,0,0,,,False,
PMC11922767,39900648,10.1038/s43587-024-00793-y,2025,Nature aging,"Individual and additive effects of vitamin D, omega-3 and exercise on DNA methylation clocks of biological aging in older adults from the DO-HEALTH trial",True,research-article Randomized Controlled Trial Journal Article,0,0,,,True,"Data Availability Statement Data from DO-HEALTH, used in the context of this project, as well as codebooks and analytic codes, will initially be reserved for the primary researchers of the Center of Aging and Mobility Research Group to fully exploit the datasets. Subsequently, the data will be made available to external researchers according to a controlled access system. However, all data supporting the findings of this study are available from the corresponding author upon request. Previously published code was used in this study 6 , 29 , and no new code was generated. Data from DO-HEALTH, used in the context of this project, as well as codebooks and analytic codes, will initially be reserved for the primary researchers of the Center of Aging and Mobility Research Group to fully exploit the datasets. Subsequently, the data will be made available to external researchers according to a controlled access system. However, all data supporting the findings of this study are available from "
PMC11361610,39208136,10.1371/journal.pone.0309217,2024,PloS one,"Sensorimotor functioning changes in response to global exercise versus handwriting upper limb exercise training in Parkinson's disease, results from a phase II randomised controlled trial",True,"Clinical Trial, Phase II research-article Randomized Controlled Trial ",0,0,,,False,"All data from this research are publicly available. Moraes IAP, Collett J, Silva T, Monteiro CBM, Dawes H. Upper limbs fitts' task - global exercise versus focused handwriting exercise training in Parkinson’s disease, Mendeley Data, V2, 2024. doi: 10.17632/hmzt5c3tc7.2 . All data from this research are publicly available. Moraes IAP, Collett J, Silva T, Monteiro CBM, Dawes H. Upper limbs fitts' task - global exercise versus focused handwriting exercise training in Parkinson’s disease, Mendeley Data, V2, 2024. doi: 10.17632/hmzt5c3tc7.2 ."
PMC11406116,39290846,10.12688/f1000research.147142.1,2024,F1000Research,Effectiveness of vestibular rehabilitation therapy and yoga in the management of chronic peripheral vertigo: A randomized controlled trial,True,research-article Randomized Controlled Trial Journal Article,0,0,,,False,Data Availability Statement Underlying data Harvard Dataverse: Replication Data for: Datasheet. https://doi.org/10.7910/DVN/RUCLSQ . 22
PMC11116924,38638032,10.2337/dc24-0241,2024,Diabetes care,Effect of 5:2 Regimens: Energy-Restricted Diet or Low-Volume High-Intensity Interval Training Combined With Resistance Exercise on Glycemic Control and Cardiometabolic Health in Adults With Overweight,True,"Research Support, Non-U.S. Gov't research-article Randomized Controlle",0,0,,,False,
PMC10982631,38253436,10.1136/bjsports-2023-107563,2024,British journal of sports medicine,One-year effectiveness of high-load compared with low-load strengthening exercise on self-reported function in patients with hypermobile shoulders: a secondary analysis from a randomised controlled tr,True,Equivalence Trial research-article Randomized Controlled Trial Journal,0,0,,,True,Data Availability Statement Data are available on reasonable request. Data are available on reasonable request. Data are available on reasonable request.
PMC11184365,38888088,10.14814/phy2.16100,2024,Physiological reports,Effect of resistance training and chicken meat on muscle strength and mass and the gut microbiome of older women: A randomized controlled trial,True,research-article Randomized Controlled Trial Journal Article,0,0,,,True,DATA AVAILABILITY STATEMENT The datasets generated in this study are available from the corresponding author upon request. The datasets generated in this study are available from the corresponding author upon request.
PMC10823991,38288463,10.7717/peerj.16799,2024,PeerJ,"Effect of dynamic taping on neck pain, disability, and quality of life in patients with chronic non-specific neck pain: a randomized sham-control trial",True,research-article Randomized Controlled Trial Journal Article,0,0,,,False,"Data Availability Statement The following information was supplied regarding data availability: The data is available in the Supplemental File . The code book for the dataset is available at figshare: Sidiq, Mohammad (2023). Code Book Dynamic Tape. figshare. Dataset. https://doi.org/10.6084/m9.figshare.24164967.v1 . The following information was supplied regarding data availability: The data is available in the Supplemental File . The code book for the dataset is available at figshare: Sidiq, Mohammad (2023). Code Book Dynamic Tape. figshare. Dataset. https://doi.org/10.6084/m9.figshare.24164967.v1 . The following information was supplied regarding data availability: The data is available in the Supplemental File . The code book for the dataset is available at figshare: Sidiq, Mohammad (2023). Code Book Dynamic Tape. figshare. Dataset. https://doi.org/10.6084/m9.figshare.24164967.v1 ."
PMC10910646,38423582,10.1136/bmjment-2023-300885,2024,BMJ mental health,Work Engagement and Well-being Study (SWELL): a randomised controlled feasibility trial evaluating the effects of mindfulness versus light physical exercise at work,True,research-article Randomized Controlled Trial Pragmatic Clinical Trial ,0,0,,,False,Data Availability Statement No data are available. No data are available. No data are available.
PMC10949634,38500191,10.1186/s13063-024-07998-x,2024,Trials,The IMPROVE trial: study protocol for a pragmatic cluster randomised controlled trial to assess the effectiveness of using lay health workers to improve uptake and completion of pulmonary rehabilitati,True,Clinical Trial Protocol research-article Journal Article,0,0,,,False,"Availability of data and materials Data will be available after the end of the trial. King’s College London operates a research data repository, King’s Open Research Data System (KORDS), based on the Figshare® data repository system."
PMC11414122,39304954,10.1186/s13063-024-08462-6,2024,Trials,Chronic stress and functional health in older adults with concerns about falling: a study protocol of a randomized controlled trial with multicomponent exercise intervention (FEARFALL),True,Clinical Trial Protocol research-article Journal Article,0,0,,,False,"Data Availability Statement The final data set is available for the principal investigators. After study completion, data access can be granted upon request. It is planned to make the database accessible in a public repository (e.g., DRYAD https://datadryad.org/ ). The final data set is available for the principal investigators. After study completion, data access can be granted upon request. It is planned to make the database accessible in a public repository (e.g., DRYAD https://datadryad.org/ ). The final data set is available for the principal investigators. After study completion, data access can be granted upon request. It is planned to make the database accessible in a public repository (e.g., DRYAD https://datadryad.org/ )."
PMC11365477,39221286,10.7717/peerj.17839,2024,PeerJ,Comparative analysis of biomechanical characteristics between the new Tai Chi elastic band exercise for opening and closing movement and elastic band resistance training for the reverse fly movement,True,Comparative Study research-article Randomized Controlled Trial Journal,0,0,,,False,Data Availability Statement The following information was supplied regarding data availability: The data is available at Figshare: Liu Mingyu. Raw data of the new Tai Chi elastic band exercise and elastic band resistance training. figshare. Dataset. https://doi.org/10.6084/m9.figshare.25182362 . The following information was supplied regarding data availability: The data is available at Figshare: Liu Mingyu. Raw data of the new Tai Chi elastic band exercise and elastic band resistance training. figshare. Dataset. https://doi.org/10.6084/m9.figshare.25182362 . The following information was supplied regarding data availability: The data is available at Figshare: Liu Mingyu. Raw data of the new Tai Chi elastic band exercise and elastic band resistance training. figshare. Dataset. https://doi.org/10.6084/m9.figshare.25182362 .
PMC11615107,38558387,10.1007/s13760-024-02517-w,2024,Acta neurologica Belgica,Effect of Pilates exercises on balance and gross motor coordination in children with Down syndrome,True,research-article Randomized Controlled Trial Journal Article,0,0,,,False,
PMC11388008,39182253,10.1016/j.jaim.2024.101030,2024,Journal of Ayurveda and integrative medicine,Effects of yoga and add on Ayurvedic Kati Basti therapy for patients with chronic low back pain: A randomized controlled trial,True,research-article Journal Article,0,0,,,False,Data Availability Statement Data can be obtained from the author on request. Data can be obtained from the author on request. Data can be obtained from the author on request.
PMC10916129,38448804,10.1186/s12877-024-04833-5,2024,BMC geriatrics,Cost-effectiveness of prehabilitation of elderly frail or pre-frail patients prior to elective surgery (PRAEP-GO) versus usual care - Protocol for a health economic evaluation alongside a randomized c,True,"Clinical Trial Protocol Research Support, Non-U.S. Gov't research-arti",0,0,,,False,Availability of data and materials Not applicable.
PMC11220381,38946697,10.3344/kjp.24098,2024,The Korean journal of pain,"Is conventional radiofrequency ablation of the superolateral branch, one of the three genicular nerves targeted as standard, necessary or not? A non-inferiority randomized controlled trial",True,research-article Journal Article,0,0,,,False,
PMC11641579,39685030,10.3390/healthcare12232408,2024,"Healthcare (Basel, Switzerland)","Short-Term Effects of Conventional Chest Physiotherapy and Expiratory Flow Increase Technique on Respiratory Parameters, Heart Rate, and Pain in Mechanically Ventilated Premature Neonates: A Randomize",True,research-article Journal Article,0,0,,,False,Data Availability Statement The original data presented in the study are openly available in Mendeley Data [ 51 ]. The original data presented in the study are openly available in Mendeley Data [ 51 ]. The original data presented in the study are openly available in Mendeley Data [ 51 ].
PMC11077891,38715134,10.1186/s13102-024-00894-6,2024,"BMC sports science, medicine & rehabilitation",The effects of kettlebell training versus resistance training using the own body mass on physical fitness and physiological adaptations in obese adults: a randomized controlled trial,True,research-article Journal Article,0,0,,,True,Data Availability Statement The datasets generated during and analyzed during the current study are not publicly available due to confidential information about the participants but are available from the corresponding author on reasonable request. The datasets generated during and analyzed during the current study are not publicly available due to confidential information about the participants but are available from the corresponding author on reasonable request. The datasets generated during and analyzed during the current study are not publicly available due to confidential information about the participants but are available from the corresponding author on reasonable request.
PMC11091470,38745911,10.2147/prbm.s455305,2024,Psychology research and behavior management,Exploring Temporal and Intensity Effects of Resistance Exercise on Inhibition: A Four-Arm Crossover Randomized Controlled Trial,True,research-article Journal Article,0,0,,,False,
PMC10870815,38355154,10.1136/bmj-2023-075847,2024,BMJ (Clinical research ed.),Effect of exercise for depression: systematic review and network meta-analysis of randomised controlled trials,True,research-article Systematic Review Network Meta-Analysis Journal Artic,0,0,,,False,
PMC11295579,39095724,10.1186/s12889-024-19306-y,2024,BMC public health,"Short, frequent physical activity breaks improve working memory while preserving cerebral blood flow in adolescents during prolonged sitting - AbbaH teen, a randomized crossover trial",True,"Research Support, Non-U.S. Gov't research-article Randomized Controlle",0,0,,,True,"Data availability The datasets are not available for download as the ethical approval does not permit this, however, the disidentified data are available on reasonable request to the first author. The data are held at the Swedish School of Sport and Health Sciences, Sweden."
PMC11409911,39296351,10.12688/f1000research.140342.4,2023,F1000Research,"Effects of a low, medium, and high-intensity aquatic physiotherapy protocol on functional and biochemical parameters in individuals with knee osteoarthritis: protocol for a crossover randomized contro",True,Clinical Trial Protocol other Journal Article,0,0,,,False,Data Availability Statement Underlying data No data are associated with this article.
PMC10703251,38060549,10.1371/journal.pone.0295115,2023,PloS one,Chiropractic spinal manipulative therapy for acute neck pain: A 4-arm clinical placebo randomized controlled trial. A prospective study protocol,True,"Clinical Trial Protocol Research Support, Non-U.S. Gov't research-arti",0,0,,,False,Data Availability Statement No datasets were generated or analysed during the current study. All relevant data from this study will be made available upon study completion. No datasets were generated or analysed during the current study. All relevant data from this study will be made available upon study completion. No datasets were generated or analysed during the current study. All relevant data from this study will be made available upon study completion.
PMC9860430,36657217,10.1016/j.bjpt.2022.100469,2023,Brazilian journal of physical therapy,No evidence for stratified exercise therapy being cost-effective compared to usual exercise therapy in patients with knee osteoarthritis: Economic evaluation alongside cluster randomized controlled tr,True,research-article Randomized Controlled Trial Journal Article,0,0,,,False,
PMC11445601,39359613,10.12688/f1000research.141455.2,2023,F1000Research,The effect of manual therapy on diaphragm function in adults with asthma: Protocol for a randomized controlled trial,True,Clinical Trial Protocol other Journal Article,0,0,,,False,Data availability Underlying data No data are associated with this article.
PMC10289768,37352050,10.1097/md.0000000000034127,2023,Medicine,"Effect of abdominal binder on shoulder pain after laparoscopic gynecologic surgery: A randomized, controlled trial",True,research-article Randomized Controlled Trial Journal Article,0,0,,,False,
PMC10551960,37793919,10.1136/bmjopen-2023-073163,2023,BMJ open,Effects of tele-prehabilitation on clinical and muscular recovery in patients awaiting knee replacement: protocol of a randomised controlled trial,True,"Clinical Trial Protocol Research Support, Non-U.S. Gov't research-arti",0,0,,,False,
PMC10042356,36972231,10.1371/journal.pone.0273877,2023,PloS one,Effects of diacutaneous fibrolysis in patients with tension-type headache: A randomized controlled trial,True,research-article Randomized Controlled Trial Journal Article,0,0,,,False,Data are available on the Harvard Dataverse ( https://doi.org/10.7910/DVN/MFXI ). Data are available on the Harvard Dataverse ( https://doi.org/10.7910/DVN/MFXI ).
PMC10449141,37616239,10.1371/journal.pone.0281968,2023,PloS one,"Effects of joint mobilization combined with acupuncture on pain, physical function, and depression in stroke patients with chronic neuropathic pain: A randomized controlled trial",True,research-article Randomized Controlled Trial Journal Article,0,0,,,False,Data Availability Statement All data files are available from the public repository Figshare database ( https://doi.org/10.6084/m9.figshare.21789092 ). All data files are available from the public repository Figshare database ( https://doi.org/10.6084/m9.figshare.21789092 ). All data files are available from the public repository Figshare database ( https://doi.org/10.6084/m9.figshare.21789092 ).
PMC9806455,36129364,10.1177/17474930221129982,2023,International journal of stroke : official journal of t,Implementation of increased physical therapy intensity for improving walking after stroke: Walk 'n watch protocol for a multisite stepped-wedge cluster-randomized controlled trial,True,"Clinical Trial Protocol Research Support, Non-U.S. Gov't research-arti",0,0,,,False,
PMC9914391,36767051,10.3390/ijerph20031677,2023,International journal of environmental research and pub,Repeated Massage Improves Swimmers' Perceptions during Training Sessions but Not Sprint and Functional Performance: A Randomized Controlled Trial,True,"Research Support, Non-U.S. Gov't research-article Randomized Controlle",0,0,,,False,"Data Availability Statement The data that support the findings of this study are openly available in Mendeley Data at http://doi.org/10.17632/d88r6svvds.3 , reference number [ 32 ]. The data that support the findings of this study are openly available in Mendeley Data at http://doi.org/10.17632/d88r6svvds.3 , reference number [ 32 ]. The data that support the findings of this study are openly available in Mendeley Data at http://doi.org/10.17632/d88r6svvds.3 , reference number [ 32 ]."
PMC11319903,39139274,10.3310/nihropenres.13507.2,2023,NIHR open research,Mobility and strength training with and without protein supplements for pre-frail or frail older adults with low protein intake: the Maximising Mobility and Strength Training (MMoST) feasibility rando,True,other Journal Article,0,0,,,False,Data Availability Statement Underlying data No data are associated with this article.
PMC10612516,37901478,10.2147/cia.s413961,2023,Clinical interventions in aging,A Physiotherapy-Led Transition to Home Intervention for Older Adults Following Emergency Department Discharge: A Pilot Feasibility Randomised Controlled Trial (ED PLUS),True,research-article Randomized Controlled Trial Journal Article,0,0,,,False,
PMC12880457,37960912,10.1007/s12603-023-1982-1,2023,"The journal of nutrition, health & aging",Resistance Exercise Program in Cognitively Normal Older Adults: CERT-Based Exercise Protocol of the AGUEDA Randomized Controlled Trial,True,"Clinical Trial Protocol Research Support, Non-U.S. Gov't research-arti",0,0,,,False,
PMC9903016,36762033,10.1177/26335565231154447,2023,Journal of multimorbidity and comorbidity,Study protocol for a multicenter randomized controlled trial of personalized exercise therapy and self-management support for people with multimorbidity: The MOBILIZE study,True,research-article Journal Article,0,0,,,False,
PMC10324133,37407950,10.1186/s12885-023-11137-1,2023,BMC cancer,Promoting physical activity through supervised vs motivational behavior change interventions in breast cancer survivors on aromatase inhibitors (PAC-WOMAN): protocol for a 3-arm pragmatic randomized c,True,Clinical Trial Protocol research-article Journal Article,0,0,,,True,Availability of data and materials Anonymized trial data will be available from the corresponding author upon reasonable request for non-commercial research purposes.
PMC11234080,38988644,10.12688/f1000research.130932.2,2023,F1000Research,Effects of Ashwagandha ( &lt;i&gt;Withania somnifera&lt;/i&gt;) standardized root extract on physical endurance and VO &lt;sub&gt;2max&lt;/sub&gt; in healthy adults performing resistance training: An ,True,research-article Multicenter Study Randomized Controlled Trial Journal,0,0,,,False,"Data Availability Statement Underlying data Figshare: Ashwagandha_Muscle study, https://doi.org/10.6084/m9.figshare.22081895.v4 . 34 The project contains the following underlying data: - Ashwagandha_Muscle study_Raw data.csv - Ashwagandha_Muscle study_Raw data.xlsx - Filled consort checklist - Study protocol"
PMC10239947,37284481,10.3389/fnhum.2023.1168549,2023,Frontiers in human neuroscience,Active Gains in brain Using Exercise During Aging (AGUEDA): protocol for a randomized controlled trial,True,research-article Journal Article,0,0,,,False,
PMC10300712,37368401,10.1001/jamanetworkopen.2023.20400,2023,JAMA network open,Effect of an Artificial Intelligence-Based Self-Management App on Musculoskeletal Health in Patients With Neck and/or Low Back Pain Referred to Specialist Care: A Randomized Clinical Trial,True,"Research Support, Non-U.S. Gov't research-article Randomized Controlle",0,0,,,False,
PMC10715815,37995333,10.5281/zenodo.10064325,2023,Revista medica del Instituto Mexicano del Seguro Social,[Functionality/isokinetic work of quadriceps in patients with gonarthrosis managed with prolotherapy],True,research-article Randomized Controlled Trial Journal Article English A,0,0,,,False,
PMC10475034,37660093,10.1038/s41598-023-40902-2,2023,Scientific reports,Moderate intensity aerobic exercise may enhance neuroplasticity of the contralesional hemisphere after stroke: a randomised controlled study,True,research-article Randomized Controlled Trial Journal Article,0,0,,,True,Data availability The datasets generated during used and/or analysed during the current study available from the corresponding author on reasonable request.
PMC10447378,36572534,10.1136/thorax-2022-218754,2023,Thorax,Brain activity measured by functional brain imaging predicts breathlessness improvement during pulmonary rehabilitation,True,"Research Support, Non-U.S. Gov't research-article Randomized Controlle",0,0,,,True,Data Availability Statement Data are available on reasonable request. Data are available on reasonable request. Data are available on reasonable request.
PMC10667977,37943591,10.2196/49377,2023,JMIR research protocols,Feasibility and Effectiveness of a Personalized Home-Based Motor-Cognitive Training Program in Community-Dwelling Older Adults: Protocol for a Pragmatic Pilot Randomized Controlled Trial,True,research-article Journal Article,0,0,,,False,"Data Availability Statement Pending approval by the responsible local ethics committees, all data will be publicly available on Zenodo. Otherwise, data will be available to researchers upon reasonable request. Pending approval by the responsible local ethics committees, all data will be publicly available on Zenodo. Otherwise, data will be available to researchers upon reasonable request. Pending approval by the responsible local ethics committees, all data will be publicly available on Zenodo. Otherwise, data will be available to researchers upon reasonable request."
PMC9976179,36856104,,2023,Journal of musculoskeletal & neuronal interactions,Electrophysiological responses to Kabat motor control re-education on Bell's Palsy: A randomized controlled study,True,research-article Randomized Controlled Trial Journal Article,0,0,,,False,
PMC9014577,35436968,10.1186/s13063-022-06282-0,2022,Trials,Efficacy of leg swing versus quadriceps strengthening exercise among patients with knee osteoarthritis: study protocol for a randomized controlled trial,True,Clinical Trial Protocol research-article Journal Article,0,0,,,False,"Data Availability Statement The protocol manuscript does not contain any data, so currently, no additional data are available. The datasets generated and analyzed during the trial will be available in the Figshare repository. The protocol manuscript does not contain any data, so currently, no additional data are available. The datasets generated and analyzed during the trial will be available in the Figshare repository. The protocol manuscript does not contain any data, so currently, no additional data are available. The datasets generated and analyzed during the trial will be available in the Figshare repository."
PMC9476152,36104105,10.1136/bmjresp-2022-001414,2022,BMJ open respiratory research,Pilot study of physiotherapist-led versus music therapist-led breathing control exercises for young adults living with breathing pattern disorder: a randomised controlled trial protocol,True,"Clinical Trial Protocol Research Support, Non-U.S. Gov't research-arti",0,0,,,False,
PMC9295673,35840303,10.1136/bmjopen-2022-063250,2022,BMJ open,It's safe to move! A protocol for a randomised controlled trial investigating the effect of a video designed to increase people's confidence becoming more active despite back pain,True,"Clinical Trial Protocol Research Support, Non-U.S. Gov't research-arti",0,0,,,False,
PMC9690138,36429924,10.3390/ijerph192215199,2022,International journal of environmental research and pub,Effect of Transcranial Direct Current Stimulation Augmented with Motor Imagery and Upper-Limb Functional Training for Upper-Limb Stroke Rehabilitation: A Prospective Randomized Controlled Trial,True,"Research Support, Non-U.S. Gov't research-article Randomized Controlle",0,0,,,True,Data Availability Statement The data presented in this study are available on request from the corresponding author. The data presented in this study are available on request from the corresponding author. The data presented in this study are available on request from the corresponding author.
PMC9357372,35945943,10.7717/peerj.13471,2022,PeerJ,Randomized feasibility trial of the Scleroderma Patient-centered Intervention Network hand exercise program (SPIN-HAND),True,"Research Support, Non-U.S. Gov't research-article Randomized Controlle",0,0,,,False,"Data Availability Statement The following information was supplied regarding data availability: The de-identified individual participant data is available at McGill University Dataverse: Kwakkenbos, Linda and Carrier, Marie-Eve and Welling, Joep and Turner, Kimberly A. and Cumin, Julie and Pépin, Mia and van den Ende, Cornelia and Schouffoer, Anne A. and Hudson, Marie and van Breda, Ward and Sauve, Maureen and Mayes, Maureen D. and Malcarne, Vanessa L. and Nielson, Warren R. and Nguyen, Christelle and Boutron, Isabelle and Rannou, François and Thombs, Brett D. and Mouthon, Luc. 2022. SPIN-HAND Feasibility Trial Results. DOI 10.5683/SP3/TJKGA2 . The following information was supplied regarding data availability: The de-identified individual participant data is available at McGill University Dataverse: Kwakkenbos, Linda and Carrier, Marie-Eve and Welling, Joep and Turner, Kimberly A. and Cumin, Julie and Pépin, Mia and van den Ende, Cornelia and Schouffoer, Anne A. and Hudson, Marie and "
PMC9619097,36325522,10.3389/fspor.2022.1010054,2022,Frontiers in sports and active living,Sensor-based intervention to enhance movement control of the spine in low back pain: Protocol for a quasi-randomized controlled trial,True,methods-article Journal Article,0,0,,,False,
PMC9186458,35642697,,2022,Journal of musculoskeletal & neuronal interactions,Effects of a core stability exercise program on balance and coordination in children with cerebellar ataxic cerebral palsy,True,research-article Randomized Controlled Trial Journal Article,0,0,,,False,
PMC9577919,36253042,10.1136/bmjopen-2022-066066,2022,BMJ open,Effect of functional relaxation on the quality of life in patients with periprosthetic joint infection: Protocol for a randomised controlled trial,True,Clinical Trial Protocol research-article Journal Article,0,0,,,False,
PMC9189509,35695009,10.1177/17534666221091179,2022,Therapeutic advances in respiratory disease,Effect of physical training on cytokine expression in CD4+ T lymphocytes in subjects with stable COPD,True,"Research Support, Non-U.S. Gov't research-article Randomized Controlle",0,0,,,False,
PMC9626913,35649707,10.1136/bjsports-2021-105223,2022,British journal of sports medicine,Short-term effectiveness of high-load compared with low-load strengthening exercise on self-reported function in patients with hypermobile shoulders: a randomised controlled trial,True,research-article Journal Article,0,0,,,True,Data availability statement Data are available upon reasonable request. Data are available upon reasonable request.
PMC9528903,36199287,10.7717/peerj.14142,2022,PeerJ,Progressive overload without progressing load? The effects of load or repetition progression on muscular adaptations,True,"Research Support, Non-U.S. Gov't research-article Randomized Controlle",0,0,,,False,The following information was supplied regarding data availability: The raw data for outcomes are available as a Supplemental File .
PMC8862268,35189970,10.1186/s40814-022-01003-5,2022,Pilot and feasibility studies,"Comparison of time-matched aerobic, resistance or combined exercise training in women living with obesity: a protocol for a pilot randomised controlled trial-the EXOFFIT (Exercise for Obesity in Femal",True,research-article Journal Article,0,0,,,False,"Data Availability Statement Data of relevance to the reported findings are included in the main body of the paper with additional data provided as supplementary information. Datasets generated and/or analysed during this study will be made available in an online repository following the conclusion of the study. During the course of the study, all electronic data will be stored on the institution’s encrypted drive and on an institution’s encrypted computer. Along with the hard copies of the data, this computer will be stored in a locked filing cabinet in a locked office in the institution which only the research team have access to. Data of relevance to the reported findings are included in the main body of the paper with additional data provided as supplementary information. Datasets generated and/or analysed during this study will be made available in an online repository following the conclusion of the study. During the course of the study, all electronic data will be stored on the i"
PMC9779705,36554577,10.3390/ijerph192416697,2022,International journal of environmental research and pub,Feasibility of Remote Delivering an Exercise and Lifestyle Education Program for Individuals Living with Prediabetes and Diabetes in Brazil,True,"Research Support, Non-U.S. Gov't research-article Randomized Controlle",0,0,,,False,Data Availability Statement Not applicable.
PMC9759167,36181471,10.1210/clinem/dgac549,2022,The Journal of clinical endocrinology and metabolism,Liraglutide for Weight Management in Children and Adolescents With Prader-Willi Syndrome and Obesity,True,"Research Support, Non-U.S. Gov't research-article Multicenter Study Ra",0,0,,,False,Data Availability Statement Data will be shared with bona fide researchers who submit a research proposal approved by an independent review board. Individual patient data will be shared in datasets in a de-identified and anonymized format. Data will be made available after research completion and approval of the product and product use in the EU and the USA. Information about data access request proposals can be found at novonordisk-trials.com. Data will be shared with bona fide researchers who submit a research proposal approved by an independent review board. Individual patient data will be shared in datasets in a de-identified and anonymized format. Data will be made available after research completion and approval of the product and product use in the EU and the USA. Information about data access request proposals can be found at novonordisk-trials.com. Data will be shared with bona fide researchers who submit a research proposal approved by an independent review board. Individual 
PMC9019539,35444259,10.1038/s41598-022-10481-9,2022,Scientific reports,"Effects of exercise on NAFLD using non-targeted metabolomics in adipose tissue, plasma, urine, and stool",True,"Research Support, Non-U.S. Gov't research-article Randomized Controlle",0,0,,,False,
PMC8601362,34797287,10.1097/md.0000000000027647,2021,Medicine,Effect of Tai Chi exercise on lower limb function and balance ability in patients with knee osteoarthritis: A protocol of a randomized controlled trial,True,Clinical Trial Protocol research-article Journal Article,0,0,,,False,
PMC8401372,34454458,10.1186/s12891-021-04561-6,2021,BMC musculoskeletal disorders,"The EPIPHA-KNEE trial: Explaining Pain to target unhelpful pain beliefs to Increase PHysical Activity in KNEE osteoarthritis - a protocol for a multicentre, randomised controlled trial with clinical- ",True,Clinical Trial Protocol research-article Journal Article,0,0,,,True,Data Availability Statement The datasets used and/or analysed during the current study will be available from the corresponding author (tasha.stanton@unisa.edu.au) on reasonable request once the study has been completed. The datasets used and/or analysed during the current study will be available from the corresponding author (tasha.stanton@unisa.edu.au) on reasonable request once the study has been completed. The datasets used and/or analysed during the current study will be available from the corresponding author (tasha.stanton@unisa.edu.au) on reasonable request once the study has been completed.
PMC8078235,33879680,10.1097/md.0000000000025476,2021,Medicine,Efficacy and safety of Biqi capsule in the treatment of knee osteoarthritis: A protocol of a randomized controlled trial,True,Clinical Trial Protocol research-article Journal Article,0,0,,,False,
PMC8542151,34678874,10.1097/md.0000000000027446,2021,Medicine,Effect of Tai Chi on cardiac function in patients with myocardial infarction: A protocol for a randomized controlled trial,True,Clinical Trial Protocol research-article Journal Article,0,0,,,False,
PMC8460029,34555068,10.1371/journal.pone.0257595,2021,PloS one,Effects of specific inspiratory muscle training combined with whole-body endurance training program on balance in COPD patients: Randomized controlled trial,True,research-article Randomized Controlled Trial Journal Article,0,0,,,False,Data Availability Statement All relevant data are within the manuscript and its Supporting Information files. All relevant data are within the manuscript and its Supporting Information files. All relevant data are within the manuscript and its Supporting Information files.
PMC7808620,33444359,10.1371/journal.pone.0244893,2021,PloS one,Effect of aerobic exercise on amyloid accumulation in preclinical Alzheimer's: A 1-year randomized controlled trial,True,"Research Support, Non-U.S. Gov't research-article Randomized Controlle",0,0,,,False,"Data Availability Statement All files are available from the Harvard Dataverse database (Vidoni, Eric, 2020, ""Alzheimer's Prevention Through Exercise (APEx) - NCT02000583 "", https://doi.org/10.7910/DVN/B9I1F8 , Harvard Dataverse, V1, UNF:6:pgNe0pp64djpi7AAdwhBiw== [fileUNF]). All files are available from the Harvard Dataverse database (Vidoni, Eric, 2020, ""Alzheimer's Prevention Through Exercise (APEx) - NCT02000583 "", https://doi.org/10.7910/DVN/B9I1F8 , Harvard Dataverse, V1, UNF:6:pgNe0pp64djpi7AAdwhBiw== [fileUNF]). All files are available from the Harvard Dataverse database (Vidoni, Eric, 2020, ""Alzheimer's Prevention Through Exercise (APEx) - NCT02000583 "", https://doi.org/10.7910/DVN/B9I1F8 , Harvard Dataverse, V1, UNF:6:pgNe0pp64djpi7AAdwhBiw== [fileUNF])."
PMC8733654,35002919,10.3389/fneur.2021.752830,2021,Frontiers in neurology,HomeCoRe for Telerehabilitation in Mild or Major Neurocognitive Disorders: A Study Protocol for a Randomized Controlled Trial,True,methods-article Journal Article,0,0,,,False,
PMC8068518,33907457,10.2147/jpr.s310385,2021,Journal of pain research,Optimal Acupuncture Methods for Nonspecific Low Back Pain: A Systematic Review and Bayesian Network Meta-Analysis of Randomized Controlled Trials,True,review-article Review Journal Article,0,0,,,False,
PMC7924734,33651849,10.1371/journal.pone.0248031,2021,PloS one,Evaluating the effects of embedded self-massage practice on strength performance: A randomized crossover pilot trial,True,research-article Randomized Controlled Trial Journal Article,0,0,,,False,Data Availability Statement All relevant data are within the paper and its Supporting Information files. All relevant data are within the paper and its Supporting Information files. All relevant data are within the paper and its Supporting Information files.
PMC7798256,33431040,10.1186/s40814-020-00763-2,2021,Pilot and feasibility studies,Evaluating a web- and telephone-based personalised exercise intervention for individuals living with metastatic prostate cancer (ExerciseGuide): protocol for a pilot randomised controlled trial,True,research-article Journal Article,0,0,,,False,Data Availability Statement Not applicable. Not applicable. Not applicable.
PMC8673496,34250945,10.3233/jnd-210634,2021,Journal of neuromuscular diseases,Clinical Outcome Evaluations and CBT Response Prediction in Myotonic Dystrophy,True,research-article Randomized Controlled Trial Journal Article,0,0,,,False,
PMC7721225,33035370,10.1002/hbm.25211,2021,Human brain mapping,Cortical thickness as predictor of response to exercise in people with Parkinson's disease,True,"Research Support, Non-U.S. Gov't research-article Randomized Controlle",0,0,,,False,DATA AVAILABILITY STATEMENT Data sharing is not applicable to this article as no new data were created or analyzed in this study. Data sharing is not applicable to this article as no new data were created or analyzed in this study.
PMC7281957,32513153,10.1186/s12891-020-03375-2,2020,BMC musculoskeletal disorders,The effects of integrating work-related factors and improving cooperation in musculoskeletal physical therapy practice: protocol for the 'WORK TO BE DONE' cluster randomised controlled trial,True,Clinical Trial Protocol research-article Journal Article,0,0,,,False,Data Availability Statement Not applicable. Not applicable. Not applicable.
PMC7702168,33299545,10.12688/f1000research.22040.1,2020,F1000Research,Findings of a feasibility study of pre-operative pulmonary rehabilitation to reduce post-operative pulmonary complications in people with chronic obstructive pulmonary disease scheduled for major abdo,True,"brief-report Research Support, Non-U.S. Gov't Randomized Controlled Tr",0,0,,,False,Data availability Underlying data All data underlying the results are available as part of the article and no additional source data are required.
PMC7212581,32393320,10.1186/s13063-020-04271-9,2020,Trials,"Usual care including home exercise with versus without spa therapy for chronic low back pain: protocol for the LOMBATHERM' study, a multicentric randomised controlled trial",True,Clinical Trial Protocol Comparative Study research-article Journal Art,0,0,,,False,Data Availability Statement Data sharing is not applicable to this article as no datasets were generated or analysed during the current study. Data sharing is not applicable to this article as no datasets were generated or analysed during the current study. Data sharing is not applicable to this article as no datasets were generated or analysed during the current study.
PMC7486077,32915891,10.1371/journal.pone.0238937,2020,PloS one,Effect of the trajectory of exertional breathlessness on symptom recall and anticipation: A randomized controlled trial,True,"Research Support, Non-U.S. Gov't research-article Randomized Controlle",0,0,,,False,Data Availability Statement All relevant data are available at the Hardvard dataverse repository at https://doi.org/10.7910/DVN/QMQOCV . All relevant data are available at the Hardvard dataverse repository at https://doi.org/10.7910/DVN/QMQOCV . All relevant data are available at the Hardvard dataverse repository at https://doi.org/10.7910/DVN/QMQOCV .
PMC7288385,32481241,10.5281/zenodo.7493149,2020,Journal of musculoskeletal & neuronal interactions,Therapeutic value of kinesio taping in reducing lower back pain and improving back muscle endurance in adolescents with hemophilia,True,research-article Randomized Controlled Trial Journal Article,0,0,,,False,
PMC6999897,32017777,10.1371/journal.pone.0227263,2020,PloS one,Effects of remote limb ischemic conditioning on muscle strength in healthy young adults: A randomized controlled trial,True,research-article Randomized Controlled Trial Journal Article Research ,0,0,,,False,"Data underlying the study is available on NIH Figshare Instance, DOI: https://doi.org/10.35092/yhjc.11606319.v1 . Data underlying the study is available on NIH Figshare Instance, DOI: https://doi.org/10.35092/yhjc.11606319.v1 ."
PMC7089730,32020565,10.1007/s12325-020-01244-x,2020,Advances in therapy,"Prolonged-Release (PR) Oxycodone/Naloxone Improves Bowel Function Compared with Oxycodone PR and Provides Effective Analgesia in Chinese Patients with Non-malignant Pain: A Randomized, Double-Blind Tr",True,"Clinical Trial, Phase III Research Support, Non-U.S. Gov't research-ar",0,0,,,False,"Data Availability Statement The datasets generated, analyzed, and reported within this manuscript may be requested in accordance with the Data Sharing Policy of Mundipharma Research Limited, available from www.mundipharma-rd.eu . The datasets generated, analyzed, and reported within this manuscript may be requested in accordance with the Data Sharing Policy of Mundipharma Research Limited, available from www.mundipharma-rd.eu . The datasets generated, analyzed, and reported within this manuscript may be requested in accordance with the Data Sharing Policy of Mundipharma Research Limited, available from www.mundipharma-rd.eu ."
PMC7085547,32182674,10.3390/s20051482,2020,"Sensors (Basel, Switzerland)",Effects of Whole-Body Electromyostimulation on Physical Fitness in Postmenopausal Women: A Randomized Controlled Trial,True,research-article Randomized Controlled Trial Journal Article,0,0,,,False,
PMC7302707,32555624,10.1371/journal.pone.0234692,2020,PloS one,The consequences of exercise-induced weight loss on food reinforcement. A randomized controlled trial,True,research-article Randomized Controlled Trial Journal Article Research ,0,0,,,False,"All data is available on figshare, DOI: 10.6084/m9.figshare.12081624 . All data is available on figshare, DOI: 10.6084/m9.figshare.12081624 ."
PMC7440893,32647051,10.2337/dc20-0342,2020,Diabetes care,Effect of High-Intensity Interval Training on Glycemic Control in Adults With Type 1 Diabetes and Overweight or Obesity: A Randomized Controlled Trial With Partial Crossover,True,"Research Support, Non-U.S. Gov't research-article Randomized Controlle",0,0,,,False,
PMC7603188,33081069,10.3390/jcm9103348,2020,Journal of clinical medicine,"Effectiveness of a Multicomponent Treatment for Fibromyalgia Based on Pain Neuroscience Education, Exercise Therapy, Psychological Support, and Nature Exposure (NAT-FM): A Pragmatic Randomized Control",True,research-article Journal Article,0,0,,,False,
PMC6513933,30868475,10.1007/s40122-019-0119-z,2019,Pain and therapy,A Pulsed Electromagnetic Field Therapy Device for Non-Specific Low Back Pain: A Pilot Randomized Controlled Trial,True,Journal Article case-report,0,0,,,True,Data Availability The data sets generated during and/or analyzed during the current study are available from the corresponding author on reasonable request. The data sets generated during and/or analyzed during the current study are available from the corresponding author on reasonable request.
PMC6700382,31456995,10.3389/fped.2019.00333,2019,Frontiers in pediatrics,Resistance Training Combined With Stretching Increases Tendon Stiffness and Is More Effective Than Stretching Alone in Children With Cerebral Palsy: A Randomized Controlled Trial,True,Journal Article Case Reports case-report,0,0,,,False,Data Availability The dataset generated for this study can be found on figshare ( https://figshare.shef.ac.uk/s/1f6a6d565083e49cab1e ). The dataset generated for this study can be found on figshare ( https://figshare.shef.ac.uk/s/1f6a6d565083e49cab1e ).
PMC6824457,30968336,10.1007/s12325-019-00944-3,2019,Advances in therapy,Efficacy of Triamcinolone Acetonide Extended-Release in Participants with Unilateral Knee Osteoarthritis: A Post Hoc Analysis,True,"Research Support, Non-U.S. Gov't research-article Randomized Controlle",0,0,,,True,Data Availability Statement The datasets generated during and/or analyzed during the current study are available from the corresponding author on reasonable request. The datasets generated during and/or analyzed during the current study are available from the corresponding author on reasonable request. The datasets generated during and/or analyzed during the current study are available from the corresponding author on reasonable request.
PMC6822871,31209699,10.1007/s12325-019-01006-4,2019,Advances in therapy,Clinical and Psychological Outcomes of the Use of Vaginal Dilators After Gynaecological Brachytherapy: a Randomized Clinical Trial,True,research-article Randomized Controlled Trial Journal Article,0,0,,,True,Data Availability Statement The data sets generated during and/or analyzed during the current study are available from the corresponding author on reasonable request. The data sets generated during and/or analyzed during the current study are available from the corresponding author on reasonable request. The data sets generated during and/or analyzed during the current study are available from the corresponding author on reasonable request.
PMC6801546,31590219,10.3390/ijerph16193739,2019,International journal of environmental research and pub,"The Limits of Cognitive Reappraisal: Changing Pain Valence, but not Persistence, during a Resistance Exercise Task",True,research-article Randomized Controlled Trial Journal Article,0,0,,,False,
PMC6531535,30949907,10.1007/s13300-019-0605-7,2019,"Diabetes therapy : research, treatment and education of","Effect of Once-Weekly Dulaglutide on Glucose Levels in Japanese Patients with Type 2 Diabetes: Findings from a Phase 4, Randomized Controlled Trial",True,research-article Journal Article,0,0,,,False,Data Availability Statement The data sets of the current study are not publicly available. Lilly provides access to the individual patient data from studies on approved medicines and indications as defined by the sponsor-specific information on http://clinicalstudydatarequest.com . Researchers need to have an approved research proposal submitted through http://clinicalstudydatarequest.com . Access to the data will be provided in a secure data sharing environment after signing a data sharing agreement. The data sets of the current study are not publicly available. Lilly provides access to the individual patient data from studies on approved medicines and indications as defined by the sponsor-specific information on http://clinicalstudydatarequest.com . Researchers need to have an approved research proposal submitted through http://clinicalstudydatarequest.com . Access to the data will be provided in a secure data sharing environment after signing a data sharing agreement. The data sets 
PMC6075745,30074996,10.1371/journal.pone.0199219,2018,PloS one,Individually-tailored multifactorial intervention to reduce falls in the Malaysian Falls Assessment and Intervention Trial (MyFAIT): A randomized controlled trial,True,"Research Support, Non-U.S. Gov't research-article Randomized Controlle",0,0,,,False,Data Availability Statement The anonymized data are available at the Figshare repository under the DOI: 10.6084/m9.figshare.5731464 . The anonymized data are available at the Figshare repository under the DOI: 10.6084/m9.figshare.5731464 . The anonymized data are available at the Figshare repository under the DOI: 10.6084/m9.figshare.5731464 .
PMC6314771,30593158,10.1097/md.0000000000013782,2018,Medicine,Randomized study of the impact of a therapeutic education program on patients suffering from chronic low-back pain who are treated with transcutaneous electrical nerve stimulation,True,research-article Randomized Controlled Trial Journal Article,0,0,,,False,
PMC6313041,30511958,,2018,Journal of musculoskeletal & neuronal interactions,Effect of twister wrap orthosis on foot pressure distribution and balance in diplegic cerebral palsy,True,research-article Randomized Controlled Trial Journal Article,0,0,,,False,
PMC5513109,28716108,10.1186/s13063-017-2055-8,2017,Trials,"Esoteric Connective Tissue Therapy for chronic low back pain to reduce pain, and improve functionality and general well-being compared with physiotherapy: study protocol for a randomised controlled tr",True,Retracted Publication Comparative Study research-article Multicenter S,0,0,,,False,"Data Availability Statement De-identified data will be made available. Data will not include potential identifiers, consistent with the publication “Preparing Raw Clinical Data for Publication: Guidance for Journal Editors, Authors, and Peer Reviewers” [ 117 ]. In effect, this means their ages, height and weight will be categorised into intervals for reporting purposes. The data will most probably be stored with the Open Science Framework ( https://osf.io/ ). De-identified data will be made available. Data will not include potential identifiers, consistent with the publication “Preparing Raw Clinical Data for Publication: Guidance for Journal Editors, Authors, and Peer Reviewers” [ 117 ]. In effect, this means their ages, height and weight will be categorised into intervals for reporting purposes. The data will most probably be stored with the Open Science Framework ( https://osf.io/ ). De-identified data will be made available. Data will not include potential identifiers, consistent w"
PMC5302785,28187125,10.1371/journal.pone.0170547,2017,PloS one,Aerobic exercise for Alzheimer's disease: A randomized controlled pilot trial,True,research-article Randomized Controlled Trial Journal Article,0,0,,,False,The data are available from the Harvard Dataverse (doi: 10.7910/DVN/ER8ICT ). The data are available from the Harvard Dataverse (doi: 10.7910/DVN/ER8ICT ).
PMC4431827,25974049,10.1371/journal.pone.0126102,2015,PloS one,Effect of a high-intensity exercise program on physical function and mental health in nursing home residents with dementia: an assessor blinded randomized controlled trial,True,"Research Support, Non-U.S. Gov't research-article Randomized Controlle",0,0,,,False,All relevant data are located at: http://dx.doi.org/10.6084/m9.figshare.1314600 . All relevant data are located at: http://dx.doi.org/10.6084/m9.figshare.1314600 .
PMC4679993,26628523,10.1136/bmjopen-2015-008283,2015,BMJ open,Pain exposure physical therapy (PEPT) compared to conventional treatment in complex regional pain syndrome type 1: a randomised controlled trial,True,"Research Support, Non-U.S. Gov't research-article Randomized Controlle",0,0,,,False,
PMC4274104,25531294,10.1371/journal.pone.0115567,2014,PloS one,Effects of barbell deadlift training on submaximal motor unit firing rates for the vastus lateralis and rectus femoris,True,Comparative Study research-article Randomized Controlled Trial Journal,0,0,,,False,The authors confirm that all data underlying the findings are fully available without restriction. Relevant data are available at Figshare: http://dx.doi.org/10.6084/m9.figshare.1252247 The authors confirm that all data underlying the findings are fully available without restriction. Relevant data are available at Figshare: http://dx.doi.org/10.6084/m9.figshare.1252247
PMC13160342,42113766,10.1371/journal.pone.0347321,2026,PloS one,"The effectiveness of Chuna manual therapy based on radiographic malposition diagnosis in patients with non-acute low back pain: A study protocol for a randomized, assessor-blind, parallel-group, contr",False,Clinical Trial Protocol research-article Journal Article,0,0,,,False,"Data Availability Statement This article describes a study protocol and does not report any analyzed outcome data. No datasets were generated or analysed during the current study. All relevant information is within the manuscript and its Supporting Information files. Deidentified individual participant data and the statistical analysis code underlying the main trial results will be deposited in a public repository (e.g., Zenodo) and made openly available once the trial has been completed and the primary results have been published, in accordance with applicable ethical and legal requirements. This article describes a study protocol and does not report any analyzed outcome data. No datasets were generated or analysed during the current study. All relevant information is within the manuscript and its Supporting Information files. Deidentified individual participant data and the statistical analysis code underlying the main trial results will be deposited in a public repository (e.g., Zen"
PMC13078251,41979226,10.1002/ejp.70275,2026,"European journal of pain (London, England)",Does Cognitive Functional Therapy Reduce the Amount of Opioids Dispensed for Chronic Low Back Pain Over 12 Months: A Secondary Analysis From the RESTORE Trial,False,research-article Journal Article Observational Study,0,0,,,False,
PMC13218138,42203268,10.1136/bmjopen-2026-116380,2026,BMJ open,Test-retest reliability and validity of movement-evoked pain in patients with knee osteoarthritis: a methodological study protocol,False,Clinical Trial Protocol research-article Validation Study Journal Arti,0,0,,,False,
PMC13181870,41975488,10.1186/s13063-026-09690-8,2026,Trials,"C5-C6 and thoracic spine mobilization with postural correction exercise compared with conventional therapy in patients with adhesive capsulitis: a two-group, parallel-arm, single-blinded, randomized c",False,Clinical Trial Protocol research-article Journal Article,0,0,,,False,"Data availability All authors will have access to the final trial dataset. All records will be securely stored during the trial and archived according to institutional policies, with strict confidentiality maintained both during and after the study. Access to identifiable information will be restricted to study staff who require it for trial conduct. De-identified participant data, the data dictionary, and statistical code will be made available via Figshare following the completion of the study and publication process. Access to de-identified data will be open to the public or under a data use agreement, as required."
PMC13106967,42024549,10.2196/82362,2026,JMIR research protocols,Treating Chronic Pain by Modulating Phenomenological and Psychophysiological Indices of Self-Transcendence: Single-Blind Randomized Controlled Clinical Trial Protocol,False,Clinical Trial Protocol research-article Journal Article,0,0,,,True,The datasets used and/or analyzed during this study will be made available from the corresponding author on reasonable requests to qualified individuals.
PMC13059071,41949061,10.1002/ejp.70272,2026,"European journal of pain (London, England)",Distinct Grey Matter Alterations in Untreated Mild to Moderate Chronic Low Back Pain: A Longitudinal Magnetic Resonance Imaging Study,False,research-article Journal Article Observational Study,0,0,,,True,Data Availability Statement Our data are available from the corresponding author upon request. Our data are available from the corresponding author upon request. Our data are available from the corresponding author upon request.
PMC13251237,42135713,10.1186/s12891-026-09798-7,2026,BMC musculoskeletal disorders,Item difficulty of eight tests for the examination of lumbar movement control in flexion in chronic non-specific lumbar back pain - a cross-sectional study,False,research-article Journal Article Observational Study,0,0,,,True,Data Availability Statement The datasets analyzed during the current study is available from the corresponding author on reasonable request. The datasets analyzed during the current study is available from the corresponding author on reasonable request. The datasets analyzed during the current study is available from the corresponding author on reasonable request.
PMC13032399,41723453,10.1186/s12911-026-03384-6,2026,BMC medical informatics and decision making,Machine learning-based prediction of disability in subacute low back pain: a primary care study on clinical and psychosocial determinants,False,research-article Journal Article Observational Study,0,0,,,False,Data availability The code and dataset supporting this study are openly available on Zenodo at https://doi.org/10.5281/zenodo0.16885890.
PMC12928436,41729946,10.1371/journal.pone.0343294,2026,PloS one,Understanding the gut microbiome through a fitness intervention of aerobic and resistance training for individuals with type 2 diabetes mellitus (GUTFIT: A Study Protocol),False,Clinical Trial Protocol research-article Journal Article,0,0,,,False,Data Availability Statement No datasets were generated or analyzed for this protocol. No datasets were generated or analyzed for this protocol. No datasets were generated or analyzed for this protocol.
PMC13262768,42291957,10.7759/cureus.108779,2026,Cureus,Effect of Intergenerational Physiotherapy on Functional Mobility and Quality of Life in Patients With Parkinson's Disease,False,research-article Journal Article,0,0,,,False,
PMC13097932,41820865,10.1186/s12882-026-04891-4,2026,BMC nephrology,Anabolic and catabolic responses to different modes of exercise in patients with chronic kidney disease,False,research-article Journal Article Observational Study,0,0,,,False,"Availability of data The datasets supporting the conclusions of this article are available in the University of Leicester Figshare repository (Watson, Emma (2025). ExTra CKD Biopsy Analysis. University of Leicester. Dataset. https://figshare.le.ac.uk/articles/dataset/_/30665759 Data availability The datasets supporting the conclusions of this article are available in the University of Leicester Figshare repository (Watson, Emma (2025). ExTra CKD Biopsy Analysis. University of Leicester. Dataset. https://figshare.le.ac.uk/articles/dataset/_/30665759 The datasets supporting the conclusions of this article are available in the University of Leicester Figshare repository (Watson, Emma (2025). ExTra CKD Biopsy Analysis. University of Leicester. Dataset. https://figshare.le.ac.uk/articles/dataset/_/30665759"
PMC12985288,41828444,10.3390/ijms27052216,2026,International journal of molecular sciences,"Serum Dkk-1 Is Associated with Pain Intensity, Flare-Ups, and Bone Mineral Density in Non-Obese Patients with Knee Osteoarthritis: A Single-Center, Cross-Sectional Study",False,research-article Journal Article,0,0,,,False,"Data Availability Statement The data presented in this study are openly available as: Nagy, Előd Ernő; Nagy-Finna, Csilla (2026), “Knee_OA_72_data_2026”, Mendeley Data, V1, DOI: 10.17632/m5b9hfbkk8.2."
PMC12838228,41578219,10.1186/s12877-026-07013-9,2026,BMC geriatrics,Digital home-based physical activity promotion for older adults after total hip arthroplasty: protocol for the randomized controlled iPATH trial,False,Clinical Trial Protocol research-article Journal Article,0,0,,,False,Data availability No datasets were generated or analysed during the current study.
PMC13088719,41992252,10.1186/s12998-026-00628-0,2026,Chiropractic & manual therapies,Mediators of the effect of chiropractic care on 12- and 52-week outcomes for U.S. active-duty military personnel with low back pain: secondary analysis of a clinical trial,False,Clinical Trial research-article Journal Article,0,0,,,False,"Data Availability Statement Data analyzed in the current study are available from Palmer College of Chiropractic, on reasonable request. Data analyzed in the current study are available from Palmer College of Chiropractic, on reasonable request. Data analyzed in the current study are available from Palmer College of Chiropractic, on reasonable request."
PMC13011724,41691213,10.1186/s12909-026-08806-7,2026,BMC medical education,From mannequins to humans - are manual therapy motor skills transferable? A mixed-methods study,False,research-article Journal Article Observational Study,0,0,,,True,Data Availability Statement The datasets used and/or analyzed during the current study are available from the corresponding author on reasonable request. The datasets used and/or analyzed during the current study are available from the corresponding author on reasonable request. The datasets used and/or analyzed during the current study are available from the corresponding author on reasonable request.
PMC13173323,42130367,10.1111/bjhp.70082,2026,British journal of health psychology,Does preference for self-reliance moderate associations of health-related social control with physical activity and smoking cessation? Two intensive longitudinal studies,False,research-article Journal Article,0,0,,,True,DATA AVAILABILITY STATEMENT The data that support the findings of this study are available upon request. The data that support the findings of this study are available upon request.
PMC12967356,41700620,10.1177/17448069261427979,2026,Molecular pain,"Beyond restless sleep: A cross-sectional study of obstructive sleep apnea risk, aging biomarkers, and chronic low back pain",False,research-article Journal Article,0,0,,,False,
PMC12936652,41672492,10.2196/87613,2026,JMIR research protocols,Quantitative Understanding of Advanced Novel Imaging Techniques for Fasciitis and Biosignature Yield (Quantify): Protocol for a Cross-Sectional Diagnostic Study,False,Clinical Trial Protocol research-article Journal Article,0,0,,,False,"Data Availability Statement In compliance with the findability, accessibility, interoperability, and reusability principles, data will be deposited in the University of Iowa’s open access institutional repository, Iowa Research Online. This repository is maintained by the University of Iowa Libraries to preserve and share scholarly work. Individual participant data will be shared upon publication. Primary outcome data and all information necessary to validate the research findings of this study will be preserved and made available to support reproducibility and facilitate further research that builds upon these results. In compliance with the findability, accessibility, interoperability, and reusability principles, data will be deposited in the University of Iowa’s open access institutional repository, Iowa Research Online. This repository is maintained by the University of Iowa Libraries to preserve and share scholarly work. Individual participant data will be shared upon publication."
PMC12726843,41416991,10.5281/zenodo.17477937,2026,Revista medica del Instituto Mexicano del Seguro Social,[Pharmacological adherence and cardiometabolic goals in successfully reperfused acute myocardial infarction],False,research-article Journal Article English Abstract Observational Study,0,0,,,False,
PMC13073986,41976871,10.3390/jcm15072573,2026,Journal of clinical medicine,Effectiveness on Frailty of an eHealth-Based Rehabilitation Program in Older People with Acute Heart Failure and/or Acute Coronary Syndrome: Study Protocol for a Randomized Trial and Baseline Data of ,False,research-article Journal Article,0,0,,,True,Data Availability Statement The data presented in this study are available on request from the corresponding author. The data are not publicly available due to privacy and ethical restrictions. The data presented in this study are available on request from the corresponding author. The data are not publicly available due to privacy and ethical restrictions. The data presented in this study are available on request from the corresponding author. The data are not publicly available due to privacy and ethical restrictions.
PMC13214063,42192374,10.1186/s12916-026-04956-z,2026,BMC medicine,Handgrip weakness is associated with motor cortex atrophy in rheumatoid arthritis: a cross-sectional study with a hand exercise intervention,False,research-article Journal Article Observational Study,0,0,,,True,"Data availability The RNA sequencing datasets generated and analysed during the current study are available in the NCBI GEO repository with accession [ GSE201670 ](https:/www.ncbi.nlm.nih.gov/geo/query/acc.cgi? acc= GSE201670 ) (CD14⁺) and [ GSE201669 ](https:/www.ncbi.nlm.nih.gov/geo/query/acc.cgi? acc= GSE201669 ) (CD4⁺).Due to ethical and legal restrictions related to patient confidentiality and the handling of pseudonymised MRI data under GDPR, the imaging and associated clinical datasets are not publicly available. Data may be made available upon reasonable request to the corresponding author, subject to review of a research proposal, relevant ethical approval, and a data use agreement to ensure compliance with data protection and ethical requirements."
PMC12835237,41588020,10.1038/s41598-025-23760-y,2026,Scientific reports,Serum extracellular vesicle RNA profiles in long COVID: insights from exercise-induced gene modulation,False,Clinical Trial research-article Journal Article,0,0,,,False,Data Availability Statement Data are available with appropriate requests to the corresponding author. Data are available with appropriate requests to the corresponding author. Data are available with appropriate requests to the corresponding author.
PMC12939045,41749517,10.3390/children13020161,2026,"Children (Basel, Switzerland)","Artificial Intelligence in the Evaluation and Intervention of Developmental Coordination Disorder: A Scoping Review of Methods, Clinical Purposes, and Future Directions",False,review-article Review Journal Article,0,0,,,False,Data Availability Statement No new data were created or analyzed in this study.
PMC12061182,40338890,10.1371/journal.pmed.1004577,2025,PLoS medicine,"Change in willingness for surgery and risk of joint replacement after an education and exercise program for hip/knee osteoarthritis: A longitudinal cohort study of 55,059 people",False,research-article Journal Article,0,0,,,False,"Data Availability Statement The dataset of this includes data from the Swedish Osteoarthris Register, Swedish Drug Register, National Patient Register and Swedish Arthroplasty register, provided to the researchers through a restricted-access agreement that prevents sharing the dataset with a third party or publicly. Individual-level data of patients included in this paper after deidentification are considered sensitive and will not be shared. However, the individual-level data are accessible to authorized researchers after ethical approval and application to https://bestalladata.socialstyrelsen.se/bestalla-microdata-for-statistikandamal/ (contact: registerservice@socialstyrelsen.se) and https://etjanst.halsodatabestallning.vgregion.se/ (contact: regionalvardanalys@vgregion.se). The dataset of this includes data from the Swedish Osteoarthris Register, Swedish Drug Register, National Patient Register and Swedish Arthroplasty register, provided to the researchers through a restricted-acce"
PMC12591423,41196855,10.1371/journal.pone.0326012,2025,PloS one,Study protocol for a mixed-methods pilot of a physiotherapy plus education program for inpatients with major depressive disorder: Feasibility and preliminary effects,False,Clinical Trial research-article Journal Article,0,0,,,False,"As this document is a research protocol, data have not yet been collected. In compliance with the PLOS ONE data availability policy, all raw quantitative data, codebooks, and statistical analysis scripts will be deposited in the open-access repository Zenodo once the study is completed and the analysis is finalized. A unique digital object identifier (DOI) and the direct link to the dataset will be provided in the final manuscript that results from this protocol. If ethical restrictions prevent the full deposition of data, an alternative mechanism for data access (e.g., an independent data access committee) will be described in the final manuscript. As this document is a research protocol, data have not yet been collected. In compliance with the PLOS ONE data availability policy, all raw quantitative data, codebooks, and statistical analysis scripts will be deposited in the open-access repository Zenodo once the study is completed and the analysis is finalized. A unique digital object "
PMC12548582,41125266,10.1136/bmjopen-2024-094428,2025,BMJ open,The impact of catastrophic thinking on postural stability in individuals with chronic non-specific neck pain: a cross-sectional study in a clinical setting,False,research-article Journal Article Observational Study,0,0,,,False,"Data Availability Statement Data are available in a public, open access repository. Data are available in a public, open access repository. Data are available in a public, open access repository. The dataset supporting the conclusions of this study is openly available in Zenodo at DOI: 10.5281/zenodo. 12161842, which includes all versions."
PMC12340934,40785063,10.1080/17482631.2025.2545674,2025,International journal of qualitative studies on health ,Functionally oriented music therapy (FMT) in the treatment of long-term musculoskeletal pain. A qualitative observational study,False,research-article Journal Article Observational Study,0,0,,,False,
PMC12265837,40664415,10.1136/bmjopen-2024-095132,2025,BMJ open,"Socioeconomic inequalities in outcomes, experiences and treatment among adults consulting primary care for a musculoskeletal pain condition: a prospective cohort study",False,research-article Multicenter Study Journal Article Observational Study,0,0,,,True,"Data availability statement Data are available upon reasonable request. Data are available upon reasonable request. Keele University is a member of the UK Reproducibility Network and is committed to the principles of the UK Concordat on Open Research Data. The School of Medicine and Keele Clinical Trials Unit make data available to bona fide researchers upon reasonable request via open or restricted access through a strictly controlled access procedure. In the first instance, data requests and enquiries should be directed to medicine.datasharing@keele.ac.uk."
PMC12131943,40465937,10.1590/1516-3180-2024.0040.r1.13082024,2025,Sao Paulo medical journal = Revista paulista de medicin,"Effect of heat therapy compared with strength training on metabolic profile, heat shock response, inflammation, cardiovascular responses and microbiota in individuals with type 2 diabetes: study proto",False,"Clinical Trial Protocol Research Support, Non-U.S. Gov't research-arti",0,0,,,False,
PMC12323289,40762388,10.1002/ejp.70098,2025,"European journal of pain (London, England)",Patient Characteristics Are Associated With Differences in Perceptions of Reassurance After a Consultation for Low Back Pain: Analysis of an Observational Study in Primary Care,False,research-article Journal Article Observational Study,0,0,,,False,
PMC12462523,40382776,10.1016/j.tjfa.2025.100052,2025,The Journal of frailty & aging,Association between frailty and physical function recovery of people who received physiotherapy early rehabilitation during acute hospitalisation: An observational cohort study,False,research-article Journal Article Observational Study,0,0,,,False,
PMC12447351,40978305,10.1002/hsr2.71267,2025,Health science reports,Association Between Spinal Manipulative Therapy for Low Back Pain With or Without Sciatica and Opioid Use Disorder: A Retrospective Cohort Study,False,research-article Journal Article,0,0,,,False,"Data Availability Statement The data that support the findings of this study are openly available in figshare at https://doi.org/10.6084/m9.figshare.28431131 . Minimal, deidentified, aggregated datasets used for the baseline characteristics, our primary outcome, and propensity score density and cumulative incidences are available in a public figshare repository ( https://doi.org/10.6084/m9.figshare.28431131 ). The data that support the findings of this study are openly available in figshare at https://doi.org/10.6084/m9.figshare.28431131 . Minimal, deidentified, aggregated datasets used for the baseline characteristics, our primary outcome, and propensity score density and cumulative incidences are available in a public figshare repository ( https://doi.org/10.6084/m9.figshare.28431131 )."
PMC12289706,40717955,10.3389/fpubh.2025.1617732,2025,Frontiers in public health,Association of weight-adjusted waist index and body mass index with chronic low back pain in American adults: a retrospective cohort study and predictive model development based on machine learning al,False,research-article Journal Article,0,0,,,False,Data availability statement Publicly available datasets were analyzed in this study. This data can be found here: www.cdc.gov/nchs/nhanes/index.html . Publicly available datasets were analyzed in this study. This data can be found here: www.cdc.gov/nchs/nhanes/index.html .
PMC12744209,41467085,10.12688/hrbopenres.14086.3,2025,HRB open research,Oral nutritional supplement combined with an online resistance training programme to improve physical function and nutritional status in older adults receiving home care and at risk of sarcopenia:  pr,False,other Journal Article,0,0,,,False,Data availability Underlying data No data are associated with this article.
PMC12519362,41098374,10.1136/bmjsem-2024-002102,2025,BMJ open sport & exercise medicine,Adherence to exercise rehabilitation programmes in stroke survivors: a scoping review,False,research-article Journal Article,0,0,,,False,Data availability statement All data relevant to the study are included in the article or uploaded as supplementary information. All data relevant to the study are included in the article or uploaded as supplementary information.
PMC12620584,41257245,10.2147/ppa.s549332,2025,Patient preference and adherence,Why We Keep Going: A Qualitative Longitudinal Study of the Motivation and Engagement Among Patients with COPD During a Long-Term Danish Tele-Rehabilitation Program,False,research-article Journal Article,0,0,,,False,"Data Sharing Statement Data access in Denmark is under strict juristic data protection law as imposed by the Danish Ministry of Justice. Any possible access or sharing demands a part application to: (1) Danish Data Protection Agency (email: dt@datatilsynet.dk), (2) Ethics Committee of the Capital Region (email: vek@regionh.dk), (3) National Health Data Authorities (email: kontakt@sundhedsdata.dk). Only if the applications are approved will the data be considered available for sharing."
PMC11899170,40075330,10.1186/s12883-025-04039-1,2025,BMC neurology,Stigmatizing attitudes toward people with migraine by people without active migraine: results of the OVERCOME (US) study,False,research-article Journal Article Observational Study,0,0,,,False,"Data availability Lilly will provide access to anonymized individual participant data collected during the study. The data will be available to request on vivli.org after the study team has completed analyses and publications. Access will be provided after a proposal has been approved by an independent review committee identified for this purpose and after receipt of a signed data sharing agreement. After a proposal is approved, data and documents, including the study protocol, will need to be provided in a secure data sharing environment. For details on submitting a request, see the instructions provided at www.vivli.org ."
PMC12161382,40499960,10.1136/bmjopen-2025-103763,2025,BMJ open,Development of a Physical Activity Maintenance intervention for people with PERsistent musculoskeletal pain (PAMPER): a mixed-methods study protocol,False,Clinical Trial Protocol research-article Journal Article,0,0,,,False,
PMC11967180,39666956,10.1093/pm/pnae126,2025,"Pain medicine (Malden, Mass.)",The efficacy of an interdisciplinary pain management program for complex regional pain syndrome compared to low back pain and chronic widespread pain: an observational study,False,Comparative Study research-article Journal Article Observational Study,0,0,,,False,
PMC12286565,40669044,10.2196/71385,2025,JMIR serious games,Exergaming System for Exercise-Based Cardiac Rehabilitation in Patients With Heart Failure: Development and Usability Assessment Study of a Device Prototype,False,research-article Journal Article,0,0,,,False,The data collected and used for the analysis in this study are openly available in the Zenodo repository at [ 50 54 55 ]. All relevant data supporting the findings are either included in the main manuscript or accessible via this public repository. No restrictions apply to data access.
PMC11969602,40180380,10.1136/bmjopen-2024-089305,2025,BMJ open,Patient decision aids for hip and knee arthroplasty decision-making: a scoping review protocol,False,research-article Journal Article,0,0,,,False,
PMC12312513,40739574,10.1186/s12998-025-00592-1,2025,Chiropractic & manual therapies,Prognostic ability of the sTarT back screening tool for disability and pain intensity outcomes in older adults with low back pain seeking chiropractic care: a multi-national external validation study,False,"Research Support, Non-U.S. Gov't research-article Validation Study Jou",0,0,,,False,Data availability No datasets were generated or analysed during the current study.
PMC12105042,40202278,10.23736/s1973-9087.25.08669-1,2025,European journal of physical and rehabilitation medicin,International stakeholder consultation on models of rehabilitation service delivery to foster healthy ageing: results of a cross-sectional survey involving 124 countries and all World Health Organizat,False,research-article Journal Article Observational Study,0,0,,,True,Data availability The data associated with the paper are not publicly available but are available from the corresponding author on reasonable request. The data associated with the paper are not publicly available but are available from the corresponding author on reasonable request.
PMC11896562,40036649,10.2196/60185,2025,JMIR serious games,Effect of a Gamified Family-Based Exercise Intervention on Adherence to 24-Hour Movement Behavior Recommendations in Preschool Children: Single-Center Pragmatic Trial,False,research-article Journal Article,0,0,,,True,"Data are available from the corresponding author on reasonable request from January 1, 2026."
PMC12902743,40583777,10.1111/aor.15050,2025,Artificial organs,Neurophysiological Effect of Transcutaneous Electrical Spinal Cord Stimulation in Chronic Complete Spinal Cord Injury,False,Clinical Trial research-article Journal Article,0,0,,,False,
PMC11716115,39780268,10.1186/s13063-024-08660-2,2025,Trials,"Twenty-four weeks of combined training in different environments, aquatic and land, in the type 2 diabetes management (Aquatic and Land Exercise for Diabetes -ALED): protocol of a randomized clinical ",False,Clinical Trial Protocol research-article Journal Article,0,0,,,False,"Data Availability Statement All materials described in the manuscript, including all relevant raw data, will be freely available to any scientist who wishes to use them for non-commercial purposes without violating the confidentiality of participants. All materials described in the manuscript, including all relevant raw data, will be freely available to any scientist who wishes to use them for non-commercial purposes without violating the confidentiality of participants. All materials described in the manuscript, including all relevant raw data, will be freely available to any scientist who wishes to use them for non-commercial purposes without violating the confidentiality of participants."
PMC11834710,39109799,10.1210/clinem/dgae547,2025,The Journal of clinical endocrinology and metabolism,Effects of Exercise on Bone Marrow Adipose Tissue in Children With Overweight/Obesity: Role of Liver Fat,False,Clinical Trial research-article Multicenter Study Journal Article,0,0,,,True,"Data Availability Statement Due to privacy concerns, the data sets used in this study are not publicly available. However, specific datasets can be made available on request for academic use only for 36 months from the date of publication, following deidentification. Proposals should be directed to idoia.labayen@unavarra.es . On proposal acceptance, requestors will be granted access to the data after signing a data access agreement. Due to privacy concerns, the data sets used in this study are not publicly available. However, specific datasets can be made available on request for academic use only for 36 months from the date of publication, following deidentification. Proposals should be directed to idoia.labayen@unavarra.es . On proposal acceptance, requestors will be granted access to the data after signing a data access agreement. Due to privacy concerns, the data sets used in this study are not publicly available. However, specific datasets can be made available on request for acad"
PMC11083025,38730710,10.3390/cancers16091758,2024,Cancers,Building a Bridge to Community: A Pragmatic Randomized Trial Examining a Combined Physical Therapy and Resistance Exercise Intervention for People after Head and Neck Cancer,False,research-article Journal Article,0,0,,,False,Data Availability Statement Data will be accessible on request via the University of Alberta Cancer Rehabilitation Clinic Dataverse at: https://borealisdata.ca/privateurl.xhtml?token=077a9a24-fbed-409a-b69f-0891158bf684 .; Accessed 20 April 2024.
PMC11086504,38692725,10.1136/bmjopen-2023-078105,2024,BMJ open,Chiropractic spinal manipulation and likelihood of tramadol prescription in adults with radicular low back pain: a retrospective cohort study using US data,False,research-article Journal Article,0,0,,,False,"Data Availability Statement Data are available in a public, open access repository. Minimal, de-identified, aggregated datasets that support the findings of this study are openly available in Figshare at: https://doi.org/10.6084/m9.figshare.24539908 (baseline characteristics), https://doi.org/10.6084/m9.figshare.24539917 (cumulative incidence data) and https://doi.org/10.6084/m9.figshare.24539920 (propensity score density data). Data are available in a public, open access repository. Minimal, de-identified, aggregated datasets that support the findings of this study are openly available in Figshare at: https://doi.org/10.6084/m9.figshare.24539908 (baseline characteristics), https://doi.org/10.6084/m9.figshare.24539917 (cumulative incidence data) and https://doi.org/10.6084/m9.figshare.24539920 (propensity score density data). Data are available in a public, open access repository. Minimal, de-identified, aggregated datasets that support the findings of this study are openly available i"
PMC11171699,38893726,10.3390/diagnostics14111200,2024,"Diagnostics (Basel, Switzerland)",Management and Rehabilitative Treatment in Osteoarthritis with a Novel Physical Therapy Approach: A Randomized Control Study,False,research-article Journal Article,0,0,,,True,Data Availability Statement All data are available upon request to the corresponding author.
PMC11312969,39124753,10.3390/jcm13154485,2024,Journal of clinical medicine,Reduced Cervical Muscle Fat Infiltrate Is Associated with Self-Reported Recovery from Chronic Idiopathic Neck Pain Over Six Months: A Magnetic Resonance Imaging Longitudinal Cohort Study,False,research-article Journal Article,0,0,,,False,"Data Availability Statement The original contributions presented in the study, including the data file used for analysis, are included in the Supplementary Material (Data S1) ; further inquiries can be directed to the corresponding author/s. The original contributions presented in the study, including the data file used for analysis, are included in the Supplementary Material (Data S1) ; further inquiries can be directed to the corresponding author/s. The original contributions presented in the study, including the data file used for analysis, are included in the Supplementary Material (Data S1) ; further inquiries can be directed to the corresponding author/s."
PMC11581240,39570872,10.1371/journal.pone.0311947,2024,PloS one,Association of intra-articular injection and knee arthroscopy prior to primary knee replacement with the timing and outcomes of surgery: Retrospective cohort study using data from the Clinical Practic,False,research-article Journal Article,0,0,,,False,"Electronic health records are, by definition, considered sensitive data in the UK by the Data Protection Act and cannot be shared via public deposition because of information governance restriction in place to protect patient confidentiality. Access to data is available once approval has been obtained through the individual constituent entities controlling access to the data. The primary care data can be requested via application to the Clinical Practice Research Datalink, secondary care data can be requested via application to the Hospital Episode Statistics from the UK Health and Social Care Information Centre, and mortality data are available by application to the UK Office for National Statistics. Alternatively, access to secondary care data and mortality data is available through linkage requested upon application for primary care data to the Clinical Practice Research Datalink. Information regarding linkage is available from: https://www.cprd.com/linked-data ( https://www.cprd.co"
PMC10936852,38478497,10.1371/journal.pone.0299719,2024,PloS one,Cross-cultural adaptation and validation of the Lithuanian version of the Spine Functional Index,False,research-article Journal Article Observational Study,0,0,,,False,Data Availability Statement All XLSX files are available from the Figshare database through this link: https://doi.org/10.6084/m9.figshare.20182271.v1 All XLSX files are available from the Figshare database through this link: https://doi.org/10.6084/m9.figshare.20182271.v1 All XLSX files are available from the Figshare database through this link: https://doi.org/10.6084/m9.figshare.20182271.v1
PMC12101865,39110872,10.5281/zenodo.10278136,2024,Revista medica del Instituto Mexicano del Seguro Social,[Dietary inflammatory index related to knee osteoarthritis symptomatology],False,research-article Journal Article English Abstract Observational Study,0,0,,,False,
PMC10927125,38466710,10.1371/journal.pone.0299159,2024,PloS one,Association between chiropractic spinal manipulation and cauda equina syndrome in adults with low back pain: Retrospective cohort study of US academic health centers,False,"Research Support, Non-U.S. Gov't research-article Journal Article Rese",0,0,,,False,"The minimal, de-identified, aggregated data used to describe baseline characteristics, our primary outcome, and plot propensity score density curves and cumulative incidence are available in figshare ( https://doi.org/10.6084/m9.figshare.24654396 ). The minimal, de-identified, aggregated data used to describe baseline characteristics, our primary outcome, and plot propensity score density curves and cumulative incidence are available in figshare ( https://doi.org/10.6084/m9.figshare.24654396 )."
PMC11472946,39401188,10.1371/journal.pone.0311524,2024,PloS one,Acute cardiovascular responses of postmenopausal women to resistance training sessions differing in set configuration: A study protocol for a crossover trial,False,Clinical Trial Protocol research-article Journal Article,0,0,,,False,"Data Availability Statement The original contributions of the study will be publicly available. These data will be stored in a European data repository (i.e., Zenodo) upon project completion, ( https://zenodo.org/communities/udc/?page=1&amp;size=20&amp;size=20 ). The original contributions of the study will be publicly available. These data will be stored in a European data repository (i.e., Zenodo) upon project completion, ( https://zenodo.org/communities/udc/?page=1&amp;size=20&amp;size=20 ). The original contributions of the study will be publicly available. These data will be stored in a European data repository (i.e., Zenodo) upon project completion, ( https://zenodo.org/communities/udc/?page=1&amp;size=20&amp;size=20 )."
PMC11649133,39680551,10.1371/journal.pone.0315345,2024,PloS one,Psycho-physical interactions in Parkinson's Disease: Protocol for a prospective observational cohort study,False,research-article Journal Article,0,0,,,False,Deidentified research data will be made publicly available when the study is completed and published. Deidentified research data will be made publicly available when the study is completed and published.
PMC11078397,38717997,10.1371/journal.pone.0302477,2024,PloS one,Effect of an eight-week high-intensity interval training programme on circulating sphingolipid levels in middle-aged adults at elevated cardiometabolic risk (SphingoFIT)-Protocol for a randomised cont,False,"Clinical Trial Protocol Research Support, Non-U.S. Gov't research-arti",0,0,,,False,Data Availability Statement No datasets were generated or analysed during the current study. All relevant data from this study will be made available upon study completion. Deidentified research data will be made publicly available when the study is completed and published. No datasets were generated or analysed during the current study. All relevant data from this study will be made available upon study completion. Deidentified research data will be made publicly available when the study is completed and published. No datasets were generated or analysed during the current study. All relevant data from this study will be made available upon study completion. Deidentified research data will be made publicly available when the study is completed and published.
PMC10860075,38316587,10.1136/bmjopen-2023-078958,2024,BMJ open,Implementing a contextually appropriate foot-ankle exercise programme in primary care for the prevention of modifiable risk factors for ulcers in people with diabetes: protocol for a hybrid type 2 stu,False,"Clinical Trial Protocol Research Support, Non-U.S. Gov't research-arti",0,0,,,False,
PMC11086497,38719328,10.1136/bmjopen-2023-078104,2024,BMJ open,EvolvRehab-MoveWell telerehabilitation for stroke survivors: study protocol for a feasibility with embedded initial proof-of-concept study,False,"Clinical Trial Protocol Research Support, Non-U.S. Gov't research-arti",0,0,,,False,
PMC11464758,39384815,10.1038/s41533-024-00387-6,2024,NPJ primary care respiratory medicine,"Referral to pulmonary rehabilitation and palliative care services in people with idiopathic pulmonary fibrosis in England, 2010-2019",False,"Research Support, Non-U.S. Gov't research-article Journal Article",0,0,,,True,"Data Availability Statement Data are available on request from the CPRD. Their provision requires the purchase of a license, and this license does not permit the authors to make them publicly available to all. This work used data from the version collected in February 2022. To allow identical data to be obtained by others, via the purchase of a license, the code lists will be provided upon request. Licenses are available from the CPRD ( http://www.cprd.com ): The Clinical Practice Research Datalink Group, The Medicines and Healthcare products Regulatory Agency, 10 South Colonnade, Canary Wharf, London E14 4PU. Data are available on request from the CPRD. Their provision requires the purchase of a license, and this license does not permit the authors to make them publicly available to all. This work used data from the version collected in February 2022. To allow identical data to be obtained by others, via the purchase of a license, the code lists will be provided upon request. Licenses"
PMC10882710,38390198,10.3389/fendo.2024.1288170,2024,Frontiers in endocrinology,Smoking and BMI mediate the causal effect of education on lower back pain: observational and Mendelian randomization analyses,False,"Research Support, Non-U.S. Gov't research-article Journal Article Obse",0,0,,,False,Data Availability Statement The original contributions presented in the study are included in the article/ Supplementary Material . Further inquiries can be directed to the corresponding authors. The original contributions presented in the study are included in the article/ Supplementary Material . Further inquiries can be directed to the corresponding authors. The original contributions presented in the study are included in the article/ Supplementary Material . Further inquiries can be directed to the corresponding authors.
PMC10777506,38200469,10.1186/s12891-024-07166-x,2024,BMC musculoskeletal disorders,Association between spinal manipulative therapy and lumbar spine reoperation after discectomy: a retrospective cohort study,False,research-article Journal Article,0,0,,,False,"Data availability Minimal, aggregate, de-identified datasets used to report our key outcomes and plot cumulative incidence and propensity score density are available in the Figshare repository (10.6084/m9.figshare.24769767)."
PMC11345227,39188803,10.3389/fpubh.2024.1447649,2024,Frontiers in public health,"Lifestyles and academic stress among health sciences students at the National University of Chimborazo, Ecuador: a longitudinal study",False,research-article Journal Article Observational Study,0,0,,,False,"Data availability statement The raw data supporting the conclusions of this article will be made available by the authors, without undue reservation. The raw data supporting the conclusions of this article will be made available by the authors, without undue reservation."
PMC11286269,38450425,10.1152/japplphysiol.00820.2023,2024,"Journal of applied physiology (Bethesda, Md. : 1985)",Joint angle-specific neuromuscular time course of recovery after isometric resistance exercise at shorter and longer muscle lengths,False,"Clinical Trial Research Support, Non-U.S. Gov't research-article Journ",0,0,,,True,Data Availability Statement Data are available upon request. Data are available upon request. Data are available upon request.
PMC11349297,39190027,10.7554/elife.96535,2024,eLife,Serum proteomic profiling of physical activity reveals CD300LG as a novel exerkine with a potential causal link to glucose homeostasis,False,Controlled Clinical Trial research-article Journal Article,0,0,,,False,"Data Availability Statement mRNA sequencing data from MyoGlu can be found at https://exchmdpmg.medsch.ucla.edu/app/ as well as in GSE227419. Secretory proteins are available in the MetazSecKB data base at http://proteomics.ysu.edu/secretomes/animal/ . The human serum proteomic NAFLD signature is available in the study of Govaere et al., 2023 . Expression profiles in human liver cells are available in the Human Liver Cell Atlas Aizarani et al., 2019 . Data obtained from the UK biobank (Olink explore 1536 and measures of physical activity Cassidy et al., 2016 can be found at https://biobank.ndph.ox.ac.uk/ukb/ . Glucometabolic outcomes used in MR analyses are available at: http://magicinvestigators.org/ Chen et al., 2021 . Data from the GD-CAT database Zhou et al., 2024 is available from: https://pipeline.biochem.uci.edu/gtex/demo2/ . Mice exercise data are available at https://motrpac-data.org/ and knock-out data at https://www.mousephenotype.org/ . CD300LG expression values from a human"
PMC10820544,38276256,10.3390/life14010007,2023,"Life (Basel, Switzerland)",Fascia Tissue Manipulations in Chronic Low Back Pain: A Pragmatic Comparative Randomized Clinical Trial of the 4xT Method<sup>®</sup> and Exercise Therapy,False,research-article Journal Article,0,0,,,False,"Data Availability Statement On request, the corresponding author will provide access to data used in this work. Due to ethical constraints, data are not publicly accessible."
PMC10823263,38081728,10.3352/jeehp.2023.20.36,2023,Journal of educational evaluation for health profession,"Use of learner-driven, formative, ad-hoc, prospective assessment of competence in physical therapist clinical education in the United States: a prospective cohort study",False,research-article Journal Article Observational Study,0,0,,,False,
PMC11263908,39045032,10.12688/hrbopenres.13796.2,2023,HRB open research,An EDucation and eXercise intervention for gluteal tendinopathy in an Irish setting: a protocol for a feasibility randomised clinical trial (LEAP-Ireland RCT),False,other Journal Article,0,0,,,False,Data availability Underlying data No data are associated with this article.
PMC10298318,37372826,10.3390/healthcare11121708,2023,"Healthcare (Basel, Switzerland)",Effects of Combined Training Programs in Individuals with Fibromyalgia: A Systematic Review,False,review-article Review Journal Article,0,0,,,False,Data Availability Statement Not applicable.
PMC10582853,37844981,10.1136/bmjopen-2023-073378,2023,BMJ open,"<b>B</b>rain connectivity-guided, Optimised theta burst transcranial magnetic stimulation to improve Central Pain Modulation in knee Osteoarthritis Pain (BoostCPM): protocol of a pilot randomised clin",False,"Clinical Trial Protocol Research Support, Non-U.S. Gov't research-arti",0,0,,,False,
PMC11016165,38618016,10.12688/f1000research.141553.3,2023,F1000Research,Efficacy of Dashmool Vasti as an adjuvant therapy with the standard of care (modern + physiotherapy) in the rehabilitation of stroke as compared to standard of care - a clinical trial protocol,False,Clinical Trial Protocol other Journal Article,0,0,,,False,Data availability No data are associated with this article. Reporting guidelines Figshare: SPIRIT checklist for ‘Efficacy of Dashmool Basti as an adjuvant therapy with the standard of care (modern + physiotherapy) in the rehabilitation of stroke as compared to standard of care – a clinical trial protocol’. https://doi.org/10.6084/m9.figshare.24488059 . Data are available under the terms of the Creative Commons Zero “No rights reserved” data waiver (CC0 1.0 Public domain dedication). No data are associated with this article.
PMC10560838,37818279,10.1016/j.ocarto.2023.100411,2023,Osteoarthritis and cartilage open,Usage of guideline-adherent core treatments for knee osteoarthritis before and after consulting an orthopaedic surgeon: A prospective cohort study,False,research-article Journal Article,0,0,,,False,
PMC9847074,36653858,10.1186/s40814-023-01242-0,2023,Pilot and feasibility studies,Personalised exercise therapy and self-management support for people with multimorbidity: feasibility of the MOBILIZE intervention,False,research-article Journal Article,0,0,,,False,Data Availability Statement Any data not represented in the manuscript or additional file is available from the first author upon reasonable request. Any data not represented in the manuscript or additional file is available from the first author upon reasonable request. Any data not represented in the manuscript or additional file is available from the first author upon reasonable request.
PMC9975543,36875037,10.3389/fphys.2023.1077078,2023,Frontiers in physiology,Changes in cardiovascular-health blood biomarkers in response to exercise intervention among older adults with cognitive frailty: A scoping review,False,Scoping Review systematic-review Journal Article,0,0,,,False,Data availability statement The original contributions presented in the study are included in the article/Supplementary Material; further inquiries can be directed to the corresponding author. The original contributions presented in the study are included in the article/Supplementary Material; further inquiries can be directed to the corresponding author.
PMC10456465,37629651,10.3390/medicina59081361,2023,"Medicina (Kaunas, Lithuania)",Correlating Eye-Tracking Fixation Metrics and Neuropsychological Assessment after Ischemic Stroke,False,research-article Journal Article,0,0,,,False,Data Availability Statement Data will be deposited into Harvard Dataverse. Data will be deposited into Harvard Dataverse. Data will be deposited into Harvard Dataverse.
PMC11406135,39291140,10.12688/f1000research.138127.2,2023,F1000Research,Lower limb rehabilitation using modified constraint-induced movement therapy and motor relearning program on balance and gait in sub-acute hemiplegic stroke: a comparative study,False,Clinical Trial Protocol other Journal Article,0,0,,,False,Data availability Underlying data No data are associated with this article.
PMC10739244,38060283,10.2196/48845,2023,JMIR human factors,A Newly Developed Exergame-Based Telerehabilitation System for Older Adults: Usability and Technology Acceptance Study,False,"Clinical Trial Research Support, Non-U.S. Gov't research-article Multi",0,0,,,False,Data Availability Statement The raw data supporting the conclusions of this study will be made available by the authors without undue reservation to any qualified researcher upon request. The raw data supporting the conclusions of this study will be made available by the authors without undue reservation to any qualified researcher upon request. The raw data supporting the conclusions of this study will be made available by the authors without undue reservation to any qualified researcher upon request.
PMC10364168,37479505,10.1136/bmjopen-2023-073258,2023,BMJ open,Association between chiropractic spinal manipulation and gabapentin prescription in adults with radicular low back pain: retrospective cohort study using US data,False,"research-article Journal Article Research Support, N.I.H., Extramural",0,0,,,False,Data Availability Statement Data may be obtained from a third party and are not publicly available. Data were obtained in accordance with a use agreement with the TriNetX network which does not permit release or sharing. Individuals interested in gaining access to this network should contact TriNetX ( https://www.trinetx.com/ ). Data may be obtained from a third party and are not publicly available. Data were obtained in accordance with a use agreement with the TriNetX network which does not permit release or sharing. Individuals interested in gaining access to this network should contact TriNetX ( https://www.trinetx.com/ ). Data may be obtained from a third party and are not publicly available. Data were obtained in accordance with a use agreement with the TriNetX network which does not permit release or sharing. Individuals interested in gaining access to this network should contact TriNetX ( https://www.trinetx.com/ ).
PMC10111910,37019481,10.1136/bmjopen-2023-072832,2023,BMJ open,Factors predicting the transition from acute to persistent pain in people with 'sciatica': the FORECAST longitudinal prognostic factor cohort study protocol,False,"Research Support, Non-U.S. Gov't research-article Journal Article",0,0,,,False,
PMC11576564,39569024,10.12688/hrbopenres.13678.2,2023,HRB open research,"A study to explore the role of a low threshold, fitness focussed physical rehabilitation intervention with protein supplementation to target physical function and frailty in people with problematic su",False,other Journal Article,0,0,,,False,Data availability Data from this study will be available in open access form. Underlying data No data are associated with this article. Data from this study will be available in open access form.
PMC10284967,37202598,10.1007/s40520-023-02428-5,2023,Aging clinical and experimental research,Machine learning as an adjunct to expert observation in classification of radiographic knee osteoarthritis: findings from the Hertfordshire Cohort Study,False,research-article Journal Article,0,0,,,False,Data Availability Statement Hertfordshire Cohort Study data are accessible via collaboration. Initial enquires should be made to EMD. Potential collaborators will be sent a collaborators’ pack and asked to submit a detailed study proposal to the HCS Steering Group. Hertfordshire Cohort Study data are accessible via collaboration. Initial enquires should be made to EMD. Potential collaborators will be sent a collaborators’ pack and asked to submit a detailed study proposal to the HCS Steering Group. Hertfordshire Cohort Study data are accessible via collaboration. Initial enquires should be made to EMD. Potential collaborators will be sent a collaborators’ pack and asked to submit a detailed study proposal to the HCS Steering Group.
PMC10103503,37060049,10.1186/s12888-023-04757-1,2023,BMC psychiatry,Heart rate monitoring to detect acute pain in non-verbal patients: a study protocol for a randomized controlled clinical trial,False,"Clinical Trial Protocol Research Support, Non-U.S. Gov't research-arti",0,0,,,False,Availability of data and materials Not applicable.
PMC13044536,41937888,10.12688/f1000research.127948.2,2022,F1000Research,Comparison of the effects of therapeutic exercise with either an educational booklet or vitamin-D3 supplement in the management of chronic low back pain: study protocol for an assessor blinded multice,False,Clinical Trial Protocol other Journal Article,0,0,,,False,Data Availability Statement Underlying data No underlying data are associated with this article.
PMC9558767,36258943,10.7759/cureus.29084,2022,Cureus,Practical Measurement of Changes in Leg Length Discrepancy After a Myofascial Release on the Thoracolumbar Fascia in Patients With Acute Low Back Pain: A Pilot Study,False,research-article Journal Article,0,0,,,False,
PMC10400934,37547788,10.12688/f1000research.75667.1,2022,F1000Research,Care-seeking behaviour of adolescents with patellofemoral pain: a retrospective cohort study,False,research-article Journal Article,0,0,,,False,Data Availability Statement Underlying data Harvard Dataverse: [Data regarding adolescents with patellofemoral pain] https://doi.org/10.7910/DVN/GW3JKL 38 The project contains the following underlying data: - Clinical pathway data_anonymized_only english.xls (raw anonymized data from questionnaires)
PMC9975404,36875989,10.12688/f1000research.123955.2,2022,F1000Research,Physiotherapy interventions for head and trunk control in children with developmental disabilities: A scoping review protocol,False,research-article Journal Article,0,0,,,False,Data Availability Statement Underlying data No data are associated with this article.
PMC9696075,36363507,10.3390/medicina58111551,2022,"Medicina (Kaunas, Lithuania)",Three Weeks of Pulmonary Rehabilitation Do Not Influence Oscillometry Parameters in Postoperative Lung Cancer Patients,False,research-article Journal Article Observational Study,0,0,,,False,Data Availability Statement Datasets analyzed during the current study are available in the Figshare ( https://doi.org/10.6084/m9.figshare.20373930.v1 accessed on 26 July 2022). Datasets analyzed during the current study are available in the Figshare ( https://doi.org/10.6084/m9.figshare.20373930.v1 accessed on 26 July 2022). Datasets analyzed during the current study are available in the Figshare ( https://doi.org/10.6084/m9.figshare.20373930.v1 accessed on 26 July 2022).
PMC9175310,35676654,10.1186/s12891-022-05462-y,2022,BMC musculoskeletal disorders,Guideline-concordant utilization of magnetic resonance imaging in adults receiving chiropractic manipulative therapy vs other care for radicular low back pain: a retrospective cohort study,False,research-article Journal Article,0,0,,,False,Data Availability Statement Study data obtained via the TriNetX network is subject to a data use agreement that does not permit it to be shared or released. Individuals may contact TriNetX to inquire about network access ( https://www.trinetx.com/ ). Study data obtained via the TriNetX network is subject to a data use agreement that does not permit it to be shared or released. Individuals may contact TriNetX to inquire about network access ( https://www.trinetx.com/ ). Study data obtained via the TriNetX network is subject to a data use agreement that does not permit it to be shared or released. Individuals may contact TriNetX to inquire about network access ( https://www.trinetx.com/ ).
PMC9267318,35807034,10.3390/jcm11133753,2022,Journal of clinical medicine,Effects of Ultrasound-Guided Nerve Stimulation Targeting Peripheral Nerve Tissue on Pain and Function: A Scoping Review,False,Scoping Review review-article Journal Article,0,0,,,False,Data Availability Statement All data derived from this study is reported in this article.
PMC9476141,36104126,10.1136/bmjopen-2022-062586,2022,BMJ open,Outcomes of proximal humerus fractures in children: a study protocol for a retrospective cohort study,False,research-article Journal Article,0,0,,,False,
PMC9554139,36249481,10.1177/20552076221129066,2022,Digital health,Feasibility of a tailored and virtually supported home exercise program for people with multiple myeloma using a novel eHealth application,False,research-article Journal Article,0,0,,,False,
PMC9114285,35585562,10.1186/s40814-022-01065-5,2022,Pilot and feasibility studies,Study protocol: investigating the feasibility of a hybrid delivery of home-based cluster set resistance training for individuals previously treated for lung cancer,False,research-article Journal Article,0,0,,,False,Availability of data and materials n/a
PMC9604779,36294808,10.3390/jpm12101669,2022,Journal of personalized medicine,"Efficacy of an Online Educational Intervention in Reducing Body Weight in the Pre-Diabetic Population of 18-45 Years Old, a Randomized Trial Protocol",False,research-article Journal Article,0,0,,,False,
PMC9302845,35862479,10.1371/journal.pone.0271336,2022,PloS one,Susceptibility to movement-evoked pain following resistance exercise,False,"Research Support, Non-U.S. Gov't research-article Journal Article",0,0,,,False,The data underlying the results presented in the study are available from Figshare: 10.6084/m9.figshare.20210954 . The data underlying the results presented in the study are available from Figshare: 10.6084/m9.figshare.20210954 .
PMC8981342,35379620,10.1136/bmjopen-2021-053848,2022,BMJ open,Models of care for low back pain patients in primary healthcare: a scoping review protocol,False,"Research Support, Non-U.S. Gov't research-article Journal Article",0,0,,,False,
PMC8804676,35105655,10.1136/bmjopen-2021-057538,2022,BMJ open,Protocol for a single-centre mixed-method pre-post single-arm feasibility trial of a culturally appropriate 6-week pulmonary rehabilitation programme among adults with functionally limiting chronic re,False,"Clinical Trial Protocol Research Support, Non-U.S. Gov't research-arti",0,0,,,False,
PMC9106166,35560143,10.1371/journal.pone.0267384,2022,PloS one,A protocol for recruiting and analyzing the disease-oriented Russian disc degeneration study (RuDDS) biobank for functional omics studies of lumbar disc degeneration,False,"Clinical Trial Protocol Research Support, Non-U.S. Gov't research-arti",0,0,,,False,
PMC9700948,36434724,10.1186/s13054-022-04245-0,2022,"Critical care (London, England)",Mobilisation of critically ill patients receiving norepinephrine: a retrospective cohort study,False,research-article Journal Article,0,0,,,False,"Data Availability Statement The data analysed are not publicly available due to German privacy regulations. Given a reasonable scientific request, the corresponding author can make the data available via a collaboration agreement. The data analysed are not publicly available due to German privacy regulations. Given a reasonable scientific request, the corresponding author can make the data available via a collaboration agreement. The data analysed are not publicly available due to German privacy regulations. Given a reasonable scientific request, the corresponding author can make the data available via a collaboration agreement."
PMC9270751,35804454,10.1186/s13063-022-06473-9,2022,Trials,Comparison of 8 weeks standard treatment (rifampicin plus clarithromycin) vs. 4 weeks standard plus amoxicillin/clavulanate treatment [RC8 vs. RCA4] to shorten Buruli ulcer disease therapy (the BLMs4B,False,Clinical Trial Protocol research-article Journal Article,0,0,,,False,"Data Availability Statement Individual participant data after de-identification and trial tools including study protocol, statistical analysis plan, and analytic code will be made available 1 month after publication of the article reporting the main findings of this trial, with no end date, to researchers who provide a methodologically sound proposal, upon signature of a data access agreement. Proposals should be directed to the corresponding author. Individual participant data after de-identification and trial tools including study protocol, statistical analysis plan, and analytic code will be made available 1 month after publication of the article reporting the main findings of this trial, with no end date, to researchers who provide a methodologically sound proposal, upon signature of a data access agreement. Proposals should be directed to the corresponding author. Individual participant data after de-identification and trial tools including study protocol, statistical analysis pla"
PMC7971537,33735303,10.1371/journal.pone.0248616,2021,PloS one,Validity and reliability of the Dutch STarT MSK tool in patients with musculoskeletal pain in primary care physiotherapy,False,research-article Validation Study Journal Article Observational Study,0,0,,,False,All relevant data are available in the Figshare repository at DOI: https://doi.org/10.6084/m9.figshare.14174732 . All relevant data are available in the Figshare repository at DOI: https://doi.org/10.6084/m9.figshare.14174732 .
PMC8036050,33832145,10.1097/md.0000000000025431,2021,Medicine,The synergistic effects of applying pulsed radiofrequency lesioning of the suprascapular nerve plus physical therapy on pain and function in patients with adhesive capsulitis: A protocol of a prospect,False,Clinical Trial Protocol research-article Journal Article,0,0,,,False,
PMC8217875,34169063,10.3389/fbioe.2021.645710,2021,Frontiers in bioengineering and biotechnology,Subgroups of Foot-Ankle Movement Patterns Can Influence the Responsiveness to a Foot-Core Exercise Program: A Hierarchical Cluster Analysis,False,research-article Journal Article,0,0,,,False,Data Availability Statement The raw data supporting the conclusions of this manuscript can be accessed through the following data repository link: https://doi.org/10.6084/m9.figshare.13484715.v2 . The raw data supporting the conclusions of this manuscript can be accessed through the following data repository link: https://doi.org/10.6084/m9.figshare.13484715.v2 . The raw data supporting the conclusions of this manuscript can be accessed through the following data repository link: https://doi.org/10.6084/m9.figshare.13484715.v2 .
PMC8276181,34316356,10.12688/f1000research.50814.2,2021,F1000Research,"Physical rehabilitation versus no physical rehabilitation after total hip and knee arthroplasties: Protocol for a pragmatic, randomized, controlled, superiority trial (The DRAW1 trial)",False,"Clinical Trial Protocol Research Support, Non-U.S. Gov't research-arti",0,0,,,False,Data Availability Statement Underlying data No data are associated with this article.
PMC7883859,33579762,10.1136/bmjopen-2020-039254,2021,BMJ open,Investigating the feasibility and acceptability of the HOLOBalance system compared with standard care in older adults at risk for falls: study protocol for an assessor blinded pilot randomised control,False,"Clinical Trial Protocol other Research Support, Non-U.S. Gov't Journal",0,0,,,False,
PMC8428714,34516497,10.1097/md.0000000000027086,2021,Medicine,"The efficacy and safety of Xianling Gubao capsules in the treatment of knee osteoarthritis: A protocol for a randomized, double-blind, controlled trial",False,Clinical Trial Protocol research-article Journal Article,0,0,,,False,
PMC8596177,34909180,10.12688/f1000research.42120.2,2021,F1000Research,Influence of surface peripheral electrical stimulation on nerve regeneration after digital nerve neurorrhaphy: study protocol for a randomized clinical trial,False,Clinical Trial Protocol research-article Journal Article,0,0,,,False,Data availability Underlying data No data are associated with this article.
PMC8861468,35251598,10.12688/f1000research.74493.2,2021,F1000Research,Effects of exercise-based prehabilitation in children undergoing elective surgeries: a systematic review,False,Systematic Review systematic-review Journal Article,0,0,,,False,Data availability Underlying data All data underlying the results are available as part of the article and no additional source data are required.
PMC8380616,34389921,10.1007/s40744-021-00340-w,2021,Rheumatology and therapy,Self-Reported Weather Sensitivity is Associated with Clinical Symptoms and Structural Abnormalities in Patients with Knee Osteoarthritis: A Cross-Sectional Study,False,research-article Journal Article,0,0,,,True,Data Availability Statement The datasets generated during and/or analyzed during the current study are available from the corresponding author on reasonable request. The datasets generated during and/or analyzed during the current study are available from the corresponding author on reasonable request. The datasets generated during and/or analyzed during the current study are available from the corresponding author on reasonable request.
PMC8217418,34101138,10.1007/s40744-021-00316-w,2021,Rheumatology and therapy,Individual Participant Symptom Responses to Intra-Articular Lorecivivint in Knee Osteoarthritis: Post Hoc Analysis of a Phase 2B Trial,False,research-article Journal Article,0,0,,,True,Data Availability Data will be made available upon reasonable request on a case-by-case basis as they are part of an ongoing clinical investigation. Data will be made available upon reasonable request on a case-by-case basis as they are part of an ongoing clinical investigation.
PMC8539274,34684343,10.3390/nu13103342,2021,Nutrients,"The Dose-Effects of Caffeine on Lower Body Maximal Strength, Muscular Endurance, and Rating of Perceived Exertion in Strength-Trained Females",False,Clinical Trial research-article Journal Article,0,0,,,False,Data Availability Statement The data presented in this study are openly available in FigShare at https://doi.org/10.6084/m9.figshare.16669267.v1 (accessed on 22 August 2021).
PMC8397289,34476303,10.1097/pr9.0000000000000954,2021,Pain reports,Association between radicular low back pain and constipation: a retrospective cohort study using a real-world national database,False,research-article Journal Article,0,0,,,False,
PMC8815110,35128541,,2021,SVOA neurology,Moderate Intensity Exercise in Pre-manifest Huntington's Disease: Results of a 6 months Trial,False,research-article Journal Article,0,0,,,False,
PMC7116561,33220446,10.1016/j.joca.2020.11.001,2021,Osteoarthritis and cartilage,"Associations between comorbidities and immediate and one-year outcomes following supervised exercise therapy and patient education - A cohort study of 24,513 individuals with knee or hip osteoarthriti",False,"Comparative Study Research Support, Non-U.S. Gov't research-article Jo",0,0,,,False,
PMC7355598,32503243,10.3390/jcm9061726,2020,Journal of clinical medicine,Randomized Trial of General Strength and Conditioning Versus Motor Control and Manual Therapy for Chronic Low Back Pain on Physical and Self-Report Outcomes,False,research-article Journal Article,0,0,,,False,
PMC7689601,33283151,10.12688/hrbopenres.13025.3,2020,HRB open research,"Steps Ahead: optimising physical activity in adults with cystic fibrosis: Study Protocol for a pilot randomised trial using wearable technology, goal setting and text message feedback",False,research-article Journal Article,0,0,,,False,Data availability Underlying data No data are associated with this article
PMC7722305,33287783,10.1186/s12891-020-03836-8,2020,BMC musculoskeletal disorders,Lower limb kinematics improvement after genicular nerve blockade in patients with knee osteoarthritis: a milestone study using inertial sensors,False,Clinical Trial research-article Journal Article,0,0,,,True,Data Availability Statement The data that support the findings of this study are available from the corresponding author upon reasonable request. The data that support the findings of this study are available from the corresponding author upon reasonable request. The data that support the findings of this study are available from the corresponding author upon reasonable request.
PMC7746291,33332431,10.1371/journal.pone.0244111,2020,PloS one,Combined abnormal muscle activity and pain-related factors affect disability in patients with chronic low back pain: An association rule analysis,False,Clinical Trial research-article Journal Article,0,0,,,False,"Data Availability Statement All relevant data are within the manuscript and its Supporting information files. Also, the data are held in Figshare ( https://doi.org/10.6084/m9.figshare.13246925 ). All relevant data are within the manuscript and its Supporting information files. Also, the data are held in Figshare ( https://doi.org/10.6084/m9.figshare.13246925 ). All relevant data are within the manuscript and its Supporting information files. Also, the data are held in Figshare ( https://doi.org/10.6084/m9.figshare.13246925 )."
PMC7542954,33033031,10.1136/bmjopen-2020-039587,2020,BMJ open,"Protocol for Project Fizzyo, an analytic longitudinal observational cohort study of physiotherapy for children and young people with cystic fibrosis, with interrupted time-series design",False,"Research Support, Non-U.S. Gov't research-article Journal Article",0,0,,,False,
PMC7523068,32993695,10.1186/s12984-020-00759-2,2020,Journal of neuroengineering and rehabilitation,Kinematic parameters obtained with the ArmeoSpring for upper-limb assessment after stroke: a reliability and learning effect study for guiding parameter use,False,Clinical Trial research-article Journal Article,0,0,,,True,Availability of data and materials The dataset used and analyzed during the current study is available upon reasonable request from the corresponding author.
PMC6514024,30929225,10.1007/s40122-019-0121-5,2019,Pain and therapy,The Effect of Medical Exercise Therapy on Pressure Sensitivity in Patients with Knee Osteoarthritis: A Cohort Pilot Study,False,research-article Journal Article,0,0,,,True,Data Availability The dataset generated and analyzed during the current study is available from the corresponding author on reasonable request. The dataset generated and analyzed during the current study is available from the corresponding author on reasonable request.
PMC6794772,31615409,10.1186/s12872-019-1214-0,2019,BMC cardiovascular disorders,Impact of multi-disciplinary treatment strategy on systolic heart failure outcome,False,research-article Multicenter Study Journal Article,0,0,,,False,Data Availability Statement The datasets generated and/or analyzed during the current study are available in the repository 10.6084/m9.figshare.9907250. The datasets generated and/or analyzed during the current study are available in the repository 10.6084/m9.figshare.9907250. The datasets generated and/or analyzed during the current study are available in the repository 10.6084/m9.figshare.9907250.
PMC6467440,30990803,10.1371/journal.pone.0205782,2019,PloS one,An 8-week resistance training protocol is effective in adapting quadriceps but not patellar tendon shear modulus measured by Shear Wave Elastography,False,Clinical Trial research-article Journal Article,0,0,,,False,Data Availability Statement All relevant data are within the manuscript and its Supporting Information files. All relevant data are within the manuscript and its Supporting Information files. All relevant data are within the manuscript and its Supporting Information files.
PMC6903716,31821339,10.1371/journal.pone.0225893,2019,PloS one,Women with metabolic syndrome show similar health benefits from high-intensity interval training than men,False,"Clinical Trial Research Support, Non-U.S. Gov't research-article Journ",0,0,,,False,Data Availability Statement The complete dataset from this study is available in http://figshare.com/ with the D.O.I. https://doi.org/10.6084/m9.figshare.10540388.v1 . The complete dataset from this study is available in http://figshare.com/ with the D.O.I. https://doi.org/10.6084/m9.figshare.10540388.v1 . The complete dataset from this study is available in http://figshare.com/ with the D.O.I. https://doi.org/10.6084/m9.figshare.10540388.v1 .
PMC6513081,31083692,10.1371/journal.pone.0216787,2019,PloS one,Impact of musculoskeletal symptoms on physical functioning and quality of life among treated people with HIV in high and low resource settings: A case study of the UK and Zambia,False,"Clinical Trial Research Support, Non-U.S. Gov't research-article Multi",0,0,,,False,"The full anonymized dataset for this project has been deposited in the University of Sussex Research repository (figshare), as part of the University's Research Data Management Policy under the DOI: 10.25377/sussex.7931201 where all data for this study can be accessed without restriction. The full anonymized dataset for this project has been deposited in the University of Sussex Research repository (figshare), as part of the University's Research Data Management Policy under the DOI: 10.25377/sussex.7931201 where all data for this study can be accessed without restriction."
PMC6089271,30093512,10.1136/bmjopen-2017-020946,2018,BMJ open,Does the performance of five back-associated exercises relate to the presence of low back pain? A cross-sectional observational investigation in regional Australian council workers,False,research-article Journal Article Observational Study,0,0,,,False,
PMC5797685,29404212,10.7717/peerj.4301,2018,PeerJ,"A quasi-randomised, controlled, feasibility trial of GLITtER (Green Light Imaging Interpretation to Enhance Recovery)-a psychoeducational intervention for adults with low back pain attending secondary",False,research-article Journal Article,0,0,,,False,
PMC4708998,26751074,10.1371/journal.pone.0146828,2016,PloS one,Patient Characteristics and Comorbidities Influence Walking Distances in Symptomatic Peripheral Arterial Disease: A Large One-Year Physiotherapy Cohort Study,False,"Research Support, Non-U.S. Gov't research-article Journal Article",0,0,,,False,"Ethical and legal restrictions prohibit completely free availability of the authors' data in a public repository. This study is based on data from usual care, and public availability would compromise patient confidentiality. Authors may request the data directly via the Dataverse network or contact Sarah Dörenkamp ( sarah.dorenkamp@maastrichtuniversity.nl ). Ethical and legal restrictions prohibit completely free availability of the authors' data in a public repository. This study is based on data from usual care, and public availability would compromise patient confidentiality. Authors may request the data directly via the Dataverse network or contact Sarah Dörenkamp ( sarah.dorenkamp@maastrichtuniversity.nl )."
PMC4943652,27410385,10.1371/journal.pone.0159172,2016,PloS one,Factors for Assessing the Effectiveness of Early Rehabilitation after Minimally Invasive Total Knee Arthroplasty: A Prospective Cohort Study,False,research-article Journal Article,0,0,,,False,"All relevant data are in public repository, Figshare (DOI: 10.6084/m9.figshare.3458681 ). All relevant data are in public repository, Figshare (DOI: 10.6084/m9.figshare.3458681 )."
PMC4431803,25973919,10.1371/journal.pone.0126857,2015,PloS one,Predicting recovery of voluntary upper extremity movement in subacute stroke patients with severe upper extremity paresis,False,"Research Support, Non-U.S. Gov't research-article Journal Article",0,0,,,False,Data Availability Statement The data are available from Figshare with DOI: http://dx.doi.org/10.6084/m9.figshare.1248871 . The data are available from Figshare with DOI: http://dx.doi.org/10.6084/m9.figshare.1248871 . The data are available from Figshare with DOI: http://dx.doi.org/10.6084/m9.figshare.1248871 .
