source,type,year,title,doi,url,article_doi,looks_trial,matched_term
dryad,dataset,2026,Data from: Preliminary efficacy of cognitive multisensory rehabilitation for neuropathic pain in chronic spinal cord injury: A phase I randomized controlled trial,10.5061/dryad.7h44j1007,https://datadryad.org/dataset/10.5061/dryad.7h44j1007,,True,physical therapy
dryad,dataset,2026,Data from: Comparing autistic and non-autistic older adults' fall-related hospitalization care and outcomes,10.5061/dryad.vq83bk47t,https://datadryad.org/dataset/10.5061/dryad.vq83bk47t,,True,physical therapy
dryad,dataset,2026,Data from: Large language models for automated and audience-tailored labeling of latent classes,10.5061/dryad.1jwstqk9d,https://datadryad.org/dataset/10.5061/dryad.1jwstqk9d,,True,low back pain
dryad,dataset,2026,Raw data for efficacy and safety from: Intra-articular sodium hyaluronate for ankle-involved Kashin-Beck disease: A 12-month prospective self-controlled study,10.5061/dryad.kwh70rzk6,https://datadryad.org/dataset/10.5061/dryad.kwh70rzk6,,True,musculoskeletal pain
dryad,dataset,2026,Data from: Comparing exercise with virtual reality gaming on gait and cognition in relapsing-remitting multiple sclerosis: a randomized controlled trial,10.5061/dryad.x69p8czzx,https://datadryad.org/dataset/10.5061/dryad.x69p8czzx,,True,rehabilitation trial
dryad,dataset,2026,Human intracranial signal stability tracks anatomical accuracy after electrode reimplantation,10.5061/dryad.8931zcs3r,https://datadryad.org/dataset/10.5061/dryad.8931zcs3r,,True,chronic pain trial
dryad,dataset,2025,"Therapeutic use of cold atmospheric plasma for the treatment of mild acne papulopustulosa  - a randomised controlled, double-blind pilot study",10.5061/dryad.12jm63z3t,https://datadryad.org/dataset/10.5061/dryad.12jm63z3t,,True,physical therapy
dryad,dataset,2025,Physical activity is associated with exercise capacity among patients undergoing chemotherapy: a pilot randomized controlled trial,10.5061/dryad.w6m905qzp,https://datadryad.org/dataset/10.5061/dryad.w6m905qzp,,True,physical therapy
dryad,dataset,2024,"Extended data for behavioural change for Parkinson’s disease: A randomised controlled feasibility study to promote physical activity and exercise adherence among people with Parkinson’s, stu",10.5061/dryad.prr4xgxt5,https://datadryad.org/dataset/10.5061/dryad.prr4xgxt5,,True,physiotherapy
dryad,dataset,2024,Auriculotherapy treatment in fibromyalgia: A randomized trial,10.5061/dryad.r2280gbms,https://datadryad.org/dataset/10.5061/dryad.r2280gbms,,True,physical therapy
dryad,dataset,2023,REGAIN trial intervention development process evaluation data,10.5061/dryad.n8pk0p30r,https://datadryad.org/dataset/10.5061/dryad.n8pk0p30r,,True,rehabilitation trial
dryad,dataset,2023,Remodeling dental anatomy vs sham therapy for chronic temporomandibular disorders: A placebo-controlled randomized clinical trial,10.5061/dryad.zkh189370,https://datadryad.org/dataset/10.5061/dryad.zkh189370,,True,chronic pain trial
dryad,dataset,2022,Development of chronic pain after posterolateral and axillary approaches for thoracic surgery: A prospective monocentric observational study,10.5061/dryad.g4f4qrft1,https://datadryad.org/dataset/10.5061/dryad.g4f4qrft1,,True,shoulder pain
dryad,dataset,2021,Effect of a single application of Scenar for pain relief in patients with low back and neck pain,10.5061/dryad.63xsj3v2s,https://datadryad.org/dataset/10.5061/dryad.63xsj3v2s,,True,low back pain
dryad,dataset,2021,Home-based exercise for people living with frailty and chronic kidney disease: a mixed-methods pilot randomised controlled trial,10.5061/dryad.3ffbg79hp,https://datadryad.org/dataset/10.5061/dryad.3ffbg79hp,,True,musculoskeletal pain
dryad,dataset,2021,"Fatal and non-fatal events within 14 days after early, intensive mobilization post stroke",10.5061/dryad.9s4mw6mcq,https://datadryad.org/dataset/10.5061/dryad.9s4mw6mcq,,True,rehabilitation trial
dryad,dataset,2021,Telerehabilitation program for COVID-19 survivors (TERECO) - Randomized controlled trial,10.5061/dryad.59zw3r27n,https://datadryad.org/dataset/10.5061/dryad.59zw3r27n,,True,rehabilitation trial
dryad,dataset,2021,Efficacy of high-intensity aerobic exercise on brain MRI measures in multiple sclerosis,10.5061/dryad.3ffbg79fs,https://datadryad.org/dataset/10.5061/dryad.3ffbg79fs,,True,exercise intervention
dryad,dataset,2021,Sham therapy vs manual therapy and control dataset for meta-analyses,10.5061/dryad.v9s4mw6tb,https://datadryad.org/dataset/10.5061/dryad.v9s4mw6tb,,True,manual therapy
dryad,dataset,2021,Clinical trial eligibility in COVID-19 patients,10.5061/dryad.v41ns1rtx,https://datadryad.org/dataset/10.5061/dryad.v41ns1rtx,,True,manual therapy
dryad,dataset,2021,Accompanied versus unaccompanied walking for continuous oxygen saturation measurement during 6-min walk test in COPD: A randomised cross-over study,10.5061/dryad.gmsbcc2n7,https://datadryad.org/dataset/10.5061/dryad.gmsbcc2n7,,True,pulmonary rehabilitation
dryad,dataset,2020,Data from: Initiating Antiretroviral Therapy for HIV at a Patient’s First Clinic Visit: The RapIT Randomized Controlled Trial,10.5061/dryad.vx0k6djp9,https://datadryad.org/dataset/10.5061/dryad.vx0k6djp9,,True,physical therapy
dryad,dataset,2020,Different intensity exercise and verbal spatial working memory data,10.5061/dryad.bcc2fqz92,https://datadryad.org/dataset/10.5061/dryad.bcc2fqz92,,True,exercise intervention
dryad,dataset,2020,Terrestrial acclimation and exercise lead to bone functional response in Polypterus pectoral fins,10.5061/dryad.0vt4b8gwc,https://datadryad.org/dataset/10.5061/dryad.0vt4b8gwc,,True,exercise intervention
dryad,dataset,2020,Data from: BCI training to move a virtual hand reduces phantom limb pain: a randomized crossover trial,10.5061/dryad.15dv41nt9,https://datadryad.org/dataset/10.5061/dryad.15dv41nt9,,True,chronic pain trial
dryad,dataset,2019,Data from: Genetic determinants of disease severity in the myotonic dystrophy type 1 OPTIMISTIC cohort,10.5061/dryad.t063q70,https://datadryad.org/dataset/10.5061/dryad.t063q70,,True,exercise therapy
dryad,dataset,2019,Data from: The Fear Reduction Exercised Early (FREE) approach to management of low back pain in general practice: a pragmatic cluster-randomised controlled trial,10.5061/dryad.4t375b2,https://datadryad.org/dataset/10.5061/dryad.4t375b2,,True,low back pain
dryad,dataset,2019,Data from: Randomized study of the impact of a therapeutic education program on patients suffering from chronic low-back pain who are treated with transcutaneous electrical nerve stimulation,10.5061/dryad.84nj034,https://datadryad.org/dataset/10.5061/dryad.84nj034,,True,low back pain
dryad,dataset,2019,Data from: Cognitive approach to rehabilitation in children with hyperkinetic movement disorders post-DBS,10.5061/dryad.5r06h3c,https://datadryad.org/dataset/10.5061/dryad.5r06h3c,,True,rehabilitation trial
dryad,dataset,2019,"Effects of supervised exercise training during pregnancy on psychological well-being among overweight and obese women:  Secondary analyses of the ETIP-trial, a randomized controlled trial.",10.5061/dryad.pvmcvdng6,https://datadryad.org/dataset/10.5061/dryad.pvmcvdng6,,True,exercise intervention
dryad,dataset,2019,Data from: Early MoCA predicts long-term cognitive and functional outcome and mortality after stroke,10.5061/dryad.7h083rd,https://datadryad.org/dataset/10.5061/dryad.7h083rd,,True,stroke rehabilitation
dryad,dataset,2019,Data from: Cannabis analgesia in chronic neuropathic pain is associated with altered brain connectivity,10.5061/dryad.df6qd5n,https://datadryad.org/dataset/10.5061/dryad.df6qd5n,,True,chronic pain trial
dryad,dataset,2019,Data from: Effect of aerobic exercise on cognition in younger adults: a randomized clinical trial,10.5061/dryad.10n4r3g,https://datadryad.org/dataset/10.5061/dryad.10n4r3g,,True,exercise randomized controlled trial
dryad,dataset,2018,Data from: Early rehabilitation to prevent post-intensive care syndrome in critically ill patients: a systematic review and meta-analysis,10.5061/dryad.12q6c78,https://datadryad.org/dataset/10.5061/dryad.12q6c78,,True,rehabilitation trial
dryad,dataset,2018,"Data from: Effect of ecological momentary assessment, goal-setting and personalized phone-calls on adherence to interval walking training using the InterWalk application among patients with ",10.5061/dryad.nn08r1c,https://datadryad.org/dataset/10.5061/dryad.nn08r1c,,True,exercise intervention
dryad,dataset,2017,Data from: The effect of sitagliptin on carotid artery atherosclerosis in Type 2 Diabetes: the PROLOGUE randomized controlled trial,10.5061/dryad.qt743,https://datadryad.org/dataset/10.5061/dryad.qt743,,True,exercise therapy
dryad,dataset,2017,Data from: A novel brief therapy for patients who attempt suicide: a 24-months follow-up randomized controlled study of the Attempted Suicide Short Intervention Program (ASSIP),10.5061/dryad.85nf3,https://datadryad.org/dataset/10.5061/dryad.85nf3,,True,manual therapy
dryad,dataset,2016,Data from: Optimal cardiac resynchronization therapy pacing rate in non-ischemic heart failure patients: a randomized crossover pilot trial,10.5061/dryad.ts183,https://datadryad.org/dataset/10.5061/dryad.ts183,,True,exercise therapy
dryad,dataset,2016,Data from: Musculoskeletal pain as a marker of health quality. Findings from the epidemiological sleep study among the adult population of São Paulo city,10.5061/dryad.h3k43,https://datadryad.org/dataset/10.5061/dryad.h3k43,,True,low back pain
dryad,dataset,2016,Data from: Early sitting in ischemic stroke patients (SEVEL): a randomized controlled trial,10.5061/dryad.jh15q,https://datadryad.org/dataset/10.5061/dryad.jh15q,,True,rehabilitation trial
dryad,dataset,2016,Data from: A 12-week exercise program for pregnant women with obesity to improve physical activity levels: an open randomised preliminary study,10.5061/dryad.87f03,https://datadryad.org/dataset/10.5061/dryad.87f03,,True,exercise intervention
dryad,dataset,2016,Data from: Cell signaling-based classifier predicts response to induction therapy in elderly patients with acute myeloid leukemia,10.5061/dryad.94r9s,https://datadryad.org/dataset/10.5061/dryad.94r9s,,True,resistance training trial
dryad,dataset,2014,Data from: Is there a causal link between knee loading and knee osteoarthritis progression? A systematic review and meta-analysis of cohort studies and randomised trials,10.5061/dryad.b40hm,https://datadryad.org/dataset/10.5061/dryad.b40hm,,True,knee osteoarthritis
dryad,dataset,2013,Program to Reduce Incontinence through Diet and Exercise (PRIDE),10.7272/q6pn93h6,https://datadryad.org/dataset/10.7272/q6pn93h6,,True,exercise therapy
dryad,dataset,2013,Data from: Randomised controlled trial of an education and support package for stroke patients and their carers,10.5061/dryad.4ms68,https://datadryad.org/dataset/10.5061/dryad.4ms68,,True,rehabilitation trial
dryad,dataset,2013,Data from: Internet-delivered therapist-guided physical activity for mild to moderate depression: a randomized controlled trial,10.5061/dryad.c6q65,https://datadryad.org/dataset/10.5061/dryad.c6q65,,True,exercise intervention
dryad,dataset,2026,Therapist-exoskeleton-patient interaction for gait therapy,10.5061/dryad.37pvmcvxd,https://datadryad.org/dataset/10.5061/dryad.37pvmcvxd,,False,physical therapy
dryad,dataset,2026,Correlation between quadriceps activation and proprioception in patients with knee osteoarthritis,10.5061/dryad.fn2z34v8s,https://datadryad.org/dataset/10.5061/dryad.fn2z34v8s,,False,physical therapy
dryad,dataset,2026,Data from: Wireless knee joint monitoring utilizing biodegradable single-ended pressure sensor in osteoarthritis management,10.5061/dryad.ttdz08mcd,https://datadryad.org/dataset/10.5061/dryad.ttdz08mcd,,False,knee osteoarthritis
dryad,dataset,2026,Data for: Mindfulness in motion targeted to sustaining the mental and physical resilience of first responders,10.5061/dryad.4j0zpc8t1,https://datadryad.org/dataset/10.5061/dryad.4j0zpc8t1,,False,musculoskeletal pain
dryad,dataset,2026,Data from: Triple-layered core-shell microneedle patch for sustained analgesic delivery and chondroprotection in osteoarthritis,10.5061/dryad.xksn02vwz,https://datadryad.org/dataset/10.5061/dryad.xksn02vwz,,False,musculoskeletal pain
dryad,dataset,2026,Data from: Ampk alpha2 T172 activation dictates exercise performance and energy transduction in skeletal muscle,10.5061/dryad.f1vhhmh96,https://datadryad.org/dataset/10.5061/dryad.f1vhhmh96,,False,exercise intervention
dryad,dataset,2026,Full list of potential drug repurposing candidates for rare neuro-muscular disorders,10.5061/dryad.573n5tbpx,https://datadryad.org/dataset/10.5061/dryad.573n5tbpx,,False,manual therapy
dryad,dataset,2025,Exercises on a balance cushion to influence lumbar vertebral syndrome,10.5061/dryad.b8gtht7hh,https://datadryad.org/dataset/10.5061/dryad.b8gtht7hh,,False,physical therapy
dryad,dataset,2025,Total-body PET for assessing myofascial pain,10.5061/dryad.x3ffbg7zw,https://datadryad.org/dataset/10.5061/dryad.x3ffbg7zw,,False,low back pain
dryad,dataset,2025,Columbia Suicide Severity Rating Scale Screen scores in adults with Chiari malformation Type 1,10.5061/dryad.c866t1gj0,https://datadryad.org/dataset/10.5061/dryad.c866t1gj0,,False,neck pain
dryad,dataset,2025,Adipose-derived leptin and complement factor D mediate osteoarthritis severity and pain,10.5061/dryad.dz08kps7c,https://datadryad.org/dataset/10.5061/dryad.dz08kps7c,,False,knee osteoarthritis
dryad,dataset,2025,Effects of a 12-week exercise intervention on primitive reflex retention and social development in children with ASD and ADHD,10.5061/dryad.dfn2z35d8,https://datadryad.org/dataset/10.5061/dryad.dfn2z35d8,,False,exercise intervention
dryad,dataset,2024,Data from: Assessing leg length discrepancy post-total hip arthroplasty for neck of femur fractures: a retrospective analysis,10.5061/dryad.hhmgqnkrg,https://datadryad.org/dataset/10.5061/dryad.hhmgqnkrg,,False,physiotherapy
dryad,dataset,2024,Cross-species analysis of genetic architecture and polygenic risk scores for non-contact ACL rupture in dogs and humans,10.5061/dryad.47d7wm3ns,https://datadryad.org/dataset/10.5061/dryad.47d7wm3ns,,False,physical therapy
dryad,dataset,2024,Data from: Vocal and tongue exercise in early to mid-stage Parkinson disease using the Pink1-/- rat,10.5061/dryad.pc866t205,https://datadryad.org/dataset/10.5061/dryad.pc866t205,,False,exercise therapy
dryad,dataset,2024,Data from: Effects of chemoradiation and tongue exercise on swallow biomechanics and bolus kinematics,10.5061/dryad.f7m0cfz5h,https://datadryad.org/dataset/10.5061/dryad.f7m0cfz5h,,False,exercise intervention
dryad,dataset,2024,Mechanisms of individualized fMRI neuromodulation for visual perception and visual imagery,10.5061/dryad.ngf1vhj1m,https://datadryad.org/dataset/10.5061/dryad.ngf1vhj1m,,False,stroke rehabilitation
dryad,dataset,2024,"Predictors of medical staff’s knowledge, attitudes, and behavior of dysphagia assessment: A cross-sectional study",10.5061/dryad.djh9w0w70,https://datadryad.org/dataset/10.5061/dryad.djh9w0w70,,False,stroke rehabilitation
dryad,dataset,2023,Serum proteomic analysis of sex differences during an acute low back pain episode,10.5061/dryad.1rn8pk0xm,https://datadryad.org/dataset/10.5061/dryad.1rn8pk0xm,,False,low back pain
dryad,dataset,2023,Barriers to home exercise for patients with Parkinson’s disease – a qualitative study,10.5061/dryad.g79cnp5tx,https://datadryad.org/dataset/10.5061/dryad.g79cnp5tx,,False,exercise intervention
dryad,dataset,2022,Gene augmentation prevents retinal degeneration in a CRISPR/Cas9-based mouse model of PRPF31 retinitis pigmentosa,10.5061/dryad.bcc2fqzf1,https://datadryad.org/dataset/10.5061/dryad.bcc2fqzf1,,False,physical therapy
dryad,dataset,2022,Comprehensive assessment of postoperative mobility during the first days after mini-invasive lung surgery: A prospective observational study,10.5061/dryad.tqjq2bw2v,https://datadryad.org/dataset/10.5061/dryad.tqjq2bw2v,,False,physical therapy
dryad,dataset,2022,Psychological factors in the chronicity of back pain: Impact on treatment engagement and disability,10.5061/dryad.cnp5hqc61,https://datadryad.org/dataset/10.5061/dryad.cnp5hqc61,,False,low back pain
dryad,dataset,2022,Lin28a induces SOX9 and chondrocyte reprogramming via HMGA2 and blunts cartilage loss in mice,10.5061/dryad.g1jwstqt6,https://datadryad.org/dataset/10.5061/dryad.g1jwstqt6,,False,knee osteoarthritis
dryad,dataset,2022,Dataset for: Vibrometry as a noncontact alternative to dynamic and viscoelastic mechanical testing in cartilage,10.7280/D1WX12,https://datadryad.org/dataset/10.7280/D1WX12,,False,knee osteoarthritis
dryad,dataset,2022,A scoping review exploring vocational rehabilitation interventions for mental health service users with chronic mental illness in low-income to upper-middle-income countries,10.5061/dryad.0p2ngf23t,https://datadryad.org/dataset/10.5061/dryad.0p2ngf23t,,False,rehabilitation trial
dryad,dataset,2022,Development of a tool for quantifying need-supportive coaching in technology-mediated exercise classes,10.7280/D1340M,https://datadryad.org/dataset/10.7280/D1340M,,False,exercise intervention
dryad,dataset,2022,Planning for Resilience: Incorporating scenario and model uncertainty and trade-offs when prioritizing management of climate refugia,10.5061/dryad.sf7m0cg83,https://datadryad.org/dataset/10.5061/dryad.sf7m0cg83,,False,exercise intervention
dryad,dataset,2022,Adiponectin receptor agonist AdipoRon improves skeletal muscle function in aged mice,10.5061/dryad.x95x69pkt,https://datadryad.org/dataset/10.5061/dryad.x95x69pkt,,False,exercise intervention
dryad,dataset,2021,"Shared decision making in Australian physiotherapy practice: a survey of knowledge, attitudes, and self-reported use",10.5061/dryad.bnzs7h4bc,https://datadryad.org/dataset/10.5061/dryad.bnzs7h4bc,,False,physiotherapy
dryad,dataset,2021,COVID-19 patient data from a study in Singapore curated for input into an in silico infection model,10.5061/dryad.sn02v6x38,https://datadryad.org/dataset/10.5061/dryad.sn02v6x38,,False,physical therapy
dryad,dataset,2021,Assessment of cardiovascular risk factors in patients with Knee Osteoarthritis,10.5061/dryad.79cnp5htv,https://datadryad.org/dataset/10.5061/dryad.79cnp5htv,,False,knee osteoarthritis
dryad,dataset,2021,Supplemental material for: NINDS consensus diagnostic criteria for Traumatic Encephalopathy Syndrome,10.5061/dryad.f1vhhmgvk,https://datadryad.org/dataset/10.5061/dryad.f1vhhmgvk,,False,stroke rehabilitation
dryad,dataset,2020,Clinical recommendations to guide physical therapy practice for Huntington disease,10.5061/dryad.vq83bk3pc,https://datadryad.org/dataset/10.5061/dryad.vq83bk3pc,,False,physical therapy
dryad,dataset,2020,The role of low-grade inflammation in ME/CFS (Myalgic Encephalomyelitis/Chronic Fatigue Syndrome) - associations with symptoms,10.5061/dryad.f1vhhmgsb,https://datadryad.org/dataset/10.5061/dryad.f1vhhmgsb,,False,musculoskeletal pain
dryad,dataset,2020,Metrics of diabetes risk are only minimally improved by exercise training in postmenopausal breast cancer survivors,10.5061/dryad.9cnp5hqdj,https://datadryad.org/dataset/10.5061/dryad.9cnp5hqdj,,False,exercise intervention
dryad,dataset,2019,Data from: The association between continued residence in temporary prefabricated housing and musculoskeletal pain in survivors of the Great East Japan Earthquake: a longitudinal study,10.5061/dryad.3k221h3,https://datadryad.org/dataset/10.5061/dryad.3k221h3,,False,neck pain
dryad,dataset,2019,Mapping the EORTC QLQ-C30 and QLQ-H&N35 to the EQ-5D for head and neck cancer: can disease-specific utilities be obtained?,10.5061/dryad.qbzkh18cz,https://datadryad.org/dataset/10.5061/dryad.qbzkh18cz,,False,neck pain
dryad,dataset,2019,Data from: Patient-Reported Symptoms in Facioscapulohumeral Muscular Dystrophy (PRISM-FSHD),10.5061/dryad.sh54526,https://datadryad.org/dataset/10.5061/dryad.sh54526,,False,shoulder pain
dryad,dataset,2019,"Data from: Translation, cross-cultural adaptation and validation of the traditional Chinese intermittent and constant osteoarthritis pain (ICOAP) questionnaire for knee osteoarthritis",10.5061/dryad.30r34f7,https://datadryad.org/dataset/10.5061/dryad.30r34f7,,False,knee osteoarthritis
dryad,dataset,2019,Data from: Fatiguing effects of indirect vibration stimulation in upper limb muscles- post and during isometric contractions superimposed on upper limb vibration,10.5061/dryad.jq8bg5c,https://datadryad.org/dataset/10.5061/dryad.jq8bg5c,,False,exercise intervention
dryad,dataset,2019,Data from: Conquering the inner couch potato: precommitment is an effective strategy to enhance motivation for effortful actions,10.5061/dryad.325r2g3,https://datadryad.org/dataset/10.5061/dryad.325r2g3,,False,exercise intervention
dryad,dataset,2019,Data from: Time-dependent decline of body-specific attention to the paretic limb in chronic stroke patients,10.5061/dryad.hs3q65d,https://datadryad.org/dataset/10.5061/dryad.hs3q65d,,False,stroke rehabilitation
dryad,dataset,2019,Data from: Socioeconomic determinants of outcome after childhood arterial ischemic stroke,10.5061/dryad.vp34f2q,https://datadryad.org/dataset/10.5061/dryad.vp34f2q,,False,stroke rehabilitation
dryad,dataset,2019,"Data from: Single-session tDCS over the dominant hemisphere affects contralateral spectral EEG power, but does not enhance neurofeedback-guided event-related desynchronization of the non-dom",10.5061/dryad.3m8j0,https://datadryad.org/dataset/10.5061/dryad.3m8j0,,False,stroke rehabilitation
dryad,dataset,2019,Data from: Sensory information and the perception of verticality in post-stroke patients. Another point of view in sensory reweighting strategies,10.5061/dryad.768p8,https://datadryad.org/dataset/10.5061/dryad.768p8,,False,stroke rehabilitation
dryad,dataset,2018,Data from: Case-oriented selection of investigation methods in direct access: A comparison between physiotherapy trainees at professional colleges and in bachelor's study courses,10.5061/dryad.hn1rh,https://datadryad.org/dataset/10.5061/dryad.hn1rh,,False,physiotherapy
dryad,dataset,2018,Data from: Does the performance of five back-associated exercises relate to the presence of low back pain?  A cross-sectional observational investigation in regional Australian council worke,10.5061/dryad.9g8q52g,https://datadryad.org/dataset/10.5061/dryad.9g8q52g,,False,low back pain
dryad,dataset,2018,Data from: Parameters that remain consistent independent of pausing before gait-initiation during normal rise-to-walk behaviour delineated by sit-to-walk and sit-to-stand-and-walk,10.5061/dryad.bv3c8b5,https://datadryad.org/dataset/10.5061/dryad.bv3c8b5,,False,rehabilitation trial
dryad,dataset,2018,Data from: Rehabilitative skilled forelimb training enhances axonal remodeling in the corticospinal pathway but not the brainstem-spinal pathways after photothrombotic stroke in the primary ,10.5061/dryad.7fs45,https://datadryad.org/dataset/10.5061/dryad.7fs45,,False,stroke rehabilitation
dryad,dataset,2018,Data from: Acute single channel EEG predictors of cognitive function after stroke,10.5061/dryad.h6986,https://datadryad.org/dataset/10.5061/dryad.h6986,,False,stroke rehabilitation
dryad,dataset,2017,Data from: Ultrasound evaluation of the combined effects of thoracolumbar fascia injury and movement restriction in a porcine model,10.5061/dryad.7kk48,https://datadryad.org/dataset/10.5061/dryad.7kk48,,False,low back pain
dryad,dataset,2017,Data from: Preoperative characteristics of working-age patients undergoing total knee arthroplasty,10.5061/dryad.kc260,https://datadryad.org/dataset/10.5061/dryad.kc260,,False,knee osteoarthritis
dryad,dataset,2017,"Data from: Age, gender, neck circumference, and Epworth sleepiness scale do not predict obstructive sleep apnea (OSA) in moderate to severe chronic obstructive pulmonary disease (COPD): the ",10.5061/dryad.80h0d,https://datadryad.org/dataset/10.5061/dryad.80h0d,,False,pulmonary rehabilitation
dryad,dataset,2017,Data from: Investigating the impact of feedback update interval on the efficacy of restorative brain–computer interfaces,10.5061/dryad.97bt8,https://datadryad.org/dataset/10.5061/dryad.97bt8,,False,stroke rehabilitation
dryad,dataset,2016,Data from: Enhancement of apoptosis by titanium alloy internal fixations during microwave treatments for fractures: an animal study,10.5061/dryad.92n53,https://datadryad.org/dataset/10.5061/dryad.92n53,,False,physical therapy
dryad,dataset,2016,Data from: Differential neural processing during motor imagery of daily activities in chronic low back pain patients,10.5061/dryad.2h0q3,https://datadryad.org/dataset/10.5061/dryad.2h0q3,,False,low back pain
dryad,dataset,2012,"Data from: Why do so few patients with heart failure participate in cardiac rehabilitation? A cross-sectional survey from England, Wales and Northern Ireland",10.5061/dryad.n6661sh1,https://datadryad.org/dataset/10.5061/dryad.n6661sh1,,False,cardiac rehabilitation
dryad,dataset,2011,Data from: Clinical decision making in spinal fusion for chronic low back pain. Results of a nationwide survey among spine surgeons,10.5061/dryad.7p65c8p4,https://datadryad.org/dataset/10.5061/dryad.7p65c8p4,,False,low back pain
zenodo,dataset,2024,Exploring the Impact of Physiotherapy on Health Outcomes in Elderly Patients with Chronic Diseases: A Cross-Sectional Analysis,10.5281/zenodo.10781036,https://zenodo.org/records/10781036,,True,physiotherapy
zenodo,dataset,2023,Long COVID data set : physiotherapist and physiotherapy students KAP study,10.5281/zenodo.8083876,https://zenodo.org/records/8083876,,False,physiotherapy
zenodo,dataset,2026,Physiotherapy Olympic Games (2023–2026): coded dataset,10.5281/zenodo.21790214,https://zenodo.org/records/21790214,,False,physiotherapy
zenodo,dataset,2024,Factors predicting long-term outcomes following physiotherapy in patients with subacromial pain syndrome: A secondary analysis,10.5281/zenodo.10675224,https://zenodo.org/records/10675224,,False,physiotherapy
zenodo,dataset,2022,Dataset of outcome for dizzy patients in a physiotherapy practice,10.5281/zenodo.5873693,https://zenodo.org/records/5873693,,False,physiotherapy
zenodo,dataset,2018,Data from: Case-oriented selection of investigation methods in direct access: A comparison between physiotherapy trainees at professional colleges and in bachelor's study courses,10.5061/dryad.hn1rh,https://zenodo.org/records/5012524,,False,physiotherapy
zenodo,dataset,2026,THE EFFICACY OF TRADITIONAL MEDICINE METHODS IN KNEE JOINT OSTEOARTHRITIS,10.5281/zenodo.18755359,https://zenodo.org/records/18755359,,False,physiotherapy
zenodo,dataset,2026,Effectiveness of Flipped Classroom versus Modified Team-Based Learning with Tutorial on Clinical Competency in Physiotherapy Education: A Mixed-Methods Study,10.5281/zenodo.19754188,https://zenodo.org/records/19754188,,False,physiotherapy
zenodo,dataset,2026,THE ROLE OF THERAPEUTIC EXERCISE IN PARKINSON'S DISEASE,10.5281/zenodo.20120640,https://zenodo.org/records/20120640,,False,physiotherapy
zenodo,dataset,2020,Motor improvement in adolescents affected by ataxia secondary to acquired brain injury: a pilot study,10.5281/zenodo.4059380,https://zenodo.org/records/4059380,10.1155/2019/8967138,False,physiotherapy
zenodo,dataset,2026,Analysis code and scoring data for: Academic Performance of Large Language Models Across an Undergraduate Physiotherapy Curriculum: A Subset Analysis,10.5281/zenodo.20589258,https://zenodo.org/records/20589258,,False,physiotherapy
zenodo,dataset,2026,THE REHABILITATIVE ROLE OF PHYSIOTHERAPY IN THE MANAGEMENT OF CHRONIC DERMATOSES: AN INTEGRATED APPROACH,10.5281/zenodo.18726391,https://zenodo.org/records/18726391,,False,physiotherapy
zenodo,dataset,2025,Questionnaires,10.5281/zenodo.14823266,https://zenodo.org/records/14823266,,False,physiotherapy
zenodo,dataset,2026,MODERN APPROACHES TO PREVENTION AND TREATMENT OF PELVIC DYSFUNCTION IN WOMEN IN THE POSTPARTUM PERIOD,10.5281/zenodo.19309410,https://zenodo.org/records/19309410,,False,physiotherapy
zenodo,dataset,2017,Health Campus Studies,10.5281/zenodo.854656,https://zenodo.org/records/854656,,False,physiotherapy
zenodo,dataset,2026,EFFECTIVENESS OF ACUPUNCTURE IN RHEUMATOID ARTHRITIS REHABILITATION,10.5281/zenodo.18612318,https://zenodo.org/records/18612318,,False,physiotherapy
zenodo,dataset,2025,PEDAGOGICAL AND METHODOLOGICAL APPROACHES TO PHYSICAL REHABILITATION IN MOTOR SKILLS DEVELOPMENT FOR PEDIATRIC CEREBRAL PALSY PATIENTS,10.5281/zenodo.16423864,https://zenodo.org/records/16423864,,False,physiotherapy
zenodo,dataset,2021,Physiotherapy rehabilitation in subjects diagnosed with Subacromial Impingement Syndrome does not normalize shoulder muscle onset time of activation,10.5281/zenodo.5044831,https://zenodo.org/records/5044831,,False,physiotherapy
zenodo,dataset,2023,Feasibility of 3D Body Tracking from Monocular 2D Video Feeds in Musculoskeletal Telerehabilitation,10.5281/zenodo.10408307,https://zenodo.org/records/10408307,,False,physiotherapy
zenodo,dataset,2026,AI-generated clinical scenarios in physiotherapy — Supporting materials.,10.5281/zenodo.20528545,https://zenodo.org/records/20528545,,False,physiotherapy
zenodo,dataset,2021,Surface electromyography data set of knee osteoarthritis patients undergoing hydrotherapy and physiotherapy rehabilitation routines,10.5281/zenodo.5239861,https://zenodo.org/records/5239861,,False,physiotherapy
zenodo,dataset,2020,"Effects of cervical traction, infrared therapy, and selected biomarkers on neck disability indexes among people with cervical spondylosis: A sequential clinical trial",10.5281/zenodo.4337859,https://zenodo.org/records/4337859,,True,physiotherapy
zenodo,dataset,2025,Evaluating active learning strategies among students: a comparison of note-taking and multiple-choice question writing on summative examination performance.,10.5281/zenodo.15861339,https://zenodo.org/records/15861339,,True,physiotherapy
zenodo,dataset,2026,"TRIGEMINAL NEURALGIA: CLINICAL PRESENTATION, DIFFERENTIAL DIAGNOSIS, AND COMPREHENSIVE MANAGEMENT STRATEGIES",10.5281/zenodo.18541703,https://zenodo.org/records/18541703,,False,physiotherapy
zenodo,dataset,2025,MPA,10.5281/zenodo.15797014,https://zenodo.org/records/15797014,,False,physiotherapy
zenodo,dataset,2026,JOINT HYPERMOBILITY SYNDROME AND ITS CLINICAL SIGNIFICANCE,10.5281/zenodo.18765727,https://zenodo.org/records/18765727,,False,physiotherapy
zenodo,dataset,2018,Data from: Prevalence of tobacco use and perceptions of student health professionals about cessation training: results from Global Health Professions Student Survey,10.5061/dryad.5sq0q18,https://zenodo.org/records/4945164,,False,physiotherapy
zenodo,dataset,2026,CLINICAL AND PHYSIOLOGICAL FOUNDATIONS OF LYMPHOTHERAPY AND ITS SIGNIFICANCE IN REHABILITATION,10.5281/zenodo.18876400,https://zenodo.org/records/18876400,,False,physiotherapy
zenodo,dataset,2026,Dataset related to sub-study one of the PainSMART-project (RCT-PROMs primary and secondary outcomes).,10.5281/zenodo.18798379,https://zenodo.org/records/18798379,,True,physiotherapy
zenodo,dataset,2025,"Dataset for ""Immersive virtual reality for the home treatment of chronic low back pain: a randomised clinical trial""",10.5281/zenodo.17235455,https://zenodo.org/records/17235455,,True,physiotherapy
zenodo,dataset,2025,"Dataset for the manuscript: ""No significant links between somatognosia, stereognosia, and hypermobility: sensory processing unlikely to drive common complaints in hypermobile population""",10.5281/zenodo.16840501,https://zenodo.org/records/16840501,,False,physiotherapy
zenodo,dataset,2022,"Genetic mutations and decreased protein expression of ABCG2 urate transporters are associated with susceptibility to gout, disease severity and renal-overload hyperuricemia",10.5281/zenodo.6327541,https://zenodo.org/records/6327541,,False,physiotherapy
zenodo,dataset,2026,MULTIDISCIPLINARY MANAGEMENT STRATEGIES FOR ORAL HEALTH SEQUELAE IN CHRONIC DIFFUSE LIVER DISEASE,10.5281/zenodo.20073359,https://zenodo.org/records/20073359,,False,physiotherapy
zenodo,dataset,2021,"Shared decision making in Australian physiotherapy practice: a survey of knowledge, attitudes, and self-reported use",10.5061/dryad.bnzs7h4bc,https://zenodo.org/records/4751755,,False,physiotherapy
zenodo,dataset,2026,REHABILITATION OF JOINT DISLOCATIONS AND LIGAMENT INJURIES: PRINCIPLES OF PHYSIOTHERAPY AND RECOVERY STAGES,10.5281/zenodo.18950306,https://zenodo.org/records/18950306,,False,physiotherapy
zenodo,dataset,2022,Whole-Body Cryostimulation: A Rehabilitation Booster in Post-COVID Patients? A Case Series,10.5281/zenodo.7528234,https://zenodo.org/records/7528234,,False,physiotherapy
zenodo,dataset,2025,Efficacy of robot-assisted gait training combined with conventional physiotherapy in postoperative patients with diparetic cerebral palsy: an observational study,10.5281/zenodo.15083648,https://zenodo.org/records/15083648,,False,physiotherapy
zenodo,dataset,2024,The Hirudo medicinalis & Hydro therapy by Aqua Pilates,10.5281/zenodo.10947662,https://zenodo.org/records/10947662,,False,physiotherapy
zenodo,dataset,2026,ASSESSING THE EFFECTIVENESS OF ADAPTIVE EXERCISES IN THE PHYSICAL REHABILITATION OF CHILDREN WITH LIMITED MOBILITY,10.5281/zenodo.21385427,https://zenodo.org/records/21385427,,False,physiotherapy
zenodo,dataset,2026,Dataset: Physical Activity Self-Monitoring in Physiotherapy Education: Integrating Wearable Technologies and Physical Activity Recommendations,10.5281/zenodo.21621998,https://zenodo.org/records/21621998,,False,physiotherapy
zenodo,dataset,2022,Sensor-based telerehabilitation system increases patient adherence after knee surgery,10.5281/zenodo.7446987,https://zenodo.org/records/7446987,,True,physiotherapy
zenodo,dataset,2024,FORCe step-down-and-pivot biomechanical dataset,10.5281/zenodo.10556255,https://zenodo.org/records/10556255,,True,physiotherapy
zenodo,dataset,2024,KneE-PAD,10.5281/zenodo.12112951,https://zenodo.org/records/12112951,,False,physiotherapy
zenodo,dataset,2024,Case report: The impact of holistic physiotherapy approach on post- brucellosis low back pain and dysmenorrhea,10.5281/zenodo.14404871,https://zenodo.org/records/14404871,,False,physiotherapy
zenodo,dataset,2024,"Extended data for behavioural change for Parkinson's disease: A randomised controlled feasibility study to promote physical activity and exercise adherence among people with Parkinson's, stu",10.5061/dryad.prr4xgxt5,https://zenodo.org/records/10460938,,True,physiotherapy
zenodo,dataset,2026,"RHEUMATOID ARTHRITIS : EPIDEMIOLOGY , PATHOGENESIS , CLINICAL APPEARANCES AND MODERN TREATMENT APPROACHES",10.5281/zenodo.18766329,https://zenodo.org/records/18766329,,False,physiotherapy
zenodo,dataset,2021,"Roles and problems of stroke caregivers: A qualitative study in Yogyakarta, Indonesia",10.5281/zenodo.4716264,https://zenodo.org/records/4716264,,False,physiotherapy
zenodo,dataset,2023,Proposal for a physiotherapy assessment form for the evaluation of women patients with uro-gynecological disorders: A Delphi study,10.5281/zenodo.10213486,https://zenodo.org/records/10213486,,False,physiotherapy
zenodo,dataset,2026,Association between Assistive Technology Satisfaction and Mobility Outcomes among Adults with Lower Limb Amputation in Ghana.,10.5281/zenodo.21702643,https://zenodo.org/records/21702643,,False,physiotherapy
zenodo,dataset,2021,"Dataset related to article ""Functional changes in the lower extremity after non-immersive virtual reality and physiotherapy following stroke""",10.5281/zenodo.5507449,https://zenodo.org/records/5507449,10.2340/16501977-2763,False,physiotherapy
zenodo,dataset,2023,Proposal for a physiotherapy assessment form for the evaluation of women patients with uro-gynecological disorders: A Delphi study,10.5281/zenodo.10091430,https://zenodo.org/records/10091430,,False,physiotherapy
zenodo,dataset,2024,Cross-cultural adaptation and preliminary validation of the Young Children Participation and Environment Measure (YC-PEM) to use in Spain,10.5281/zenodo.12743022,https://zenodo.org/records/12743022,,False,physiotherapy
zenodo,dataset,2023,Informing upper extremity rehabilitation through endpoint kinematics of the functional reaching movement after stroke,10.5281/zenodo.7587404,https://zenodo.org/records/7587404,,False,physiotherapy
zenodo,dataset,2024,Recommended Physiotherapy Modalities for Oncology Patients with Palliative Needs and Its Influence on Patient-Reported Outcome Measures: A Systematic Review,10.5281/zenodo.14752861,https://zenodo.org/records/14752861,,False,physiotherapy
zenodo,dataset,2026,DEFINITION EVALUATION OF THE EFFECTIVENESS OF PHYSIOTHERAPY CARE FOR DENTAL PATIENTS IN THE REGIONAL DENTAL CLINIC OF THE CITY OF ANDIJAN.,10.5281/zenodo.18365654,https://zenodo.org/records/18365654,,False,physiotherapy
zenodo,software,2026,"Replicability, transparency, and robustness in physiotherapy research: data, code, and material.",10.5281/zenodo.18509308,https://zenodo.org/records/18509308,,False,physiotherapy
zenodo,software,2026,"The Brain Under the Influence of Non-motor Signs in Parkinson Disease: Neurological, Pharmacological and Physiotherapy Related Correlations - Graph",10.5281/zenodo.21835204,https://zenodo.org/records/21835204,,False,physiotherapy
zenodo,software,2026,"Parkinson's NMS Copilot - The Brain Under the Influence of Non-motor Signs in Parkinson Disease: Neurological, Pharmacological and Physiotherapy Related Correlations",10.5281/zenodo.20597688,https://zenodo.org/records/20597688,,False,physiotherapy
zenodo,software,2026,Microvascular Brain Pathology Correlations Between Diabetes and Lacunar Strokes - Graph,10.5281/zenodo.21884419,https://zenodo.org/records/21884419,,False,physiotherapy
zenodo,software,2026,Synthetic Data Methods for Small-Sample Parkinson's Disease Rehabilitation Trials,10.5281/zenodo.22070236,https://zenodo.org/records/22070236,,True,physiotherapy
zenodo,software,2020,jcuenzal/Pediatric-respiratory-physiotherapy-in-bronchiolitis DOI,10.5281/zenodo.3786172,https://zenodo.org/records/3786172,,False,physiotherapy
zenodo,software,2026,Cerebral Ischaemia Neuroprotection vs. Dementia Resilience vs. Alzheimer's Nanotherapy,10.5281/zenodo.21819622,https://zenodo.org/records/21819622,,False,physiotherapy
zenodo,software,2025,Design and Evaluation of a Mixed Reality Biofeedback System for Home-Based Physiotherapy Exercises - Code and Data,10.5281/zenodo.15920305,https://zenodo.org/records/15920305,,False,physiotherapy
zenodo,software,2021,Excel Macro for Lung Volume Recruitment Counter Data (Omega Data Logger).,10.5281/zenodo.4587974,https://zenodo.org/records/4587974,,True,physiotherapy
zenodo,software,2023,Kinematics Octave software,10.5281/zenodo.8033608,https://zenodo.org/records/8033608,,False,physiotherapy
zenodo,software,2021,The Sensor Physiotherapy Intervention Movement Analysis Report (SPINMAR),10.5281/zenodo.5574358,https://zenodo.org/records/5574358,,False,physiotherapy
zenodo,software,2026,RespirIA — Agente Personalizado para o Aprendizado de Ventilação Mecânica Invasiva,10.5281/zenodo.19615982,https://zenodo.org/records/19615982,,False,physiotherapy
zenodo,software,2025,RehabTrack Workflow: A Modular Hybrid Video–IMU Pipeline for Analysing Upper-Limb Physiotherapy Data,10.5281/zenodo.16756215,https://zenodo.org/records/16756215,,False,physiotherapy
zenodo,software,2026,Clinical indicators associated with pain trajectories in non-specific neck pain: a secondary analysis of a multicenter prospective observational cohort to develop a clinical compass for pers,10.5281/zenodo.21511654,https://zenodo.org/records/21511654,,True,physiotherapy
zenodo,software,2026,Physio Decision Models: Clinical Reasoning Under Biological Uncertainty,10.5281/zenodo.20684249,https://zenodo.org/records/20684249,,True,physiotherapy
zenodo,software,2026,physiotherapy-repo/icd10_2018: v2026.08.21.1787254876.873439901,10.5281/zenodo.22034902,https://zenodo.org/records/22034902,,False,physiotherapy
zenodo,software,2026,deneuvilleJP/discogenic-sij-prevalence-data: v1.0.0 — Initial Zenodo release,10.5281/zenodo.20303212,https://zenodo.org/records/20303212,,False,physiotherapy
zenodo,software,2026,Low-intensity rTMS + physiotherapy for post-stroke upper-limb recovery: a four-axis bibliometric mapping,10.5281/zenodo.22072178,https://zenodo.org/records/22072178,,False,physiotherapy
zenodo,software,2026,"Shortwave diathermy dose calculator for clinical, academic, and scientific use in musculoskeletal conditions.",10.5281/zenodo.19443879,https://zenodo.org/records/19443879,,True,physiotherapy
zenodo,software,2026,Analysis code for the Mashhad musculoskeletal study,10.5281/zenodo.22082980,https://zenodo.org/records/22082980,,False,physiotherapy
zenodo,software,2026,Loading Continuum Staging API: Open Interface Specification v1.0,10.5281/zenodo.21233714,https://zenodo.org/records/21233714,10.2196/104890,False,physiotherapy
zenodo,dataset,2023,Validation of a Bluetooth-Enabled Load Cell for Objective and Accessible Assessment of Lower Extremity Strength,10.5281/zenodo.7775805,https://zenodo.org/records/7775805,,False,physical therapy
zenodo,dataset,2021,"Dataset from de Abreu RM, Catai AM, Cairo B, Rehder-Santos P, da Silva CD, Signini ÉF, Sakaguchi CA, Porta A. A Transfer Entropy Approach for the Assessment of the Impact of Inspiratory Musc",10.5281/zenodo.4537182,https://zenodo.org/records/4537182,,False,physical therapy
zenodo,dataset,2026,Sagittal–Coronal Alignment Interaction and Lumbar Intervertebral Loading During Standing: Reproducibility Package,10.5281/zenodo.22074067,https://zenodo.org/records/22074067,,True,physical therapy
zenodo,dataset,2017,Raw database; extract from the public database of the Chilean National Health Survey 2009-10,10.5281/zenodo.3530819,https://zenodo.org/records/3530819,,False,physical therapy
zenodo,dataset,2024,US Physical Therapy Market 2024 To 2033,10.5281/zenodo.14590799,https://zenodo.org/records/14590799,,False,physical therapy
zenodo,dataset,2022,"ATOPE+Breast, Continuous Monitoring of Training Load in Patients with Breast Cancer during Therapeutic Exercise Intervention",10.5281/zenodo.6322773,https://zenodo.org/records/6322773,,False,physical therapy
zenodo,dataset,2017,Data from: Is the association between health-related quality of life and fatigue mediated by depression in patients with multiple sclerosis? A Spanish cross sectional study,10.5061/dryad.vp955,https://zenodo.org/records/4989354,,False,physical therapy
zenodo,dataset,2020,Clinical recommendations to guide physical therapy practice for Huntington disease,10.5061/dryad.vq83bk3pc,https://zenodo.org/records/4964512,,False,physical therapy
zenodo,dataset,2026,Supplementary material. SRL Microanalysis. Physical Therapy performance.2019,10.5281/zenodo.20376025,https://zenodo.org/records/20376025,,False,physical therapy
zenodo,dataset,2025,Impact of Physical Therapy Initiation Timing on Functional Outcomes After Arthroscopic Rotator Cuff Repair: A Cross-Sectional Multicenter Study,10.5281/zenodo.17083932,https://zenodo.org/records/17083932,,False,physical therapy
zenodo,dataset,2025,"Associations Between Physical Therapy Accessibility, Intervention Timing, and Functional Independence in Adults with Acquired Physical Disabilities: A Multisite Cross-Sectional Study",10.5281/zenodo.16946756,https://zenodo.org/records/16946756,,False,physical therapy
zenodo,dataset,2024,Cardiorespiratory coupling is associated with exercise capacity in athletes: A cross-sectional study,10.5281/zenodo.10610587,https://zenodo.org/records/10610587,,False,physical therapy
zenodo,dataset,2025,"Impact of Early vs. Delayed Physical Therapy on Functional Recovery, Proprioception, and Return to Sport After Anterior Cruciate Ligament (ACL) Reconstruction: A Cross-Sectional Study",10.5281/zenodo.14916251,https://zenodo.org/records/14916251,,False,physical therapy
zenodo,dataset,2026,LLM Grading,10.5281/zenodo.21623456,https://zenodo.org/records/21623456,,False,physical therapy
zenodo,dataset,2021,20210422_PhysicalRahab_Cognition_last,10.5281/zenodo.4710446,https://zenodo.org/records/4710446,,True,physical therapy
zenodo,dataset,2021,Capacitive resistive monopolar radiofrequency at 448 kHz plus exercise versus exercise alone for subacromial pain: Randomized sham-controlled clinical trial.,10.5281/zenodo.5596473,https://zenodo.org/records/5596473,,True,physical therapy
zenodo,dataset,2026,Two-week cumulative tendon load estimated from insole sensor contact forces is associated with plantar flexor function in Achilles tendinopathy,10.5281/zenodo.14947735,https://zenodo.org/records/14947735,,False,physical therapy
zenodo,dataset,2025,Seismocardiography-Based Estimation of Hemodynamic Parameters During Submaximal Ergometer Test,10.5281/zenodo.17033516,https://zenodo.org/records/17033516,,False,physical therapy
zenodo,dataset,2026,COMPREHENSIVE REHABILITATION FOR KNEE JOINT CONTRACTURES: MODERN TRENDS AND EFFECTIVENESS,10.5281/zenodo.19290651,https://zenodo.org/records/19290651,,False,physical therapy
zenodo,dataset,2026,"CURRENT CONCEPTS IN SPONDYLOSIS PATHOGENESIS, CLINICAL MANIFESTATIONS, DIAGNOSIS AND EVIDENCE-BASED MANAGEMENT",10.5281/zenodo.21305150,https://zenodo.org/records/21305150,,False,physical therapy
zenodo,dataset,2026,UNDERSTANDING CHRONIC PAIN: MORE THAN JUST A PHYSICAL SENSATION,10.5281/zenodo.19988867,https://zenodo.org/records/19988867,,False,physical therapy
zenodo,dataset,2023,Patellar Tendon Load Progression during Rehabilitation Exercises: Implications for the Treatment of Patellar Tendon Injuries,10.5281/zenodo.10076568,https://zenodo.org/records/10076568,,False,physical therapy
zenodo,dataset,2024,FHIRed MOTU data. FHIR-standardized data collection on the clinical rehabilitation pathway of trans-femoral amputation patients.,10.5281/zenodo.12192333,https://zenodo.org/records/12192333,,False,physical therapy
zenodo,dataset,2022,A database of physical therapy exercises with variability of execution collected by wearable sensors,10.5281/zenodo.6319979,https://zenodo.org/records/6319979,,False,physical therapy
zenodo,dataset,2014,Data from: Electromyography data for non-invasive naturally controlled robotic hand prostheses,10.5061/dryad.1k84r,https://zenodo.org/records/5034850,,True,physical therapy
zenodo,dataset,2023,Improvement of Sympathovagal Balance by Regular Exercise May Counteract the Ageing Process. A Study by the Analysis of QT Variability,10.5281/zenodo.7584636,https://zenodo.org/records/7584636,,False,physical therapy
zenodo,dataset,2022,Ten-year follow-up of cardiac function and neural regulation in a group of amateur half-marathon runners,10.5281/zenodo.5898062,https://zenodo.org/records/5898062,,False,physical therapy
zenodo,dataset,2026,EVALUATION OF NEUROPLASTICITY AND THE EFFECTIVENESS OF KINESIOTHERAPY IN CHILDREN DIAGNOSED WITH CEREBRAL PALSY,10.5281/zenodo.20282865,https://zenodo.org/records/20282865,,False,physical therapy
zenodo,dataset,2024,MOTU data. FHIR-standardized data collection on the clinical rehabilitation pathway of trans-femoral amputation patients.,10.5281/zenodo.12192276,https://zenodo.org/records/12192276,,False,physical therapy
zenodo,dataset,2023,"Effect of a hyperkyphosis-specific exercise programme on the history of falls, fear of falling and satisfaction in older people with hyperkyphosis: a pilot study",10.5281/zenodo.7945194,https://zenodo.org/records/7945194,,False,physical therapy
zenodo,dataset,2022,Comprehensive assessment of postoperative mobility during the first days after mini-invasive lung surgery: A prospective observational study,10.5061/dryad.tqjq2bw2v,https://zenodo.org/records/7055825,,False,physical therapy
zenodo,dataset,2026,"COMPREHENSIVE REHABILITATION FOR LUMBOSACRAL DORSOPATHY IN ELDERLY PATIENTS: EFFICACY, MODALITIES, AND CLINICAL OUTCOMES",10.5281/zenodo.20521801,https://zenodo.org/records/20521801,,True,physical therapy
zenodo,dataset,2026,THE ROLE OF NEUROPLASTICITY IN PEDIATRIC REHABILITATION AFTER TRAUMATIC BRAIN INJURY,10.5281/zenodo.18838367,https://zenodo.org/records/18838367,,False,physical therapy
zenodo,dataset,2026,THE ROLE OF NEUROPLASTICITY IN PEDIATRIC REHABILITATION AFTER TRAUMATIC BRAIN INJURY,10.5281/zenodo.18862462,https://zenodo.org/records/18862462,,False,physical therapy
zenodo,dataset,2026,THE ROLE OF NEUROPLASTICITY IN PEDIATRIC REHABILITATION AFTER TRAUMATIC BRAIN INJURY,10.5281/zenodo.18664303,https://zenodo.org/records/18664303,,False,physical therapy
zenodo,dataset,2026,THE ROLE OF NEUROPLASTICITY IN PEDIATRIC REHABILITATION AFTER TRAUMATIC BRAIN INJURY,10.5281/zenodo.18615055,https://zenodo.org/records/18615055,,False,physical therapy
zenodo,dataset,2026,THE ROLE OF NEUROPLASTICITY IN PEDIATRIC REHABILITATION AFTER TRAUMATIC BRAIN INJURY,10.5281/zenodo.19972971,https://zenodo.org/records/19972971,,False,physical therapy
zenodo,dataset,2025,Global Women's Health Rehabilitation Products Market 2025 To 2034,10.5281/zenodo.17157336,https://zenodo.org/records/17157336,,False,physical therapy
zenodo,dataset,2024,Feasibility of a Randomized Controlled Trial of Large Artificial Intelligence-Based Linguistic Models for Clinical Reasoning Training of Physical Therapy Students.,10.5281/zenodo.12600488,https://zenodo.org/records/12600488,,True,physical therapy
zenodo,dataset,2024,Sensorimotor Dysfunction and Altered Pain Sensitivity in Early Hip Osteoarthritis: Associations with Hip Proprioception and Balance Impairment,10.5281/zenodo.10598373,https://zenodo.org/records/10598373,,False,physical therapy
zenodo,dataset,2026,"RECOVERY OF ATHLETES AFTER TRAINING AND COMPETITION LOADS, REHABILITATION OF ATHLETES AFTER ILLNESSES AND INJURIES",10.5281/zenodo.19037031,https://zenodo.org/records/19037031,,False,physical therapy
zenodo,dataset,2026,"FLAP-BASED BREAST RECONSTRUCTION: A COMPREHENSIVE ANALYSIS OF SURGICAL TECHNIQUES, OUTCOMES, AND PATIENT REHABILITATION",10.5281/zenodo.18827432,https://zenodo.org/records/18827432,,False,physical therapy
zenodo,dataset,2016,Data from: Enhancement of apoptosis by titanium alloy internal fixations during microwave treatments for fractures: an animal study,10.5061/dryad.92n53,https://zenodo.org/records/4974409,,False,physical therapy
zenodo,dataset,2022,"Dataset related to article ""Tumor treating fields affect mesothelioma cell proliferation by exerting histotype-dependent cell cycle checkpoint activations and transcriptional modulations""",10.5281/zenodo.6854663,https://zenodo.org/records/6854663,10.1038/s41419-022-05073-4,False,physical therapy
zenodo,dataset,2025,GSTRIDE: A database of frailty and functional assessments with inertial gait data from elderly fallers and non-fallers populations,10.5281/zenodo.17052815,https://zenodo.org/records/17052815,,False,physical therapy
zenodo,dataset,2024,"Violence towards physical therapists in Spain, database from a national survey",10.5281/zenodo.10599701,https://zenodo.org/records/10599701,,False,physical therapy
zenodo,software,2026,Practical Aspects of the Interaction between Physical Therapy and Clinical Psychology,10.5281/zenodo.21802062,https://zenodo.org/records/21802062,,False,physical therapy
zenodo,software,2025,Depressive Symptoms and Physical Activity Mediate the Effect of Pain on ADL and IADL Functional Independence in Adults with Arthritis: R script,10.5281/zenodo.15420090,https://zenodo.org/records/15420090,,False,physical therapy
zenodo,software,2026,Markerless Motion Capture for Biomechanical Whole-Body Kinematic Estimation in Infants,10.5281/zenodo.20399405,https://zenodo.org/records/20399405,,False,physical therapy
zenodo,dataset,2026,"Dynamic Phenotyping Reveals Highly Personalized, Integrated Host-Tumor Crosstalk During Exercise in Cancer Patients",10.5281/zenodo.19216757,https://zenodo.org/records/19216757,,False,exercise therapy
zenodo,dataset,2023,Whole-Body Cryostimulation in Post-COVID Rehabilitation for Patients with Obesity: A Multidisciplinary Feasibility Study,10.3390/biomedicines11113092,https://zenodo.org/records/10473282,,False,exercise therapy
zenodo,dataset,2025,The HEALTHYBACK project dataset,10.5281/zenodo.15689137,https://zenodo.org/records/15689137,,False,exercise therapy
zenodo,dataset,2024,Backpain exercise therapy remodels human epigenetic profiles in buccal and human peripheral blood mononuclear cells: An exploratory study in young male participants,10.5281/zenodo.10685545,https://zenodo.org/records/10685545,,False,exercise therapy
zenodo,dataset,2025,Leveraging Natural Language Processing for mHealth Development - A Component-Based Approach Using Nursing Taxonomies,10.5281/zenodo.20403739,https://zenodo.org/records/20403739,,False,exercise therapy
zenodo,dataset,2025,Dataset for Non-pharmacological Interventions Improving MCI in High-Risk Stroke Populations,10.5281/zenodo.17705652,https://zenodo.org/records/17705652,,False,exercise therapy
zenodo,dataset,2025,"Dataset for: ""Long-term Mortality After Supervised Exercise Therapy vs Early Revascularization for Intermittent Claudication: A Systematic Review and Meta-analysis""",10.5281/zenodo.17523309,https://zenodo.org/records/17523309,,False,exercise therapy
zenodo,dataset,2026,EVALUATING THE IMPACT OF STRUCTURED EXERCISE ON QUALITY OF LIFE IN PATIENTS WITH POSTURAL ORTHOSTATIC TACHYCARDIA SYNDROME: AN INTERVENTIONAL TRIAL,10.21474/IJAR01/23670,https://zenodo.org/records/21305350,,True,exercise therapy
zenodo,dataset,2025,"Comparative Effectiveness of Manual Therapy, Exercise Therapy, and Combined Therapy for Chronic Low Back Pain: A Comprehensive Retrospective Cohort Study",10.5281/zenodo.17129731,https://zenodo.org/records/17129731,,True,exercise therapy
zenodo,dataset,2025,CONSEQUENCES OF NON-INVASIVE THERAPIES ON LOW BACK PAIN: A NARRATIVE REVIEW,10.21474/IJAR01/21672,https://zenodo.org/records/17212179,,False,exercise therapy
zenodo,software,2025,"Data, Supplemental Figures and Code: Biomarkers of insulin resistance and their performance as predictors of treatment response in adults with risk factors for type 2 diabetes",10.5281/zenodo.15307219,https://zenodo.org/records/15307219,,False,exercise therapy
zenodo,dataset,2020,Endurance and Avoidance Response Patterns in Pain Patients: Application of Action Control Theory in Pain Research,10.5281/zenodo.4396288,https://zenodo.org/records/4396288,,False,low back pain
zenodo,dataset,2026,EMG LOW BACK PAIN,10.5281/zenodo.20057701,https://zenodo.org/records/20057701,,False,low back pain
zenodo,dataset,2021,Dataset_Range of Motion for Determining Low Back Pain,10.5281/zenodo.5119989,https://zenodo.org/records/5119989,,False,low back pain
zenodo,dataset,2025,Ground truth data for ultrasound assessment of thoracolumbar fascia deformation/shearing,10.5281/zenodo.15606741,https://zenodo.org/records/15606741,,False,low back pain
zenodo,dataset,2023,Exercises on a balance cushion to influence lumbar vertebral syndrome,10.5061/dryad.b8gtht7hh,https://zenodo.org/records/7942147,,False,low back pain
zenodo,dataset,2018,Data from: Does the performance of five back-associated exercises relate to the presence of low back pain?  A cross-sectional observational investigation in regional Australian council worke,10.5061/dryad.9g8q52g,https://zenodo.org/records/4975291,,False,low back pain
zenodo,dataset,2023,SPIDER - Lumbar spine segmentation in MR images: a dataset and a public benchmark,10.5281/zenodo.10159290,https://zenodo.org/records/10159290,,False,low back pain
zenodo,dataset,2022,"Thirty minutes identified as the threshold for development of pain in low back and feet regions, and predictors of intensity of pain during 1-hour laboratory-based standing in office workers",10.5281/zenodo.5947650,https://zenodo.org/records/5947650,10.3390/ijerph17197104,False,low back pain
zenodo,dataset,2022,Risk Factors of Non-specific Low Back Pain in a Rural Community of Bangladesh,10.5281/zenodo.6709851,https://zenodo.org/records/6709851,,False,low back pain
zenodo,dataset,2019,Data from: The Fear Reduction Exercised Early (FREE) approach to management of low back pain in general practice: a pragmatic cluster-randomised controlled trial,10.5061/dryad.4t375b2,https://zenodo.org/records/5013669,,True,low back pain
zenodo,dataset,2016,Data from: Differential neural processing during motor imagery of daily activities in chronic low back pain patients,10.5061/dryad.2h0q3,https://zenodo.org/records/5017188,,False,low back pain
zenodo,dataset,2011,Data from: Clinical decision making in spinal fusion for chronic low back pain. Results of a nationwide survey among spine surgeons,10.5061/dryad.7p65c8p4,https://zenodo.org/records/4994240,,False,low back pain
zenodo,dataset,2021,Analyzed Spine Dataset on the Range of Motion Test for Low Back Pain,10.5281/zenodo.5120014,https://zenodo.org/records/5120014,,False,low back pain
zenodo,dataset,2026,"Dataset & Code: ""DNS Training Effects on Gait Plantar Pressure in Low Back Pain""",10.5281/zenodo.18705360,https://zenodo.org/records/18705360,,True,low back pain
zenodo,dataset,2020,"Serial correlation of temporal pain intensities with beta-endorphin and meta-enkephalin concentrations, following Transcutaneous Electrical Nerve Stimulation among patients with chronic low ",10.5281/zenodo.3739776,https://zenodo.org/records/3739776,,True,low back pain
zenodo,dataset,2026,"School-based dataset on spinal mobility, trunk function, and low back pain prevention in children",10.5281/zenodo.19502673,https://zenodo.org/records/19502673,,False,low back pain
zenodo,dataset,2024,"The training and detraining effects of 8-Week Dynamic Stretching of Hip Flexors on Hip range of motion, Pain, and Physical Fitness in professional Soccer Players with Low Back Pain. A random",10.5281/zenodo.14172856,https://zenodo.org/records/14172856,,True,low back pain
zenodo,dataset,2025,"Associations Between Kinesiophobia, Sleep Quality, and Functional Disability in Adults with Chronic Low Back Pain",10.5281/zenodo.17927380,https://zenodo.org/records/17927380,,False,low back pain
zenodo,dataset,2026,"Dataset for ""MRI-derived morphological determinants of myotonometric mechanical properties of the lumbar paraspinal muscles in women with chronic low back pain""",10.5281/zenodo.21384403,https://zenodo.org/records/21384403,,False,low back pain
zenodo,dataset,2022,Data and analysis for Association of meeting 24-hour movement guidelines with low back pain among adults,10.5281/zenodo.7157543,https://zenodo.org/records/7157543,,False,low back pain
zenodo,dataset,2023,Can Conversational Artificial Intelligence Identify Red Flags of Low Back Pain? A Comparative Analysis of ChatGPT and GoogleBard.,10.5281/zenodo.10433295,https://zenodo.org/records/10433295,,False,low back pain
zenodo,dataset,2026,Deep Learning-Based Temporal Gait Analysis Using a Smartphone IMU in Older Adults with and without Non-Specific Low Back Pain,10.5281/zenodo.17899478,https://zenodo.org/records/17899478,,False,low back pain
zenodo,dataset,2024,Summary data for associations between intervertebral disc degeneration and low back pain after accounting for genetic predispositions to pain,10.5281/zenodo.10547355,https://zenodo.org/records/10547355,,False,low back pain
zenodo,dataset,2021,Bracing adults with chronic low back pain secondary to severe scoliosis: six months results of a prospective pilot study.,10.5281/zenodo.5770269,https://zenodo.org/records/5770269,,False,low back pain
zenodo,dataset,2026,"Combined Clinical Pilates and Prenatal Education and Perinatal Depressive Symptoms, Low Back Pain and Obstetric Outcomes: A Prospective Comparative Cohort Study",10.5281/zenodo.20375187,https://zenodo.org/records/20375187,,True,low back pain
zenodo,dataset,2022,Psychological factors in the chronicity of back pain: Impact on treatment engagement and disability,10.5061/dryad.cnp5hqc61,https://zenodo.org/records/5813954,,False,low back pain
zenodo,dataset,2022,"Dataset of the study ""Factor Structure, Validity, and Reliability of the STarT Back Screening Tool in Italian Obese and Non-obese Patients With Low Back Pain""",10.5281/zenodo.6337083,https://zenodo.org/records/6337083,,False,low back pain
zenodo,dataset,2024,Unravelling the physiological and psychosocial signatures of pain by machine learning,10.5281/zenodo.12570277,https://zenodo.org/records/12570277,10.1016/j.medj.2024.07.016,True,low back pain
zenodo,dataset,2026,The genetic architecture of fibromyalgia across 2.5 million individuals,10.5281/zenodo.20074846,https://zenodo.org/records/20074846,,True,low back pain
zenodo,dataset,2019,Data from: Randomized study of the impact of a therapeutic education program on patients suffering from chronic low-back pain who are treated with transcutaneous electrical nerve stimulation,10.5061/dryad.84nj034,https://zenodo.org/records/4982253,,True,low back pain
zenodo,dataset,2017,Data from: Ultrasound evaluation of the combined effects of thoracolumbar fascia injury and movement restriction in a porcine model,10.5061/dryad.7kk48,https://zenodo.org/records/4953802,,False,low back pain
zenodo,dataset,2022,CFT trial dataset,10.5281/zenodo.6760585,https://zenodo.org/records/6760585,,True,low back pain
zenodo,dataset,2026,Self reported pain data for multiple populations,10.5281/zenodo.19740940,https://zenodo.org/records/19740940,,True,low back pain
zenodo,dataset,2025,The BACKFIT project dataset,10.5281/zenodo.15689261,https://zenodo.org/records/15689261,,False,low back pain
zenodo,dataset,2025,Effectiveness of Virtual Reality Positive Self-Talk on Brain Wave Modulation of Breast Cancer Patients Undergoing Chemotherapy,10.5281/zenodo.17113330,https://zenodo.org/records/17113330,,False,low back pain
zenodo,dataset,2026,Clinical recommendations for chronic non-specific low back pain in relation to biopsychosocial beliefs: a secondary analysis of Slovenian physiotherapists,10.5281/zenodo.18793014,https://zenodo.org/records/18793014,,False,low back pain
zenodo,dataset,2024,EFFECTIVENESS OF COMPREHENSIVE BODY MECHANICS ON LOW BACK PAIN AMONG STAFF NURSES WORKING IN CRITICAL CARE UNIT AND OPERATION THEATER,10.21474/IJAR01/18660,https://zenodo.org/records/11383395,,False,low back pain
zenodo,dataset,2026,Backpain -  Investigating neuroepigenetic alterations in chronic low back pain with positron emission tomography,10.5281/zenodo.18865213,https://zenodo.org/records/18865213,,False,low back pain
zenodo,dataset,2024,EXPLORING AYURVEDIC APPROACHES TO LOW BACK PAIN: A COMPREHENSIVE REVIEW,10.21474/IJAR01/18540,https://zenodo.org/records/11159152,,False,low back pain
zenodo,dataset,2025,MUSCULOSKELETAL CHANGES IN PREGNANCY,10.21474/IJAR01/20291,https://zenodo.org/records/14959603,,False,low back pain
zenodo,dataset,2016,Management of persistent non-specific low back pain in primary care: A review of current guideline recommendations,10.5281/zenodo.54578,https://zenodo.org/records/54578,,False,low back pain
zenodo,dataset,2026,THE KIDNEYS FALSE ALARM: WHEN A SUSPECTED RENAL COLIC REVEALS A HIDDEN AORTIC THREAT,10.21474/IJAR01/22823,https://zenodo.org/records/18996017,,False,low back pain
zenodo,dataset,2025,PENGARUH TERAPI GERAK SENAM NIFAS TERHADAP PENURUNAN NYERI PINGGANG:  LAPORAN KASUS ASUHAN KEBIDANAN PADA IBU NIFAS TAHUN 2025 DI PRAKTIK  MANDIRI BIDAN EFIARNI Amd. Keb KOTA TANJUNGPINANG,10.5281/zenodo.17425940,https://zenodo.org/records/17425940,,False,low back pain
zenodo,dataset,2026,TELEREHABILITATION VERSUS CONVENTIONAL MAT PILATES IN SUBACUTE NON-SPECIFIC LOW BACK PAIN: A RANDOMIZED CROSS-OVER TRIAL,10.5281/zenodo.21059804,https://zenodo.org/records/21059804,,True,low back pain
zenodo,dataset,2024,USING OF CUPPING TECHNIQUE AS A THERAPEUTIC MODEL IN TREATMENT OF NON-DISCOGENIC LOW BACK PAIN,10.21474/IJAR01/18285,https://zenodo.org/records/10784485,,False,low back pain
zenodo,dataset,2025,Visual feedback manipulation in virtual reality alters movement-evoked pain perception in chronic low back pain,10.1038/s41598-025-08094-z,https://zenodo.org/records/17578208,,False,low back pain
zenodo,dataset,2026,Dataset - Integration of a Mobilisation Device into a Multidisciplinary Rehabilitation Programme for Chronic Low Back Pain,10.5281/zenodo.20747099,https://zenodo.org/records/20747099,,False,low back pain
zenodo,dataset,2025,Clinical Efficacy of Electroacupuncture at Different Intensities to Manage Chronic Low Back Pain A Randomized Controlled Trial,10.5281/zenodo.14871654,https://zenodo.org/records/14871654,,True,low back pain
zenodo,dataset,2024,CONCEPTUAL STUDY ON THE MANAGEMENT OF GRIDHRASI : A REVIEW ARTICLE,10.21474/IJAR01/19564,https://zenodo.org/records/14034120,,False,low back pain
zenodo,dataset,2025,Machine Learning-Based Pattern Recognition of Risk Factors for Low Back Pain among Adolescent Cricket Players in Dhaka City,10.5281/zenodo.15323744,https://zenodo.org/records/15323744,,False,low back pain
zenodo,dataset,2024,AGNIKARMA IN GRIDHRASI (SCIATICA) - A BRIEF STUDY,10.21474/IJAR01/18891,https://zenodo.org/records/12732355,,False,low back pain
zenodo,dataset,2026,Data for: A Comparative Clinical Evaluation of Ultrasound-guided Acupotomy Combined with Extracorporeal Shock Wave Therapy for Nonspecific Low Back Pain,10.5281/zenodo.20763154,https://zenodo.org/records/20763154,,False,low back pain
zenodo,software,2025,jabenitez88/ml-subacute-lbp: v1.0.1 — Zenodo public release,10.5281/zenodo.16885890,https://zenodo.org/records/16885890,,False,low back pain
zenodo,software,2022,nirakara-lab/MBSR_Low_Back_Pain: MBSRCLBP,10.5281/zenodo.6793440,https://zenodo.org/records/6793440,,True,low back pain
zenodo,software,2022,nirakara-lab/RCT_Minfulness_Chronic_Back_Pain: Mindfulness Based Stress Reduction for Chronic Back Pain,10.5281/zenodo.6793434,https://zenodo.org/records/6793434,,True,low back pain
zenodo,software,2026,Analysis code for: Industrialization and low back pain among two traditionally small-scale subsistence societies,10.5281/zenodo.22085472,https://zenodo.org/records/22085472,,True,low back pain
zenodo,software,2026,"Reproducibility materials for ""Sequentially gated reanalysis finds no external reinforcement of a myeloid transcriptional sensitivity signal in three nonexchangeable stress tests""",10.5281/zenodo.21980930,https://zenodo.org/records/21980930,,False,low back pain
zenodo,software,2026,BIOPSYCHOSOCIAL FACTORS PREDICTIVE OF LOW BACK PAIN INTENSITY IN PREGNANT WOMEN: A MULTIDIMENSIONAL CASE-CONTROLLED STUDY,10.5281/zenodo.21669790,https://zenodo.org/records/21669790,,True,low back pain
zenodo,dataset,2021,"Dataset related to article: ""Pain, disability and adherence to home exercises in patients with chronic neck pain: long term effects of phone surveillance. A randomized controlled study""",10.5281/zenodo.5497455,https://zenodo.org/records/5497455,,True,neck pain
zenodo,dataset,2023,Questionnaire and Data of Neck Pain and Distance learning among university Students During COVID-19,10.5281/zenodo.10278960,https://zenodo.org/records/10278960,,False,neck pain
zenodo,dataset,2021,Dataset of Dynamic Strength training and Dynamic Endurance training,10.5281/zenodo.6019935,https://zenodo.org/records/6019935,,False,neck pain
zenodo,dataset,2024,"Effects of upper thoracic Mulligan mobilization on pain, range of motion and function in patients with mechanical neck pain: a randomized placebo-controlled trial",10.5281/zenodo.13270271,https://zenodo.org/records/13270271,,True,neck pain
zenodo,dataset,2026,Data set for neck pain study,10.5281/zenodo.20496683,https://zenodo.org/records/20496683,,False,neck pain
zenodo,dataset,2026,Longneck - Longitudinal observation on neck pain,10.5281/zenodo.21071787,https://zenodo.org/records/21071787,,False,neck pain
zenodo,dataset,2025,Forward Head Posture in individuals with and without chronic neck pain,10.5281/zenodo.17550555,https://zenodo.org/records/17550555,,False,neck pain
zenodo,dataset,2025,Cervical Sensorimotor Impairments and Their Association with Neck Pain Severity in Individuals with Type 2 Diabetes Mellitus,10.5281/zenodo.15315293,https://zenodo.org/records/15315293,,False,neck pain
zenodo,dataset,2025,"Impact of Kinesiophobia, Postural Instability, and Neck Pain on Falls in Older Adults with Diabetes: A Cross-Sectional Study.",10.5281/zenodo.15336366,https://zenodo.org/records/15336366,,False,neck pain
zenodo,dataset,2024,Influence of Cervical Muscle Strength and Pain Severity on Functional Balance and limits of Stability in Elderly Individuals with Chronic Nonspecific Neck Pain: A Cross-Sectional Study.,10.5281/zenodo.13936139,https://zenodo.org/records/13936139,,False,neck pain
zenodo,dataset,2022,Shear modulus of the neck muscles of 20 women with and 18 women without chronic neck pain,10.5281/zenodo.6638939,https://zenodo.org/records/6638939,10.2519/jospt.2020.8821,False,neck pain
zenodo,dataset,2021,Effect of a single application of Scenar for pain relief in patients with low back and neck pain,10.5061/dryad.63xsj3v2s,https://zenodo.org/records/5259367,,True,neck pain
zenodo,dataset,2024,The positive side effect of anterior cervical decompression and fusion on axial neck pain - dataset,10.1177/21925682241254036,https://zenodo.org/records/11610660,,False,neck pain
zenodo,dataset,2024,Europe Chiropractic Market 2024 To 2033,10.5281/zenodo.14602985,https://zenodo.org/records/14602985,,False,neck pain
zenodo,dataset,2019,Data from: The association between continued residence in temporary prefabricated housing and musculoskeletal pain in survivors of the Great East Japan Earthquake: a longitudinal study,10.5061/dryad.3k221h3,https://zenodo.org/records/4954715,,False,neck pain
zenodo,dataset,2020,Genome-wide association summary statistics of chronic musculoskeletal pain at four anatomic sites and their genetically independent components,10.5281/zenodo.3797553,https://zenodo.org/records/3797553,,False,neck pain
zenodo,dataset,2026,THE EFFECTS OF COMBINED DYNAMIC AND STATIC EXERCISE PROTOCOLS IN TREATMENT OF CHRONIC NECK PAIN,10.21474/IJAR01/22466,https://zenodo.org/records/18334488,,False,neck pain
zenodo,dataset,2026,A CASE REPORT ON CLINICAL IMPROVEMENT IN MANYASTAMBHA THROUGH TARGETED AYURVEDIC THERAPY,10.21474/IJAR01/23887,https://zenodo.org/records/21974044,,False,neck pain
zenodo,dataset,2024,"TO COMPARE THE EFFECTIVENESS OF TWO DIFFERENT TECHNIQUES IN IMPROVING NON-SPECIFIC NECK PAIN, ROM AND DISABILITY IN PATIENT WITH NON-SPECIFIC NECK PAIN",10.21474/IJAR01/18886,https://zenodo.org/records/12732164,,False,neck pain
zenodo,dataset,2024,Dataset for Effects Effects of Soft Tissue Mobilization with TECAR Therapy Using Bracelet Electrodes in Women with Chronic Non-specific Neck Pain,10.5281/zenodo.14262845,https://zenodo.org/records/14262845,,True,neck pain
zenodo,dataset,2025,Comparison of Mulligan and Maitland Mobilization Techniques Combined with Home-Based Exercise for Non-Specific Neck Pain: A Randomized Controlled Trial,10.5281/zenodo.15278572,https://zenodo.org/records/15278572,,True,neck pain
zenodo,dataset,2026,EFFECTIVENESS OF MANUAL THERAPY ON PAIN AND POSTURAL MODULATION IN INDIVIDUAL PRESENT WITH FORWARD HEAD POSTURE,10.21474/IJAR01/22923,https://zenodo.org/records/19327534,,False,neck pain
zenodo,dataset,2026,ACUTE EFFECTS OF CERVICAL MANUAL THERAPY ON RETINAL AND CHOROIDAL PERFUSION ASSESSED BY OPTICAL COHERENCE TOMOGRAPHY ANGIOGRAPHY: A PROSPECTIVE RANDOMIZED SHAM-CONTROLLED TRIAL,10.5281/zenodo.20788573,https://zenodo.org/records/20788573,,True,neck pain
zenodo,dataset,2026,AI-derived movement screening scores in Malaysian youth national-level multi-sport athletes (N = 170),10.5281/zenodo.22066844,https://zenodo.org/records/22066844,,False,neck pain
zenodo,dataset,2025,EFFECT OF MAT PILATES VERSUS TRADITIONAL MAT EXERCISES IN PATIENT WITH MIGRAINE,10.21474/IJAR01/21254,https://zenodo.org/records/16436325,,False,neck pain
zenodo,software,2026,nsnp-classificationj: R pipeline for non-specific neck pain classification using cervical kinematic features,10.5281/zenodo.20094498,https://zenodo.org/records/20094498,,False,neck pain
zenodo,software,2024,"painr; An R data and analysis package, studying chronicity of neck pain in human patients.",10.5281/zenodo.13744556,https://zenodo.org/records/13744556,,False,neck pain
zenodo,dataset,2024,Ultrasound data in knee osteoarthritis in a co0mmunity-based healthcare facility,10.5281/zenodo.12087088,https://zenodo.org/records/12087088,,False,knee osteoarthritis
zenodo,dataset,2025,"Associations Between Transcranial Direct Current Stimulation Parameters and Pain, Function, and Quality of Life in Knee Osteoarthritis: A Cross-Sectional Study with Mediation by Pain Catastr",10.5281/zenodo.15455084,https://zenodo.org/records/15455084,,False,knee osteoarthritis
zenodo,dataset,2024,Work Intensity and Fat Mass Percentage are Associated with Asymptomatic Morphometric Vertebral Fractures in Knee Osteoarthritis Patients: A Cross-Sectional Study,10.5281/zenodo.12792011,https://zenodo.org/records/12792011,,False,knee osteoarthritis
zenodo,dataset,2024,"Predictive factors of inpatient rehabilitation stay and post-discharge care burden after joint replacement for hip and knee osteoarthritis: a retrospective study on 1,678 patients.",10.5281/zenodo.14005800,https://zenodo.org/records/14005800,,False,knee osteoarthritis
zenodo,dataset,2026,Reproducible code and aggregate analysis outputs for the CHARLS altitude–frailty–symptomatic knee osteoarthritis study,10.5281/zenodo.22096422,https://zenodo.org/records/22096422,,False,knee osteoarthritis
zenodo,dataset,2026,"Data set on ""Do YouTube videos facilitate informed decisions about knee osteoarthritis treatment? A cross-sectional analysis of German-language videos""",10.5281/zenodo.20762033,https://zenodo.org/records/20762033,,False,knee osteoarthritis
zenodo,dataset,2025,Data set on information quality for 'Mapping the quality  of German language health information on the treatment of knee osteoarthritis - a cross-sectional analysis',10.5281/zenodo.17237355,https://zenodo.org/records/17237355,,False,knee osteoarthritis
zenodo,dataset,2026,THE CURRENT STATE OF USING ACUPUNCTURE IN THE REHABILITATION OF KNEE OSTEOARTHRITIS,10.5281/zenodo.19571939,https://zenodo.org/records/19571939,,False,knee osteoarthritis
zenodo,dataset,2025,Supplementary files for Balneotherapy for sleep improvement and reducing depression in knee osteoarthritis patients,10.5281/zenodo.15479254,https://zenodo.org/records/15479254,,False,knee osteoarthritis
zenodo,dataset,2019,"Data from: Translation, cross-cultural adaptation and validation of the traditional Chinese intermittent and constant osteoarthritis pain (ICOAP) questionnaire for knee osteoarthritis",10.5061/dryad.30r34f7,https://zenodo.org/records/4967685,,False,knee osteoarthritis
zenodo,dataset,2024,Effect Of Pulsed Electromagnetic Field And Microwave Therapy On Pain And Physical Function In Older Adults With Knee Osteoarthritis: A Randomized Clinical Trial.,10.5281/zenodo.11059399,https://zenodo.org/records/11059399,,True,knee osteoarthritis
zenodo,dataset,2023,"Dataset from: Correlation between proprioception, functionality, patient-reported knee condition and joint acoustic emissions",10.5281/zenodo.7660579,https://zenodo.org/records/7660579,,False,knee osteoarthritis
zenodo,dataset,2024,Data for Exploratory Neutron Tomography of Articular Cartilage,10.5281/zenodo.10495416,https://zenodo.org/records/10495416,,False,knee osteoarthritis
zenodo,dataset,2025,"Dataset for ""Evidence-Performance Gaps in Knee Osteoarthritis Care Pathways in Switzerland. A Cross-Sectional Study Using Patient-Reported Data""",10.5281/zenodo.16895216,https://zenodo.org/records/16895216,,False,knee osteoarthritis
zenodo,dataset,2021,Assessment of cardiovascular risk factors in patients with Knee Osteoarthritis,10.5061/dryad.79cnp5htv,https://zenodo.org/records/4913337,,False,knee osteoarthritis
zenodo,dataset,2025,"Posturography-Derived Balance Profiles, Central Sensitization, and Function in Knee Osteoarthritis",10.5281/zenodo.17657958,https://zenodo.org/records/17657958,,False,knee osteoarthritis
zenodo,dataset,2017,Data from: Preoperative characteristics of working-age patients undergoing total knee arthroplasty,10.5061/dryad.kc260,https://zenodo.org/records/4988339,,False,knee osteoarthritis
zenodo,dataset,2026,HISTOLOGICAL AND MORPHOLOGICAL CHANGES IN THE SYNOVIAL MEMBRANE IN EXPERIMENTAL MODELS OF OSTEOARTHRITIS,10.5281/zenodo.18536524,https://zenodo.org/records/18536524,,False,knee osteoarthritis
zenodo,dataset,2025,"MODERN PERSPECTIVES ON THE FORMATION, ETIOLOGY, AND PATHOGENESIS OF KNEE OSTEOARTHRITIS",10.5281/zenodo.14606005,https://zenodo.org/records/14606005,,False,knee osteoarthritis
zenodo,dataset,2025,Lower Limb Muscle Strength and Postural Sway in Individuals With Knee Osteoarthritis,10.5281/zenodo.18094419,https://zenodo.org/records/18094419,,False,knee osteoarthritis
zenodo,dataset,2025,IMPROVEMENT OF ALGORITHMS FOR DETERMINING THE OPTIMAL TREATMENT STRATEGY FOR KNEE OSTEOARTHRITIS,10.5281/zenodo.14605993,https://zenodo.org/records/14605993,,False,knee osteoarthritis
zenodo,dataset,2026,SynMedialKnee synthetic data repository,10.5281/zenodo.20287144,https://zenodo.org/records/20287144,,True,knee osteoarthritis
zenodo,dataset,2026,MORPHOLOGICALFEATURESOFPERIARTICULARPOCKETSINEXPERIMENTALOSTEOARTHRITIS,10.5281/zenodo.18449171,https://zenodo.org/records/18449171,,False,knee osteoarthritis
zenodo,dataset,2023,"Patient reported outcome measures, load-induced blood marker kinetics, and ambulatory knee load in patients with medial compartment knee osteoarthritis",10.5281/zenodo.7648802,https://zenodo.org/records/7648802,,False,knee osteoarthritis
zenodo,dataset,2019,Simultaneous bilateral unicompartmental knee replacement improves gait parameters in patients with bilateral knee osteoarthritis,10.5281/zenodo.4067984,https://zenodo.org/records/4067984,,False,knee osteoarthritis
zenodo,dataset,2023,"Discrete ankle, knee and hip kinematic parameters for overground walking assessed using inertial sensors in patients with various orthopaedic conditions",10.5281/zenodo.7598463,https://zenodo.org/records/7598463,,False,knee osteoarthritis
zenodo,dataset,2025,"Dataset related to article: ""Evaluation of Functional Outcomes, Survivorship and Compli-cations of Hypoallergenic Fixed-Bearing Medial and Lateral Unicompartmental Knee Arthroplasty: A minim",10.5281/zenodo.14946059,https://zenodo.org/records/14946059,,True,knee osteoarthritis
zenodo,dataset,2014,Data from: Is there a causal link between knee loading and knee osteoarthritis progression? A systematic review and meta-analysis of cohort studies and randomised trials,10.5061/dryad.b40hm,https://zenodo.org/records/4964990,,True,knee osteoarthritis
zenodo,dataset,2024,Predictive Factors of Inpatient Rehabilitation Stay and Post-Discharge Burden of Care After Joint Replacement for Hip and Knee Osteoarthritis: A Retrospective Study on 1678 Patients,10.3390/app142411993,https://zenodo.org/records/14582540,,False,knee osteoarthritis
zenodo,dataset,2023,Immune cell parameters found to be impacted in patients with autoimmune and autoinflammatory disorders enrolled in the Transimmunom study.,10.5281/zenodo.10364383,https://zenodo.org/records/10364383,,True,knee osteoarthritis
zenodo,dataset,2025,Supplementary files - Platelet-rich plasma plus hyaluronic acid vs. platelet-rich plasma intra-articular injections - the effect on pain and physical function in the treatment of knee osteoa,10.5281/zenodo.14670631,https://zenodo.org/records/14670631,,False,knee osteoarthritis
zenodo,dataset,2025,"Development and validation of two physical exercise programme to prevent Hospital associated disability (HAD) during hospitalisation, a protocol of two Delphi studies.",10.5281/zenodo.17524197,https://zenodo.org/records/17524197,,False,knee osteoarthritis
zenodo,dataset,2025,knee osteoarthritis,10.5281/zenodo.15548987,https://zenodo.org/records/15548987,,False,knee osteoarthritis
zenodo,dataset,2024,KNEE DEFORMITIES AND KNEE REPLACEMENTS IN SAUDI POPULATION: OUR EXPERIENCE AND LITERATURE REVIEW,10.21474/IJAR01/19227,https://zenodo.org/records/13756655,,False,knee osteoarthritis
zenodo,dataset,2024,INTRA-ARTICULAR PLATELET RICH PLASMA IN THE TREATMENT OF PATIENTS WITH KNEE OSTEOARTHRITIS,10.21474/IJAR01/18323,https://zenodo.org/records/10802896,,False,knee osteoarthritis
zenodo,dataset,2026,"Reproducibility package for ""Contemporary knee osteoarthritis trials predominantly require concordant pain and structural disease: a ClinicalTrials.gov–NHANES study""",10.5281/zenodo.21589876,https://zenodo.org/records/21589876,,True,knee osteoarthritis
zenodo,dataset,2025,"A COST EFFECTIVE TECHNIQUE TOTAL KNEE REPLACEMENT TREATMENT FOR A PATIENT WITH CHARCOT MARRIE TOOTH DISEASE, A CASE REPORT AND LITERATURE REVIEW",10.21474/IJAR01/20061,https://zenodo.org/records/15003801,,False,knee osteoarthritis
zenodo,dataset,2025,EFFECT OF KOLAKULATHTHADI UPANAHA SWEDA IN JANU SANDHIGATAVATA (KNEE OSTEOARTHRITIS),10.21474/IJAR01/20851,https://zenodo.org/records/15572322,,False,knee osteoarthritis
zenodo,dataset,2025,TO STUDY THE OUTCOME OF HIGH TIBIAL OSTEOTOMY FOR MEDIAL COMPARTMENT OSTEOARTHRITIS KNEE,10.21474/IJAR01/21773,https://zenodo.org/records/17336690,,False,knee osteoarthritis
zenodo,dataset,2024,"THE EFFECT OF SWEDISH MASSAGE AND CONTRAST HYDRIATIC APPLICATIONON PAIN, EDEMA AND EFFUSION IN KNEE OSTEOARTHRITIS PATIENTS",10.21474/IJAR01/17959,https://zenodo.org/records/10473422,,False,knee osteoarthritis
zenodo,dataset,2026,"Underlying Dataset for Readability, Quality, and Reliability Analysis of AI-Generated Content on Knee Osteoarthritis",10.5281/zenodo.21163203,https://zenodo.org/records/21163203,,False,knee osteoarthritis
zenodo,dataset,2024,ORGANISMS RESPONSIBLE FOR TOTAL KNEE PROSTHETIC JOINT INFECTION: A SAUDITERTIARY CENTER 10-YEAR-EXPERIENCE,10.21474/IJAR01/17925,https://zenodo.org/records/10458255,,False,knee osteoarthritis
zenodo,dataset,2024,POST-OPERATIVE REHABILITATION OF A RIGHT SIDED TOTAL KNEE ARTHROPLASTY PATIENT- A CASE REPORT,10.21474/IJAR01/18308,https://zenodo.org/records/10802727,,False,knee osteoarthritis
zenodo,dataset,2026,"Analysis scripts, processed results, and figure source data for phenotype-stratified functional convergence of osteoarthritis loci across human knee single-cell programs",10.5281/zenodo.20677179,https://zenodo.org/records/20677179,,False,knee osteoarthritis
zenodo,dataset,2026,An expectation-management script and its effect on placebo and diclofenac responses in knee osteoarthritis (PAKOA): a randomized controlled trial,10.5281/zenodo.21098294,https://zenodo.org/records/21098294,,True,knee osteoarthritis
zenodo,dataset,2024,EFFECT OF SWEDISH MASSAGE AND HOT MUD WITH CALOTROPIS GIGANTEA APPLICATION AMONG KNEE JOINT OSTEOARTHRITIS CASES-A RANDOMIZED CONTROL TRIAL,10.21474/IJAR01/17962,https://zenodo.org/records/10473505,,True,knee osteoarthritis
zenodo,dataset,2024,A PROSPECTIVE STUDY OF EFFICACY AND OUTCOME ANALYSIS OF ROLE OF PRP INJECTION IN OSTEOARTHRITIS OF KNEE JOINT 40 CASES PROSPECTIVE ANALYSIS,10.21474/IJAR01/18069,https://zenodo.org/records/10538686,,False,knee osteoarthritis
zenodo,software,2024,Community-based data on musculoskeletal ultrasound in knee osteoarthritis,10.5281/zenodo.10558747,https://zenodo.org/records/10558747,,False,knee osteoarthritis
zenodo,software,2024,Danish-ali-123/Classification-of-Knee-Osteoarthritis: Classification-of-Knee-Osteoarthritis,10.5281/zenodo.12806331,https://zenodo.org/records/12806331,,False,knee osteoarthritis
zenodo,software,2025,rebekaanspach/LCA-knee-OA-treatment: LCA-knee-OA-treatment,10.5281/zenodo.14680968,https://zenodo.org/records/14680968,,False,knee osteoarthritis
zenodo,software,2026,Keski-Suomen-AI-Hub-II/knee-OA: Knee osteoarthritis diagnosis tools,10.5281/zenodo.19661626,https://zenodo.org/records/19661626,,False,knee osteoarthritis
zenodo,software,2021,Assessment of cardiovascular risk factors in patients with Knee Osteoarthritis,10.5281/zenodo.4541653,https://zenodo.org/records/4541653,,False,knee osteoarthritis
zenodo,software,2026,knee-oa-synovial-pain-omics: analysis code for an EMT-like synovial stromal-remodeling programme associated with knee osteoarthritis pain,10.5281/zenodo.21741007,https://zenodo.org/records/21741007,,True,knee osteoarthritis
zenodo,software,2026,KOA state-dependence reanalysis,10.5281/zenodo.21966713,https://zenodo.org/records/21966713,,False,knee osteoarthritis
zenodo,software,2025,safaktotales/EnhancedDenseNet201-KOA: DenseNet201+ with Multi-Scale Attention  and Deep Feature Engineering for Automated Kellgren–Lawrence Grading of Knee Osteoarthritis,10.5281/zenodo.17304355,https://zenodo.org/records/17304355,,False,knee osteoarthritis
zenodo,software,2026,Code for: Radiomic Study on Cartilage Degeneration in Patients with Knee Osteoarthritis Complicated by Type 2 Diabetes Mellitus,10.5281/zenodo.20437979,https://zenodo.org/records/20437979,,False,knee osteoarthritis
zenodo,software,2025,DanXCRCHUM/Knee-Osteoarthritis-Structural-Prognosis-Tool: KOSP v1.0.0,10.5281/zenodo.17539545,https://zenodo.org/records/17539545,,False,knee osteoarthritis
zenodo,software,2026,Prediction Model for Knee Osteoarthritis KL Grading Integrating Feature Attention and Clinical Feature Enhancement,10.5281/zenodo.21336367,https://zenodo.org/records/21336367,,False,knee osteoarthritis
zenodo,software,2026,Reproducibility code and supporting results for NEDDylation-associated molecular endotypes and putative fibroblast–chondrocyte signaling axes in knee osteoarthritis,10.5281/zenodo.21795292,https://zenodo.org/records/21795292,,True,knee osteoarthritis
zenodo,software,2026,"Code for submitted paper ""Association of selected single-nucleotide polymorphisms related to incidence of knee osteoarthritis with meniscus volume in a high-risk cohort""""",10.5281/zenodo.20583537,https://zenodo.org/records/20583537,,True,knee osteoarthritis
zenodo,software,2026,"Analysis code for ""Objectively measured physical activity levels amongst adults with chronic musculoskeletal pain: A systematic review with meta-analysis""",10.5281/zenodo.22024026,https://zenodo.org/records/22024026,10.5281/zenodo.22023505,False,musculoskeletal pain
zenodo,software,2020,Sodbo/Pain3_project_code: The first public release,10.5281/zenodo.3817039,https://zenodo.org/records/3817039,,False,musculoskeletal pain
zenodo,software,2024,SimStudyPainKillers: Simulation study of the impact of analgesic use on the relationship between mechanical work exposures and musculoskeletal pain outcomes.,10.5281/zenodo.10556286,https://zenodo.org/records/10556286,,False,musculoskeletal pain
zenodo,dataset,2025,Dataset - Multisensory training with telerehabilitation for brain-damaged children with visual field defects by Tinelli et al,10.5281/zenodo.17599468,https://zenodo.org/records/17599468,,False,telerehabilitation
zenodo,dataset,2017,"Raw data corresponding to the scientific paper: ""A modular telerehabilitation architecture for upper limb robotic therapy"" (Advances in Mechanical Engineering 2017, Vol. 9(1) 1-13)",10.5281/zenodo.375917,https://zenodo.org/records/375917,,False,telerehabilitation
zenodo,dataset,2023,"In person cognitive rehabilitation versus telerehabilitation in patients at risk of dementia: How can cognitive reserve, lifestyle habits, and other factors explain this choice?",10.5281/zenodo.8159236,https://zenodo.org/records/8159236,,False,telerehabilitation
zenodo,dataset,2022,"Dataset related to article ""Telerehabilitation and Wellbeing Experience in Children with Special Needs during the COVID-19 Pandemic """,10.5281/zenodo.6396800,https://zenodo.org/records/6396800,10.3390/ children8110988,False,telerehabilitation
zenodo,dataset,2026,ENEA Trial: A Randomized Controlled Trial of Cardiac Rehabilitation After Heart Transplantation -DATASET,10.5281/zenodo.20596683,https://zenodo.org/records/20596683,10.3390/jcm15051832,True,telerehabilitation
zenodo,dataset,2024,Feasibility of a Virtual Reality System in Speech Therapy: From Assessment to Tele-Rehabilitation in Children with Cerebral Palsy,10.5281/zenodo.14677076,https://zenodo.org/records/14677076,,False,telerehabilitation
zenodo,dataset,2024,The wide world of technological telerehabilitation for pediatric neurologic and neurodevelopmental disorders - A systematic review,10.5281/zenodo.10820041,https://zenodo.org/records/10820041,,False,telerehabilitation
zenodo,dataset,2022,HomeCoRe system for telerehabilitation in individuals at risk of dementia: a usability and user experience study,10.5281/zenodo.7595576,https://zenodo.org/records/7595576,,False,telerehabilitation
zenodo,dataset,2023,EBSCO articles dataset (domain knowledge: rehabilitation medicine) + JSON of every article,10.5281/zenodo.8308214,https://zenodo.org/records/8308214,,False,telerehabilitation
zenodo,dataset,2025,HomeCoRe for Telerehabilitation in Mild or Major Neurocognitive Disorders: A Non-Inferiority Randomized Controlled Trial,10.5281/zenodo.15389025,https://zenodo.org/records/15389025,,True,telerehabilitation
zenodo,dataset,2021,Telerehabilitation program for COVID-19 survivors (TERECO) - Randomized controlled trial,10.5061/dryad.59zw3r27n,https://zenodo.org/records/5090828,,True,telerehabilitation
zenodo,dataset,2024,"Datasets - ""Telerehabilitation for visual field defects with a multisensory training: a randomized clinical trial"" by Diana et al.",10.5281/zenodo.13335206,https://zenodo.org/records/13335206,,True,telerehabilitation
zenodo,dataset,2024,"Dataset related to: ""Insights into Digital MedicRehApp Maintenance Model for Pulmonary Telerehabilitation: Observational Study.""",10.5281/zenodo.14499074,https://zenodo.org/records/14499074,,False,telerehabilitation
zenodo,dataset,2023,Multimodal video and IMU kinematic dataset on daily life activities using affordable devices (VIDIMU),10.1038/s41597-023-02554-9,https://zenodo.org/records/15075076,,False,telerehabilitation
zenodo,dataset,2025,UCOPhyRehab++: Multi-modal and multi-view dataset for human rehabilitation analysis,10.5281/zenodo.17935737,https://zenodo.org/records/17935737,,True,telerehabilitation
zenodo,dataset,2026,"Dataset related to: ""The Association between Physical Activity and Fitness in Patients with Heart Failure and Type 2 Diabetes Mellitus and the Influence of a Telemedicine Program """,10.5281/zenodo.20759815,https://zenodo.org/records/20759815,,False,telerehabilitation
zenodo,dataset,2026,"Dataset related to article ""Feasibility, acceptability, usability and quality of life levels in post-stroke patients undergoing telerehabilitation: Results from a multicentric pilot study""",10.5281/zenodo.20679183,https://zenodo.org/records/20679183,10.1177/20552076241308617,False,telerehabilitation
zenodo,dataset,2024,EFFECT OF COVID-19 PANDEMIC ON OCCUPATIONAL THERAPY PRACTICE AND IMPLEMENTATION OF TELEREHABILITATION INCLUDING HEALTH SECTORS IN AL AHSA CITY,10.21474/IJAR01/18034,https://zenodo.org/records/10517629,,False,telerehabilitation
zenodo,dataset,2020,Development of a Feedback Evaluation Tool for the Assessment of Telerehabilitation as a  Teaching-Learning Tool for Medical Students Dataset,10.5281/zenodo.4008172,https://zenodo.org/records/4008172,,False,telerehabilitation
zenodo,dataset,2026,"Digital Interventions and Health Outcomes in Older Adults with Frailty and Pelvic Floor Dysfunction: A Systematic Review, Network Meta-Analysis, and Evidence Map",10.5281/zenodo.19553836,https://zenodo.org/records/19553836,,False,telerehabilitation
zenodo,dataset,2025,Dataset for Non-immersive virtual reality as a telerehabilitation protocol on precision and accuracy performance in individuals with cerebral palsy: a non-randomized controlled clinical tria,10.5281/zenodo.17468973,https://zenodo.org/records/17468973,,True,telerehabilitation
zenodo,dataset,2026,Supplementary material - Does music facilitate movement for people with Parkinson's disease? Participants' perceptions during telerehabilitation,10.5281/zenodo.19118479,https://zenodo.org/records/19118479,,False,telerehabilitation
zenodo,dataset,2026,Supplementary material - What do people with Parkinson's think about telerehabilitation? A Thematic analysis of patient interviews,10.5281/zenodo.20797685,https://zenodo.org/records/20797685,,False,telerehabilitation
zenodo,dataset,2021,Data for Manuscript: Instrumental Validity of the Motion Detection Accuracy of a Smartphone Based Training Game,10.5281/zenodo.5024992,https://zenodo.org/records/5024992,,False,telerehabilitation
zenodo,dataset,2026,MOBILE-BASED TELEREHABILITATION DURING THE FIRST SIX WEEKS FOLLOWING ACL RECONSTRUCTION: A CASE SERIES OF SIX PATIENTS,10.21474/IJAR01/23117,https://zenodo.org/records/19706537,,False,telerehabilitation
zenodo,dataset,2026,Dataset for A tailor-made non-immersive virtual reality serious games framework platform for telerehabilitation,10.5281/zenodo.18300305,https://zenodo.org/records/18300305,,False,telerehabilitation
zenodo,dataset,2026,"Communication Equity Across the Cardiac Rehabilitation Pathway: A Scoping Review of Language Access, Cultural Safety, and Health-Literacy Responsiveness",10.5281/zenodo.21453769,https://zenodo.org/records/21453769,,False,telerehabilitation
zenodo,software,2020,Fuzzy-ImpairmeNt-Evaluation-tool: FINE,10.5281/zenodo.18362812,https://zenodo.org/records/18362812,,False,telerehabilitation
zenodo,software,2025,Motion Tracking for Automatically Controlled Functional Electrical Stimulation System in Mirror Therapy Configuration: the Enhanced Lazarus Solution,10.5281/zenodo.15656253,https://zenodo.org/records/15656253,,True,telerehabilitation
zenodo,dataset,2021,Sham therapy vs manual therapy and control dataset for meta-analyses,10.5061/dryad.v9s4mw6tb,https://zenodo.org/records/4647701,,True,manual therapy
zenodo,dataset,2026,"Comparative effects of manual therapy and corticosteroid injection on shoulder muscle tone, function, and health-related quality of life in chronic shoulder pain",10.5281/zenodo.19562394,https://zenodo.org/records/19562394,,False,manual therapy
zenodo,dataset,2025,TO COMPARE THE EFFICACY OF TWO DIFFERENT SOFT TISSUE RELEASE TECHNIQUES IN TREATING INDIVIDUALS WITH TERMINAL SHOULDER FLEXION DYSFUNCTION: A PILOT STUDY,10.21474/IJAR01/20193,https://zenodo.org/records/14882061,,True,manual therapy
zenodo,dataset,2024,"INTEGRATED APPROACH TO PAIN MANAGEMENT: YOGA, MANUAL THERAPY, FASCIA RELEASE, NERVE MOBILIZATION TECHNIQUES, OSTEOPATHIC MANIPULATIVE TREATMENT, CHIROPRACTIC CARE AND KINEMATIC AND KINETIC C",10.21474/IJAR01/18369,https://zenodo.org/records/10906145,,False,manual therapy
zenodo,dataset,2025,Contrast-Impulse Cryo-Therapy (CIK): Technical Clinical Note,10.13140/RG.2.2.31941.10728,https://zenodo.org/records/17609228,,False,manual therapy
zenodo,dataset,2024,Variability in the Relationship Between Velocity Loss and Percentage of Completed Repetitions During Horizontal Leg Press and Bench Press in Postmenopausal Women,10.5281/zenodo.15556672,https://zenodo.org/records/15556672,,False,resistance training
zenodo,dataset,2022,Verification of the effects of a YouTube-based home-based (self-managed intervention) training system developed for frailty prevention―A pilot study ―,10.5281/zenodo.7307231,https://zenodo.org/records/7307231,,False,resistance training
zenodo,dataset,2025,Acute Modulation of Physiological Tremor by Physical Exercise and Resistance Training: A Meta-Analysis of Quantitative Neuromuscular Responses in Healthy Adults,10.5281/zenodo.15487242,https://zenodo.org/records/15487242,,False,resistance training
zenodo,dataset,2026,METHODOLOGY OF USING DIGITAL TECHNOLOGIES IN THE PROCESS OF ADAPTATION OF YOUNG STUDENTS TO PHYSICAL EXERCISES,10.5281/zenodo.19496409,https://zenodo.org/records/19496409,,False,resistance training
zenodo,dataset,2026,"EEG Biofeedback and Multimodal Neuro-Physiological Monitoring in Elite Male Judokas: Neural Efficiency, Peak Power Preservation, and Strength Recovery under Hypoxia and Normoxia",10.5281/zenodo.19733756,https://zenodo.org/records/19733756,,True,resistance training
zenodo,dataset,2019,Database for Study: Kinematic and electromyographic analysis of variations in Nordic hamstring exercise.,10.5281/zenodo.3257361,https://zenodo.org/records/3257361,,False,resistance training
zenodo,dataset,2020,Home-Based Resistance Training for Older Subjects during the COVID-19 Outbreak in Italy: Preliminary Results of a Six-Months RCT,10.3390/ijerph17249533,https://zenodo.org/records/4559595,,True,resistance training
zenodo,dataset,2026,"DNA Methylation Dynamics of Dose-dependent Acute Exercise, Training Adaptation, and Detraining",10.5281/zenodo.20275476,https://zenodo.org/records/20275476,,False,resistance training
zenodo,dataset,2026,Home‑based exercise and amino acid supplementation in older adults: a randomized controlled trial study,10.5281/zenodo.21337553,https://zenodo.org/records/21337553,,True,resistance training
zenodo,dataset,2019,"Effects of supervised exercise training during pregnancy on psychological well-being among overweight and obese women:  Secondary analyses of the ETIP-trial, a randomized controlled trial.",10.5061/dryad.pvmcvdng6,https://zenodo.org/records/5023958,,True,resistance training
zenodo,dataset,2026,Effects of Exercise on Renal Dysfunction and Mitochondrial Oxidative Stress in Obese Rats,10.5281/zenodo.22022273,https://zenodo.org/records/22022273,,False,resistance training
zenodo,dataset,2026,"Bridging the Evidence-to-Practice Gap in Hypertrophy Training: A Critical Review of Effective Repetitions, Rest Intervals, and Exercise Stability",10.5281/zenodo.21759311,https://zenodo.org/records/21759311,,False,resistance training
zenodo,software,2026,Analysis code: plasma extracellular particle-enriched proteome after exercise training,10.5281/zenodo.21849647,https://zenodo.org/records/21849647,,False,resistance training
zenodo,dataset,2015,"Raw data acquired necessary to produce the plots introduced in the scientific paper: ""Upper-limb kinematic reconstruction during stroke robot-aided therapy"" (Medical & Biological Engineering",10.5281/zenodo.51270,https://zenodo.org/records/51270,10.1007/s11517-015-1276-9,False,stroke rehabilitation
zenodo,dataset,2023,The role of Stroke-Induced Immunosuppression as predictor of functional outcome in the neurorehabilitation setting,10.5281/zenodo.10057752,https://zenodo.org/records/10057752,,True,stroke rehabilitation
zenodo,dataset,2026,Mu and Beta Oscillatory Changes during a motor task following Rehabilitation in Chronic MCA Stroke: Insights from EEG,10.5281/zenodo.19599466,https://zenodo.org/records/19599466,,True,stroke rehabilitation
zenodo,dataset,2026,EFFECTIVENESS OF VIRTUAL REALITY IN THE REHABILITATION OF CHILDREN AFTER STROKE,10.5281/zenodo.18614428,https://zenodo.org/records/18614428,,False,stroke rehabilitation
zenodo,dataset,2026,NEUROPHYSIOLOGICAL BASIS OF MOTOR AND BALANCE IMPAIRMENTS IN THE CHRONIC PHASE OF ISCHEMIC STROKE AND CONTEMPORARY REHABILITATION APPROACHES,10.5281/zenodo.18878261,https://zenodo.org/records/18878261,,False,stroke rehabilitation
zenodo,dataset,2021,Publication rate and consistency of registered trials of motor-based stroke rehabilitation,10.5281/zenodo.4439231,https://zenodo.org/records/4439231,,True,stroke rehabilitation
zenodo,dataset,2024,Dataset for Monitoring and Visualizing Stroke Rehabilitation Progress using Wearable Sensors (IMU),10.5281/zenodo.10534055,https://zenodo.org/records/10534055,,False,stroke rehabilitation
zenodo,dataset,2024,The State of Stroke Rehabilitation Design in Australia: A multi-scalar Systematic Architecture Precedent Review,10.5281/zenodo.14037768,https://zenodo.org/records/14037768,,False,stroke rehabilitation
zenodo,dataset,2017,Data from: Investigating the impact of feedback update interval on the efficacy of restorative brain–computer interfaces,10.5061/dryad.97bt8,https://zenodo.org/records/5023795,,False,stroke rehabilitation
zenodo,dataset,2016,Data from: Early sitting in ischemic stroke patients (SEVEL): a randomized controlled trial,10.5061/dryad.jh15q,https://zenodo.org/records/4975055,,True,stroke rehabilitation
zenodo,dataset,2024,ADVANCES IN FUNCTIONAL ELECTRICAL STIMULATION FOR LOWER LIMB REHABILITATION INSTROKE: A REVIEW ON PHYSIOLOGIC AND THERAPEUTIC PERSPECTIVE,10.21474/IJAR01/18774,https://zenodo.org/records/11561147,,False,stroke rehabilitation
zenodo,dataset,2026,Stroke Functional Dependency Nursing Assessment Dataset (SFD-NAD),10.5281/zenodo.20263699,https://zenodo.org/records/20263699,,False,stroke rehabilitation
zenodo,dataset,2026,An End-to-End AI-Assisted Workflow for Patient-Specific 3D Digital Human Reconstruction and Unreal Engine-Based Stroke Rehabilitation Simulation,10.5281/zenodo.21489154,https://zenodo.org/records/21489154,,False,stroke rehabilitation
zenodo,dataset,2025,EXPLORING THE BEST EXERCISE FOR WRIST MOTOR PRIMING: A SYSTEMATIC REVIEW ON BILATERAL ACTIVE-PASSIVE APPROACHES,10.21474/IJAR01/22133,https://zenodo.org/records/17837361,,False,stroke rehabilitation
zenodo,dataset,2026,"EFFECTS OF REPEATED TASK TRAINING ON STRENGTH, ROM, AND FUNCTIONS OF HAND IN INDIVIDUALS AFTER STROKE",10.21474/IJAR01/22464,https://zenodo.org/records/18334407,,False,stroke rehabilitation
zenodo,dataset,2025,Jarvis BioCore – Symbolic Detection of Bioelectrical Resonance in Humans (Including Self- and Stroke Patient Comparison),10.5281/zenodo.15175176,https://zenodo.org/records/15175176,10.5281/zenodo.15163719,False,stroke rehabilitation
zenodo,dataset,2026,"Dataset and Supplementary Materials:Repetitive Transcranial Magnetic Stimulation in Stroke Rehabilitation: A Cross-sectional Survey of Knowledge, Attitude, And Practice of Pakistani Physical",10.5281/zenodo.21911634,https://zenodo.org/records/21911634,,False,stroke rehabilitation
zenodo,software,2024,Data and algorithms used for the study: Exploring Unsupervised Feature Extraction of IMU-Based Gait Data in Stroke Rehabilitation using a Variational Autoencoder,10.5281/zenodo.11045239,https://zenodo.org/records/11045239,,False,stroke rehabilitation
zenodo,software,2025,TiltRoll: A Tilt-Based Cognitive and Motor Reaction Game for Mobile Devices,10.5281/zenodo.17103068,https://zenodo.org/records/17103068,,False,stroke rehabilitation
zenodo,software,2026,Stroke rehabilitation debt-for-health allocation: data and code deposit,10.5281/zenodo.21844972,https://zenodo.org/records/21844972,,True,stroke rehabilitation
zenodo,software,2026,MES: Motor Engagement Signal — open-source EEG pipeline for quantifying motor-cortical engagement in rehabilitation,10.5281/zenodo.22035629,https://zenodo.org/records/22035629,,False,stroke rehabilitation
zenodo,dataset,2012,"Data from: Why do so few patients with heart failure participate in cardiac rehabilitation? A cross-sectional survey from England, Wales and Northern Ireland",10.5061/dryad.n6661sh1,https://zenodo.org/records/4932584,,False,cardiac rehabilitation
zenodo,dataset,2020,Patient-reported outcomes predict return to work and health-related quality of life 6 months after cardiac rehabilitation: Results from a German multi-centre registry (OutCaRe): dataset,10.5281/zenodo.3605618,https://zenodo.org/records/3605618,,True,cardiac rehabilitation
zenodo,dataset,2204,Predicting Physical Activity and Sedentary Behaviors After Cardiac Rehabilitation: An Observational Study,10.5281/zenodo.11072811,https://zenodo.org/records/11072811,,False,cardiac rehabilitation
zenodo,dataset,2026,OPTIMIZATION OF CARDIAC REHABILITATION IN PATIENTS WITH CHRONIC HEART FAILURE BASED ON MICROCirculation ANALYSIS,10.5281/zenodo.19474139,https://zenodo.org/records/19474139,,False,cardiac rehabilitation
zenodo,dataset,2024,"Supplementary Material for ""The Unreasonable Effectiveness of Large Language Models in Issuing Just-in-Time Adaptive Interventions: Fostering Physical Activity in a Prospective Cardiac Rehab",10.5281/zenodo.10649386,https://zenodo.org/records/10649386,,False,cardiac rehabilitation
zenodo,dataset,2025,"TRANSCRIPTIONS OF PARTICIPANTS INTERVIEWS INCLUDED IN THE MANUSCRIPT ""Exploring the interplay of socio-ecological factors shaping physical activity and exercise in heart failure patients""",10.5281/zenodo.15754109,https://zenodo.org/records/15754109,,False,cardiac rehabilitation
zenodo,dataset,2022,"Dataset of the study ""Thirty seconds sit-to-stand test as an alternative for estimating peak oxygen uptake and six-minutes walking distance in women with breast cancer: a cross-sectional stu",10.5281/zenodo.5905641,https://zenodo.org/records/5905641,,True,cardiac rehabilitation
zenodo,dataset,2020,Psychological Well-Being as an Independent Predictor of Exercise Capacity in Cardiac Rehabilitation Patients With Obesity,10.3389/fpsyg.2019.02973,https://zenodo.org/records/5495215,,False,cardiac rehabilitation
zenodo,dataset,2022,Dataset related to: The Impact of Cardiac Rehabilitation on Activities of Daily Life in Elderly Patients With Heart Failure,10.5281/zenodo.7323042,https://zenodo.org/records/7323042,,False,cardiac rehabilitation
zenodo,dataset,2026,DATASET for Implementation of guideline-directed medical therapy among patients with acute heart failure admitted to cardiac rehabilitation: the PROMETEO registry,10.5281/zenodo.20596892,https://zenodo.org/records/20596892,,False,cardiac rehabilitation
zenodo,dataset,2025,Anatomy of a Failure: A Retrospective Evaluation of a Cognitive Bias Modification Intervention to Promote Physical Activity in Cardiac Rehabilitation,10.5281/zenodo.17292448,https://zenodo.org/records/17292448,10.1186/s13102-024-00997-0,False,cardiac rehabilitation
zenodo,dataset,2026,"Heart Rate Variability, Movement Behaviors, and Clinical Characteristics in Cardiac Rehabilitation Participants",10.5281/zenodo.19119872,https://zenodo.org/records/19119872,,False,cardiac rehabilitation
zenodo,dataset,2020,"Dataset related to article: ""Psychosocial Cardiological Schedule-Revised (PCS-R) in a Cardiac Rehabilitation Unit: Reflections Upon Data Collection (2010–2017) and New Challenges""",10.5281/zenodo.4018520,https://zenodo.org/records/4018520,,False,cardiac rehabilitation
zenodo,dataset,2021,"Dataset related to article: ""Therapist Driven Rehabilitation Protocol for Patients with Chronic Heart and Lung Diseases: A Real-Life Study""",10.5281/zenodo.5506699,https://zenodo.org/records/5506699,,False,cardiac rehabilitation
zenodo,dataset,2025,"Psychological flexibility processes differentially predict anxiety, depression, and well-being throughout cardiac rehabilitation.",10.5281/zenodo.14761390,https://zenodo.org/records/14761390,,False,cardiac rehabilitation
zenodo,dataset,2022,Pulmonary thromboembolism in coronavirus disease 2019 patients undergoing thromboprophylaxis,10.5281/zenodo.6373373,https://zenodo.org/records/6373373,,True,cardiac rehabilitation
zenodo,dataset,2025,Exploring Psychological Factors and Metacognitive Beliefs in Cardiac Rehabilitation: A Single-Group Pre-Post Study,10.3390/ejihpe15110236,https://zenodo.org/records/21794894,,False,cardiac rehabilitation
zenodo,dataset,2021,"""The Heart in a Bag"": The Lived Experience of Patient-Caregiver Dyads with Left Ventricular Assist Device (LVAD) during Cardiac Rehabilitation",10.5281/zenodo.4618648,https://zenodo.org/records/4618648,,False,cardiac rehabilitation
zenodo,dataset,2026,Dataset of TRAINING-HR project,10.5281/zenodo.19453289,https://zenodo.org/records/19453289,,True,cardiac rehabilitation
zenodo,dataset,2023,The ACTonHEART Study: a Randomized Controlled Clinical Trial of a short intervention based on Acceptance and Commitment Therapy vs. usual care for cardiac rehabilitation patients with corona,10.5281/zenodo.10925257,https://zenodo.org/records/10925257,,True,cardiac rehabilitation
zenodo,dataset,2025,Object Acquisition During Cycling and Fruit-Picking Minigames,10.5281/zenodo.15323173,https://zenodo.org/records/15323173,,False,cardiac rehabilitation
zenodo,dataset,2025,"Data Generated for ""Rehabilitation at Home Using Mobile Health for Older Adults Hospitalized for Ischemic Heart Disease: The RESILIENT Randomized Clinical Trial""",10.5281/zenodo.15784638,https://zenodo.org/records/15784638,10.1001/jamanetworkopen.2024.53499,True,cardiac rehabilitation
zenodo,dataset,2021,Short- and long-term effects of a cardiac rehabilitation program in patients implanted with a left ventricular assist device: dataset,10.5281/zenodo.5648186,https://zenodo.org/records/5648186,,False,cardiac rehabilitation
zenodo,dataset,2021,"Dataset related to article: ""Diffuse idiopathic skeletal hyperostosis in subjects with congestive heart failure undergoing cardiac rehabilitation: A decision tree analysis""",10.5281/zenodo.5499713,https://zenodo.org/records/5499713,,False,cardiac rehabilitation
zenodo,dataset,2021,"Dataset from Toso A, Castelvecchio S, Menicanti L, Volpe M, Fantini F. Prognostic value of natriuretic peptides and restrictive filling pattern before surgical ventricular restoration. J Tho",10.5281/zenodo.4541176,https://zenodo.org/records/4541176,,False,cardiac rehabilitation
zenodo,dataset,2021,"Dataset from Castelvecchio S, Milani V, Volpe M, Citarella M, Ambrogi F, Boveri S, Saitto G, Garatti A, Menicanti L. Comparable outcomes between genders in patients undergoing surgical ventr",10.5281/zenodo.4537040,https://zenodo.org/records/4537040,,False,cardiac rehabilitation
zenodo,dataset,2024,Characterization of cardiovascular and cerebrovascular controls via spectral causality analysis in patients undergoing surgical aortic valve replacement during a three-month follow-up,10.5281/zenodo.10562423,https://zenodo.org/records/10562423,,False,cardiac rehabilitation
zenodo,dataset,2024,Patient-reported outcomes in the aging population of adults with congenital heart disease results from APPROACH-IS,10.5281/zenodo.10592146,https://zenodo.org/records/10592146,,False,cardiac rehabilitation
zenodo,dataset,2026,"From Referral to Retention: A Systematic Review of Access, Equity, and Participation Across the Pediatric Cardiac Rehabilitation Care Cascade",10.5281/zenodo.21739693,https://zenodo.org/records/21739693,,False,cardiac rehabilitation
zenodo,dataset,2024,Data set for article''Digital health intervention in patients undergoing cardiac rehabilitation: systematic review and meta-analysis'',10.5281/zenodo.11360997,https://zenodo.org/records/11360997,,False,cardiac rehabilitation
zenodo,software,2026,Between-group reanalysis of a cardiac rehabilitation trial in atrial fibrillation,10.5281/zenodo.22054547,https://zenodo.org/records/22054547,,True,cardiac rehabilitation
zenodo,software,2026,Analysis code: Self-Reported Versus Wearable-Measured Physical Activity in Atrial Fibrillation Cardiac Rehabilitation,10.5281/zenodo.21950229,https://zenodo.org/records/21950229,,True,cardiac rehabilitation
zenodo,dataset,2026,Structural–Functional Relationships in Rotator Cuff–Related Shoulder Pain with MRI Investigation,10.5281/zenodo.20049237,https://zenodo.org/records/20049237,,False,shoulder pain
zenodo,dataset,2022,Dataset Musculoskeletal pain in health professionals at the end of their studies and 1 year after entry into the profession: A multi-center longitudinal study.,10.5281/zenodo.7123425,https://zenodo.org/records/7123425,,False,shoulder pain
zenodo,dataset,2026,Structural–Functional Relationships in Rotator Cuff–Related Shoulder Pain,10.5281/zenodo.19972999,https://zenodo.org/records/19972999,,False,shoulder pain
zenodo,dataset,2026,vNOTES Versus Total Laparoscopic Hysterectomy: A Randomized Controlled Trial,10.5281/zenodo.19764385,https://zenodo.org/records/19764385,,True,shoulder pain
zenodo,dataset,2026,DETERMINING AN EFFECTIVE METHOD FOR PREVENTING SHOULDER PAIN INDUCED BY WHEELCHAIR BASKETBALL,10.21474/IJAR01/23760,https://zenodo.org/records/21550451,,False,shoulder pain
zenodo,dataset,2025,Association of Shoulder pain with functional disabilities among primary and secondary school teachers in Peshawar,10.5281/zenodo.17497269,https://zenodo.org/records/17497269,,False,shoulder pain
zenodo,dataset,2025,"A CASE REPORT ON EFFECTIVENESS OF SPENCER TECHNIQUE ON PAIN, ROM, AND DISABILITY IN A SUBJECT WITH SHOULDER IMPINGEMENT SYNDROME",10.21474/IJAR01/21132,https://zenodo.org/records/15796384,,False,shoulder pain
zenodo,dataset,2025,Comparative Effectiveness of Combination versus Single-Modality Physiotherapy for Rotator Cuff-Related Shoulder Pain: A Systematic Review and Network Meta-Analysis,10.5281/zenodo.15469007,https://zenodo.org/records/15469007,,False,shoulder pain
zenodo,dataset,2023,BILATERAL ELASTOFIBROMA OF THE SCAPULA: A CASE REPORT AND LITERATURE REVIEW,10.21474/IJAR01/17742,https://zenodo.org/records/10184710,,False,shoulder pain
zenodo,dataset,2024,EFFECT OF PRP INJECTION IN CASES OF PARTIAL THICKNESS ROTATOR CUFF TEAR IN KING FAHD ARMED FORCES HOSPITAL: A RETROSPECTIVE STUDY,10.21474/IJAR01/19114,https://zenodo.org/records/13359358,,False,shoulder pain
zenodo,dataset,2026,Derila ERGO Memory Foam Pillow – Neck Support & Pain Relief Sleep Solution,10.5281/zenodo.19199909,https://zenodo.org/records/19199909,,False,shoulder pain
