year,is_rct,journal,title,doi,pmcid,n_data,n_code,data_urls,code_urls,das
2026,True,BMJ open,Anatomy of a failure: a retrospective evaluation of a cognitive bias modification intervention to promote physical activity in cardiac rehabilitation,10.1136/bmjopen-2025-101558,PMC13141020,1,0,10.5281/zenodo.17292448,,"Data Availability Statement Data are available in a public, open access repository. Data are available in a public, open access repository. Data are available in a public, open access repository. Deidentified data, data management, analysis codes and research materials have been made publicly available on Zenodo ( https://doi.org/10.5281/zenodo.17292448 ). 67"
2026,True,Hong Kong physiotherapy journal : official publication ,Comparison of the short-term effects of Mulligan and Maitland mobilisation techniques combined with home-based exercise for non-specific neck pain: A randomised controlled trial,10.1142/s1013702526500058,PMC13092435,1,0,10.5281/zenodo.15278572,,"Data Availability Statement The data supporting the findings of this study are openly available in Zenodo at https://doi.org/10.5281/zenodo.15278572 , reference number 15278572. The data supporting the findings of this study are openly available in Zenodo at https://doi.org/10.5281/zenodo.15278572 , reference number 15278572."
2026,True,BMC geriatrics,Out-of-home mobility enhancement by a physiotherapist-led motivational counselling intervention among rural community-dwelling older adults 75+: the MOBILE RCT,10.1186/s12877-026-07244-w,PMC13063870,0,2,,gitlab.com/arik.grahl/mobile-project-client | gitlab.com/arik.grahl/mobile-project-server,Data Availability Statement Data collected in this study will be available upon reasonable request and stored at the institutional repository after the study is completed. Data will be in aggregated form (no GPS fixes) to secure the privacy of the study participants. The architecture of the app developed specifically for this study can be accessed via the following links: https://gitlab.com/arik.grahl/mobile-project-client and https://gitlab.com/arik.grahl/mobile-project-server . Data collected in this study will be available upon reasonable request and stored at the institutional repository after the study is completed. Data will be in aggregated form (no GPS fixes) to secure the privacy of the study participants. The architecture of the app developed specifically for this study can be accessed via the following links: https://gitlab.com/arik.grahl/mobile-project-client and https://gitlab.com/arik.grahl/mobile-project-server . Data collected in this study will be available upon reason
2026,True,Scandinavian journal of medicine & science in sports,Effects of Low-Load Blood-Flow Restriction Training Versus High-Load Resistance Training on Neuromuscular Performance and Neuromuscular Activation,10.1111/sms.70203,PMC12780320,1,0,osf.io/fz38r,,Data Availability Statement The anonymized dataset supporting the findings of this study is publicly available on the Open Science Framework at https://doi.org/10.17605/OSF.IO/FZ38R . Users are kindly asked to cite the dataset if used in any form. The anonymized dataset supporting the findings of this study is publicly available on the Open Science Framework at https://doi.org/10.17605/OSF.IO/FZ38R . Users are kindly asked to cite the dataset if used in any form. The anonymized dataset supporting the findings of this study is publicly available on the Open Science Framework at https://doi.org/10.17605/OSF.IO/FZ38R . Users are kindly asked to cite the dataset if used in any form.
2026,True,Scientific reports,Preliminary efficacy of cognitive multisensory rehabilitation for neuropathic pain in chronic spinal cord injury: a phase I randomized controlled trial,10.1038/s41598-026-44859-w,PMC13144352,1,0,10.5061/dryad.7h44j1007,,Data availability The datasets used and/or analysed during the current study available on Dryad: DOI: 10.5061/dryad.7h44j1007.
2026,True,"Geriatrics (Basel, Switzerland)",Effect of a Physio-Feedback Exercise Intervention Program on the Static Balance of Community-Dwelling Older Adults: A Clustered Randomized Controlled Trial,10.3390/geriatrics11010006,PMC12821712,1,0,osf.io/8763w,,"Data Availability Statement The deidentified data for this study, as well as the statistical processing code, is publicly available at https://osf.io/8763w/overview (created 25 October 2025)."
2026,True,PloS one,High-intensity eccentric hip abductor strength training improves dynamic knee valgus in a task-dependent manner in asymptomatic young women: A pilot study,10.1371/journal.pone.0330140,PMC13143104,1,0,10.5281/zenodo.1808373,,"Data Availability Statement The minimal dataset required is available on the Zenodo platform under the following DOI: https://doi.org/10.5281/zenodo.1808373 . This access location is indicated in the Data Availability Statement section of the manuscript, between lines 395–398. The minimal dataset required is available on the Zenodo platform under the following DOI: https://doi.org/10.5281/zenodo.1808373 . This access location is indicated in the Data Availability Statement section of the manuscript, between lines 395–398. The minimal dataset required is available on the Zenodo platform under the following DOI: https://doi.org/10.5281/zenodo.1808373 . This access location is indicated in the Data Availability Statement section of the manuscript, between lines 395–398."
2026,True,GeroScience,HomeCoRe for telerehabilitation in mild or major neurocognitive disorders: a non-inferiority randomized controlled trial,10.1007/s11357-025-02006-9,PMC12972472,1,0,10.5281/zenodo.15389025,,Data Availability Statement The datasets presented in this study can be found in online repositories. The names of the repository/repositories and accession number(s) can be found below: 10.5281/zenodo.15389025. The datasets presented in this study can be found in online repositories. The names of the repository/repositories and accession number(s) can be found below: 10.5281/zenodo.15389025. The datasets presented in this study can be found in online repositories. The names of the repository/repositories and accession number(s) can be found below: 10.5281/zenodo.15389025.
2026,True,Nutrients,Effects of Modest Carbohydrate-Energy Supplementation on Resistance Training Adaptations in Trained Men: A Crossover Trial,10.3390/nu18121961,PMC13305566,1,0,osf.io/enz8m,,Data Availability Statement The original data presented in the study are openly available in the Open Science Framework at https://osf.io/enz8m/overview (accessed on 14 June 2026). The original data presented in the study are openly available in the Open Science Framework at https://osf.io/enz8m/overview (accessed on 14 June 2026). The original data presented in the study are openly available in the Open Science Framework at https://osf.io/enz8m/overview (accessed on 14 June 2026).
2026,True,Psychological medicine,Changes in repetitive negative thinking and stress perception mediate treatment effects of a transdiagnostic exercise intervention,10.1017/s0033291725103085,PMC12885332,1,0,osf.io/5rcuz,,Data Availability Statement The data that support the findings of this study are openly available in Open Science Framework at https://osf.io/5rcuz/files/osfstorage . The data that support the findings of this study are openly available in Open Science Framework at https://osf.io/5rcuz/files/osfstorage . The data that support the findings of this study are openly available in Open Science Framework at https://osf.io/5rcuz/files/osfstorage .
2026,True,Scientific reports,Effects of deload periods in resistance training on muscle hypertrophy and strength endurance in untrained young men using a randomized within subject design,10.1038/s41598-026-40612-5,PMC13031491,1,0,osf.io/6cgpt,,"Data availability The raw data and materials associated with this study will be publicly available upon acceptance of the Stage 2 manuscript. The statistical analyses and results are already presented in tables and figures within the manuscript. Additionally, the raw data will be deposited in an open-access repository (Open Science Framework—OSF) to ensure transparency and reproducibility. The registration details are available at the following link (Date of registration: 12/01/2025): https://osf.io/6cgpt/?view_only=7a55420f9c0843838b7da349ba26195f . For additional inquiries regarding the data, please contact the corresponding author: (z_pancar@hotmail.com)."
2026,True,"Medicina (Kaunas, Lithuania)",Short-Term Effects of Manual Therapy Combined with Functional Magnetic Stimulation in Individuals with Lumbar Disk Herniation with Radiculopathy: A Randomized Clinical Trial,10.3390/medicina62020249,PMC12942207,1,0,10.5281/zenodo.17936953,,Data Availability Statement The data that support the findings of this study are openly available in Zenodo at https://doi.org/10.5281/zenodo.17936953 . The data that support the findings of this study are openly available in Zenodo at https://doi.org/10.5281/zenodo.17936953 . The data that support the findings of this study are openly available in Zenodo at https://doi.org/10.5281/zenodo.17936953 .
2026,True,European journal of sport science,Acute Responses and Chronic Adaptations to Cluster Versus Traditional Set Resistance Training in Males and Females,10.1002/ejsc.70160,PMC13140343,1,0,osf.io/mej4d,,Data Availability Statement The dataset and analyses code are available at the Open Science Framework ( https://osf.io/mej4d ). The dataset and analyses code are available at the Open Science Framework ( https://osf.io/mej4d ).
2026,True,PloS one,Integrating multi-session transcranial direct current stimulation with routine physical therapy to improve quadriceps strength and activation in athletes during subacute recovery following ACL reconst,10.1371/journal.pone.0345947,PMC13257960,1,0,10.5281/zenodo.19831812,,The dataset DOI is: https://doi.org/10.5281/zenodo.19831812 . The dataset DOI is: https://doi.org/10.5281/zenodo.19831812 .
2026,True,Brain communications,Enhancing spontaneous recovery after stroke: a randomized controlled trial,10.1093/braincomms/fcag057,PMC13098183,0,1,,github.com/wbyblow/espresso.git,"Data availability The data that support the findings of this study are available from the corresponding author, upon reasonable request. The code used to analyse neuroscientific data can be found here https://github.com/wbyblow/ESPRESSo.git . The data that support the findings of this study are available from the corresponding author, upon reasonable request. The code used to analyse neuroscientific data can be found here https://github.com/wbyblow/ESPRESSo.git ."
2026,True,BMC medicine,Transcutaneous spinal cord stimulation combined with robot-assisted gait training to improve mobility and balance in spinal cord injury: intramuscular electromyography as a biomarker for functional re,10.1186/s12916-026-04697-z,PMC13085461,1,0,zenodo.org/records/17424997,,Data Availability Statement Data that support the findings of this study have been deposited in the EU Open Research Depository. DOI: Abdul Rashad. SPSS Sheet Intramuscular Electromyography as a Biomarker of Functional Recovery. The data that support the findings of this study are openly available in [zenodo] at https://zenodo.org/records/17424997 . Data that support the findings of this study have been deposited in the EU Open Research Depository. DOI: Abdul Rashad. SPSS Sheet Intramuscular Electromyography as a Biomarker of Functional Recovery. The data that support the findings of this study are openly available in [zenodo] at https://zenodo.org/records/17424997 . Data that support the findings of this study have been deposited in the EU Open Research Depository. DOI: Abdul Rashad. SPSS Sheet Intramuscular Electromyography as a Biomarker of Functional Recovery. The data that support the findings of this study are openly available in [zenodo] at https://zenodo.org/records/17424997 .
2025,True,"Sensors (Basel, Switzerland)","A Sensor-Augmented Telerehabilitation System for Knee Osteoarthritis: A Randomized Controlled Trial of Neuromuscular, Functional, and Psychosocial Outcomes",10.3390/s25237113,PMC12693843,1,0,10.5281/zenodo.12112951,,"Data Availability Statement The dataset generated and analyzed during the current study, including synchronized sEMG and IMU biosignals, is openly accessible on Zenodo at: https://doi.org/10.5281/zenodo.12112951 . The dataset generated and analyzed during the current study, including synchronized sEMG and IMU biosignals, is openly accessible on Zenodo at: https://doi.org/10.5281/zenodo.12112951 . Conflicts of Interest Author Panagiotis Kasnesis was employed by the company ThingEnious PC. The remaining authors declare that the research was conducted in the absence of any commercial or financial relationships that could be construed as a potential conflict of interest. Abbreviations Abbreviation Full Term OA Osteoarthritis sEMG Surface Electromyography IMU Inertial Measurement Unit RCT Randomized Controlled Trial WOMAC Western Ontario and McMaster Universities Osteoarthritis Index VAS Visual Analogue Scale TUG Timed Up and Go Test ASES Arthritis Self-Efficacy Scale TSK Tampa Scale for Ki"
2025,True,Trials,Digital education and exercise therapy versus minimal intervention for young people at high risk of early onset knee osteoarthritis after ACL reconstruction: a study protocol for the Stop OsteoARthrit,10.1186/s13063-025-08896-6,PMC12181937,1,0,osf.io/dr23e,,"Data availability {29} The following study materials can be accessed on the open science framework https://osf.io/dr23e/?view_only=0b3dc80910f045f4b232228d4b999416 ; Screening survey, Eligibility survey, Eligibility interview script, Study information and consent form, SOAR knee assessment form, SOAR workbook with group education slides, Control workbook with video education slides, SOAR physiotherapist tracking form, SOAR participant exercise log, SOAR fidelity checklist, Adverse events reporting form, and MRI protocol. The final data set containing data from participants consenting to their anonymized data being open access will be made available on Borealis (borealisdata.ca)."
2025,True,PloS one,Effect of telemedicine-supported structured exercise program in patients with chronic low back pain: a randomized controlled trial,10.1371/journal.pone.0326218,PMC12193851,1,0,10.5061/dryad.zpc866tkh,,Data Availability Statement All dataset files are available from the Dryad repository at https://doi.org/10.5061/dryad.zpc866tkh . All dataset files are available from the Dryad repository at https://doi.org/10.5061/dryad.zpc866tkh . All dataset files are available from the Dryad repository at https://doi.org/10.5061/dryad.zpc866tkh .
2025,True,Journal of rehabilitation medicine,Subphenotypic classification of COVID-19 survivors and response to telerehabilitation: a latent class analysis,10.2340/jrm.v57.42726,PMC11971945,1,0,10.5061/dryad.59zw3r27n,,"Data Availability Statement Anonymised patient-level data on which the analysis, results, and conclusions reported in this paper are based are available as a Dryad dataset. Reinhardt, Jan D. (2021), Telerehabilitation program for COVID-19 survivors (TERECO) – randomized controlled trial, Dryad, Dataset, https://doi.org/10.5061/dryad.59zw3r27n . Anonymised patient-level data on which the analysis, results, and conclusions reported in this paper are based are available as a Dryad dataset. Reinhardt, Jan D. (2021), Telerehabilitation program for COVID-19 survivors (TERECO) – randomized controlled trial, Dryad, Dataset, https://doi.org/10.5061/dryad.59zw3r27n . Anonymised patient-level data on which the analysis, results, and conclusions reported in this paper are based are available as a Dryad dataset. Reinhardt, Jan D. (2021), Telerehabilitation program for COVID-19 survivors (TERECO) – randomized controlled trial, Dryad, Dataset, https://doi.org/10.5061/dryad.59zw3r27n ."
2025,True,F1000Research,The Effect Of Visual Deprivation During Cognitive Motor Dual Task Training On Cognitive Function In Type 2 Diabetes Mellitus,10.12688/f1000research.162466.3,PMC12583909,1,0,figshare.com/s/014afef5a58e663a3b96,,"Data availability The datasets generated analyzed during the current study are available in the Anandh Raj, J (2025). Pretest and post test values of MoCA in Group A and B in Type 2 Diabetes Mellitus subjects. figshare. Dataset. ( https://figshare.com/s/014afef5a58e663a3b96 ). 54 DOI: 10.6084/m9.figshare.28513433.V2 Extended data The extended data for this study include the demographic dataset of participants have been deposited in the Anandh Raj, J (2025). Baseline characteristics of 12-week &amp; 18th-week follow-up of cognitive motor dual-task training in type 2 diabetes mellitus subjects. figshare. Dataset. https://doi.org/10.6084/m9.figshare.29134604.v1 . 43 Data are available under the terms of the Creative Commons Attribution 4.0 International license (CC-BY 4.0) The datasets generated analyzed during the current study are available in the Anandh Raj, J (2025). Pretest and post test values of MoCA in Group A and B in Type 2 Diabetes Mellitus subjects. figshare. Dataset. ( https:"
2025,True,PloS one,Effectiveness and user experiences of a valgus brace in patients with knee osteoarthritis: A mixed-method randomised controlled trial,10.1371/journal.pone.0330157,PMC12410808,3,0,figshare.com/s/20212f8bb7fba462d17f | figshare.com/s/50cacee63c01e2c2f8a6 | figshare.com/s/7c3894a86e4b00872d41,,"Data Availability Statement All relevant data are within the manuscript and its Supporting Information files. All individual participant data are collated in the S1 File which can be found here: https://figshare.com/s/50cacee63c01e2c2f8a6 . An overview of all themes, subthemes and the original verbatim Dutch and their English clean verbatim translations of the quotes emerging from the interviews can be found in S1 Table ( https://figshare.com/s/20212f8bb7fba462d17f ). A comprehensive triangulation of quantitative outcomes and qualitative (sub)themes in overlapping areas of data is provided in S2 Table ( https://figshare.com/s/7c3894a86e4b00872d41 ) All relevant data are within the manuscript and its Supporting Information files. All individual participant data are collated in the S1 File which can be found here: https://figshare.com/s/50cacee63c01e2c2f8a6 . An overview of all themes, subthemes and the original verbatim Dutch and their English clean verbatim translations of the quotes e"
2025,True,PloS one,The effect of D-cycloserine on brain connectivity over a course of pulmonary rehabilitation - A randomised control trial with neuroimaging endpoints,10.1371/journal.pone.0323213,PMC12129347,1,0,data.mendeley.com/datasets/h6y5gs9hs6/1,,The anonymised dataset is uploaded to Mendeley data: Version 1 Published:25 Nov 2024 DOI: 10.17632/h6y5gs9hs6.1 https://data.mendeley.com/datasets/h6y5gs9hs6/1 . The anonymised dataset is uploaded to Mendeley data: Version 1 Published:25 Nov 2024 DOI: 10.17632/h6y5gs9hs6.1 https://data.mendeley.com/datasets/h6y5gs9hs6/1 .
2025,True,PloS one,"Comparative effects of combined aerobic and resistance training versus high-intensity interval training on insulin resistance, glycaemic control, body composition and quality of life in type 2 diabete",10.1371/journal.pone.0336898,PMC12694805,1,0,osf.io/4q9xu,,All relevant data underlying the results presented in this study are available in the Open Science Framework (OSF) repository at the following DOI: 10.17605/OSF.IO/4Q9XU. All relevant data underlying the results presented in this study are available in the Open Science Framework (OSF) repository at the following DOI: 10.17605/OSF.IO/4Q9XU.
2025,True,Nutrients,The Effect of Creatine Supplementation on Lean Body Mass with and Without Resistance Training,10.3390/nu17061081,PMC11944689,1,0,osf.io/4pu2t,,Data Availability Statement The anonymised data collected are available as open data via the Open Science Framework ( https://osf.io/4pu2t/ ). The anonymised data collected are available as open data via the Open Science Framework ( https://osf.io/4pu2t/ ). The anonymised data collected are available as open data via the Open Science Framework ( https://osf.io/4pu2t/ ).
2025,True,PloS one,Effects of an aquatic protocol on electromyography activation and strength of lower limb muscles in blind women: A randomized controlled trial,10.1371/journal.pone.0322395,PMC12111718,1,0,10.5281/zenodo.14280848,,Data Availability Statement The data that supports the findings of this study are available in the Zenodo data repository at https://doi.org/10.5281/zenodo.14280848 . The data that supports the findings of this study are available in the Zenodo data repository at https://doi.org/10.5281/zenodo.14280848 . The data that supports the findings of this study are available in the Zenodo data repository at https://doi.org/10.5281/zenodo.14280848 .
2025,True,BMC medical education,Comparing structured note-taking and multiple-choice question writing as learning strategies among physiotherapy students,10.1186/s12909-025-08272-7,PMC12667121,1,0,10.5281/zenodo.15861339,,"Data Availability Statement The anonymized dataset generated and analysed during the current study is available in the Zenodo repository, DOI: 10.5281/zenodo.15861339. The anonymized dataset generated and analysed during the current study is available in the Zenodo repository, DOI: 10.5281/zenodo.15861339. The anonymized dataset generated and analysed during the current study is available in the Zenodo repository, DOI: 10.5281/zenodo.15861339."
2025,True,PeerJ,Lengthened partial repetitions elicit similar muscular adaptations as full range of motion repetitions during resistance training in trained individuals,10.7717/peerj.18904,PMC11829627,1,0,osf.io/a6cpz,,"Data Availability Statement The following information was supplied regarding data availability: The data and anonymized videos of participants performing resistance training sessions in both conditions are available at OSF: Wolf, Milo, and Patroklos Androulakis-Korakakis. 2024. “Full Range of Motion vs . Partial Range of Motion at Longer-Muscle Lengths: Effects on Upper-Body Muscle Morphology and Strength.” OSF. September 30. doi: 10.17605/OSF.IO/A6CPZ . The following information was supplied regarding data availability: The data and anonymized videos of participants performing resistance training sessions in both conditions are available at OSF: Wolf, Milo, and Patroklos Androulakis-Korakakis. 2024. “Full Range of Motion vs . Partial Range of Motion at Longer-Muscle Lengths: Effects on Upper-Body Muscle Morphology and Strength.” OSF. September 30. doi: 10.17605/OSF.IO/A6CPZ . The following information was supplied regarding data availability: The data and anonymized videos of particip"
2025,True,Journal of neuroengineering and rehabilitation,Haptic interaction with a human partner for ankle training in chronic stroke: a pilot study,10.1186/s12984-025-01840-4,PMC12829194,1,0,datadryad.org/share/tdzsicfhne6ilvwds9ee8kjifi66y5_qcqqt4yf_e7m,,"Data availability The datasets used and analyzed in the current study are publicly available on Dryad, hosted by Northwestern University (http://datadryad.org/share/tDZsicFHne6ILVwds9eE8kjIFi66Y5_qCqqT4yf_e7M)."
2025,True,Nutrients,Time-Restricted Eating Without Exercise Enhances Anaerobic Power and Reduces Body Weight: A Randomized Crossover Trial in Untrained Adults,10.3390/nu17183011,PMC12473138,1,0,10.5281/zenodo.16874956,,Data Availability Statement The dataset supporting this study is openly available in Zenodo at https://doi.org/10.5281/zenodo.16874956 . The dataset supporting this study is openly available in Zenodo at https://doi.org/10.5281/zenodo.16874956 . The dataset supporting this study is openly available in Zenodo at https://doi.org/10.5281/zenodo.16874956 .
2025,True,Brain sciences,Exploring the Impact of Robotic Hand Rehabilitation on Functional Recovery in Parkinson's Disease: A Randomized Controlled Trial,10.3390/brainsci15060644,PMC12190367,1,0,zenodo.org/records/15462063,,Data Availability Statement The original data presented in the study are openly available in Zenodo Repository at https://zenodo.org/records/15462063 (accessed on 19 May 2025).
2025,True,European journal of sport science,The Effect of Proximity-To-Failure on Perceptual Responses to Resistance Training,10.1002/ejsc.12266,PMC11832030,1,0,osf.io/34d92,,Data Availability Statement All data and code utilised will be openly available on Open Science Framework: https://osf.io/34d92/ . All data and code utilised will be openly available on Open Science Framework: https://osf.io/34d92/ .
2025,True,European journal of sport science,Isoenergetic Pre-Exercise Meals Varying in Carbohydrate Similarly Affect Resistance Training Volume Performance Compared to Placebo: A Crossover Trial,10.1002/ejsc.12274,PMC11874534,1,0,osf.io/sc2up,,Data Availability Statement The custom‐written R script and associated dataset are available on the Open Science Framework repository (URL: https://osf.io/sc2up/ ). The custom‐written R script and associated dataset are available on the Open Science Framework repository (URL: https://osf.io/sc2up/ ).
2025,True,Cancer,Physical fitness and clinically assessed disease burden in long-term childhood cancer survivors-The SURfit study,10.1002/cncr.70051,PMC12365372,1,0,osf.io/w6j4y,,"Data Availability Statement De‐identified individual participant data that underlie the results reported in this article, statistical programs and data dictionary are available on request to the corresponding author, immediately following publication and without end date, to anyone who provides a sound proposal. The study protocol, statistical analysis plan, patient information, and informed consent forms of the SURfit study are published at the Open Science Framework platform: https://osf.io/w6j4y/ . De‐identified individual participant data that underlie the results reported in this article, statistical programs and data dictionary are available on request to the corresponding author, immediately following publication and without end date, to anyone who provides a sound proposal. The study protocol, statistical analysis plan, patient information, and informed consent forms of the SURfit study are published at the Open Science Framework platform: https://osf.io/w6j4y/ . De‐identified "
2025,True,Nutrients,Early Time-Restricted Eating Improves Weight Loss While Preserving Muscle: An 8-Week Trial in Young Women,10.3390/nu17061022,PMC11945196,1,0,10.5281/zenodo.14885654,,Data Availability Statement The dataset supporting this study is openly available in Zenodo at https://doi.org/10.5281/zenodo.14885654 .
2025,True,Proceedings of the National Academy of Sciences of the ,Exercise intensity and training alter the innate immune cell type and chromosomal origins of circulating cell-free DNA in humans,10.1073/pnas.2406954122,PMC11761974,0,1,,github.com/rodriguesk/phite,"Data, Materials, and Software Availability The methyl-seq BAM files and the code used for processing the sequencing data have been deposited in dbGaP ( 109 ) and on Github ( 110) ), respectively. The dbGaP accession number is phs003873.v1. The Github repository can be accessed at https://github.com/rodriguesk/PHITE ."
2025,True,Nature,Closed-loop vagus nerve stimulation aids recovery from spinal cord injury,10.1038/s41586-025-09028-5,PMC12286844,0,1,,github.com/davepruitt/replay,Data Availability Statement The data collection code is available on GitHub ( https://github.com/davepruitt/RePlay ). All raw data have been included in the Supplementary Information and are available at Open Data Commons for Spinal Cord Injury ( https://odc-sci.org/data/1315 ). The data collection code is available on GitHub ( https://github.com/davepruitt/RePlay ). All raw data have been included in the Supplementary Information and are available at Open Data Commons for Spinal Cord Injury ( https://odc-sci.org/data/1315 ). The data collection code is available on GitHub ( https://github.com/davepruitt/RePlay ). All raw data have been included in the Supplementary Information and are available at Open Data Commons for Spinal Cord Injury ( https://odc-sci.org/data/1315 ).
2024,True,Scientific reports,"Therapeutic effect of knee extension exercise with single-joint hybrid assistive limb following total knee arthroplasty: a prospective, randomized controlled trial",10.1038/s41598-024-53891-7,PMC10873320,1,0,figshare.com/s/fd1b4d146d6751ccd9f6,,Data Availability Statement The datasets generated and/or analyzed during the current study are available on Figshare. The URL is https://figshare.com/s/fd1b4d146d6751ccd9f6 . The DOI is http://doi.org/ 10.6084/m9.figshare.23306126. The datasets generated and/or analyzed during the current study are available on Figshare. The URL is https://figshare.com/s/fd1b4d146d6751ccd9f6 . The DOI is http://doi.org/ 10.6084/m9.figshare.23306126. The datasets generated and/or analyzed during the current study are available on Figshare. The URL is https://figshare.com/s/fd1b4d146d6751ccd9f6 . The DOI is http://doi.org/ 10.6084/m9.figshare.23306126.
2024,True,PloS one,Effectiveness of structured exercise program on insulin resistance and quality of life in type 2 diabetes mellitus-A randomized controlled trial,10.1371/journal.pone.0302831,PMC11108169,1,0,osf.io/b8nv7,,Data Availability Statement All the files are available from the OSF registry database. ( https://osf.io/b8nv7 ). All the files are available from the OSF registry database. ( https://osf.io/b8nv7 ). All the files are available from the OSF registry database. ( https://osf.io/b8nv7 ).
2024,True,PloS one,"Effects of upper thoracic Mulligan mobilization on pain, range of motion and function in patients with mechanical neck pain: A randomized placebo-controlled trial",10.1371/journal.pone.0311206,PMC11516161,1,0,zenodo.org/records/,,The data underlying the results presented in the study are available from ( https://doi.org/10.5281/ zenodo.13270271 and https://zenodo.org/records/ 13270271). The data underlying the results presented in the study are available from ( https://doi.org/10.5281/ zenodo.13270271 and https://zenodo.org/records/ 13270271).
2024,True,PloS one,Effects of combining sensory-motor exercises with transcranial direct current stimulation on cortical processing and clinical symptoms in patients with lumbosacral radiculopathy: An exploratory random,10.1371/journal.pone.0314361,PMC11658635,1,0,10.5061/dryad.qz612jmr8,,Data relevant to this study are available from Dryad at https://doi.org/10.5061/dryad.qz612jmr8 . Data relevant to this study are available from Dryad at https://doi.org/10.5061/dryad.qz612jmr8 .
2024,True,Scientific reports,Effectiveness of novel facial stretching with structured exercise versus conventional exercise for Bell's palsy: a single-blinded randomized clinical trial,10.1038/s41598-024-64046-z,PMC11164989,1,0,osf.io/uvw89,,Data availability Data sheet and appendix are available from 10.17605/OSF.IO/UVW89.
2024,True,"Healthcare (Basel, Switzerland)",Pilot Randomized Controlled Trial of <i>Lymfit</i>: A Theory-Guided Exercise Intervention for Young Adults with Lymphoma,10.3390/healthcare12111101,PMC11171874,1,0,osf.io/n5abk,,Data Availability Statement The original data presented in the study are openly available in the OSF data depository at doi: 10.17605/OSF.IO/N5ABK. The original data presented in the study are openly available in the OSF data depository at doi: 10.17605/OSF.IO/N5ABK. The original data presented in the study are openly available in the OSF data depository at doi: 10.17605/OSF.IO/N5ABK.
2024,True,Journal of neuroengineering and rehabilitation,Effects of anodal tDCS on resting state eeg power and motor function in acute stroke: a randomized controlled trial,10.1186/s12984-023-01300-x,PMC10765911,1,0,osf.io/5rmjc,,Data Availability Statement The datasets analyzed during the current study are available in the OSF platform ( https://osf.io/5rmjc/ ). The datasets analyzed during the current study are available in the OSF platform ( https://osf.io/5rmjc/ ). The datasets analyzed during the current study are available in the OSF platform ( https://osf.io/5rmjc/ ).
2024,True,Nature medicine,"Supervised, structured and individualized exercise in metastatic breast cancer: a randomized controlled trial",10.1038/s41591-024-03143-y,PMC11485212,0,1,,github.com/anoukhiensch/preferable-effect.git,"Data Availability Statement The data that support the findings of this study are not yet openly available owing to reasons of confidentiality. Researchers can request current data from the corresponding author (a.m.may@umcutrecht.nl). Pseudonymized data (including data dictionaries) will be made available through the Digital Research Environment, which is a trusted digital research environment that can be accessed at https://mydre.org . This will be carried out after the review and approval of a methodologically sound proposal by the General Assembly of PREFERABLE, with a signed data access agreement, which is in line with Ethics Committee requirements (The Ethics Committee of University Medical Center Utrecht, The Netherlands). Requests will be processed within 6 weeks. These files will be available from the date of publication until the date stated in the approved request. Once the PREFERABLE project has been fully completed, the database will be anonymized and shared using Dataverse"
2024,True,European journal of applied physiology,Glucose ingestion before and after resistance training sessions does not augment ribosome biogenesis in healthy moderately trained young adults,10.1007/s00421-024-05446-x,PMC11322406,0,1,,github.com/kristianlian/ribose-paper,Data availability The datasets generated during and analysed during the current study are available in the “ribose-paper” repository; https://github.com/Kristianlian/ribose-paper
2024,True,Nutrients,Placebo Effect of Caffeine on Physiological Parameters and Physical Performance,10.3390/nu16101405,PMC11123970,1,0,10.5281/zenodo.10824782,,Data Availability Statement The data presented in this study are available in Zenodo at DOI: 10.5281/zenodo.10824782. The data presented in this study are available in Zenodo at DOI: 10.5281/zenodo.10824782. The data presented in this study are available in Zenodo at DOI: 10.5281/zenodo.10824782.
2024,True,PeerJ,Gaining more from doing less? The effects of a one-week deload period during supervised resistance training on muscular adaptations,10.7717/peerj.16777,PMC10809978,1,0,osf.io/kdgv3,,"The following information was supplied regarding data availability: The data and supplementary material are available at Open Science Framework: Schoenfeld, Brad J. 2023. “The Effects of a One-Week Deload Period during Regimented Resistance Training on Muscular Adaptations.” OSF. December 21. doi: 10.17605/OSF.IO/KDGV3 ."
2024,True,European journal of applied physiology,Eight weeks of high-intensity interval training versus stretching do not change the psychoneuroendocrine response to a social stress test in emotionally impulsive humans,10.1007/s00421-024-05471-w,PMC11467018,1,0,osf.io/eu4zt,,"Data availability The datasets (for the univariate analyses + correlations of Δ values, and for the correlations of stress markers at T0) are provided in Supplementary Materials B and C and can be accessed with the following link https://osf.io/eu4zt/ ."
2023,True,International journal of environmental research and pub,Comparison of Single and Combined Treatment with Exercise Therapy and Collagen Supplementation on Early Knee Arthritis among Athletes-A Quasi-Randomized Trial,10.3390/ijerph20237088,PMC10706409,1,0,osf.io/v6y9p,,Data Availability Statement Available on OSF–DOI 10.17605/OSF.IO/V6Y9P.
2023,True,Journal of orthopaedic surgery and research,A clinical model to predict the progression of knee osteoarthritis: data from Dryad,10.1186/s13018-023-04118-4,PMC10464113,1,0,10.5061/dryad.79cnp5htv,,"Data Availability Statement The data that support the findings of this study are available in Dryad at 10.5061/dryad.79cnp5htv, reference number: 10.5061/dryad.79cnp5htv. These data were derived from the following resources available in the public domain: Goel, Sagar (2021), Assessment of cardiovascular risk factors in patients with Knee Osteoarthritis, Dryad, Dataset, 10.5061/dryad.79cnp5htv. The data that support the findings of this study are available in Dryad at 10.5061/dryad.79cnp5htv, reference number: 10.5061/dryad.79cnp5htv. These data were derived from the following resources available in the public domain: Goel, Sagar (2021), Assessment of cardiovascular risk factors in patients with Knee Osteoarthritis, Dryad, Dataset, 10.5061/dryad.79cnp5htv. The data that support the findings of this study are available in Dryad at 10.5061/dryad.79cnp5htv, reference number: 10.5061/dryad.79cnp5htv. These data were derived from the following resources available in the public domain: Goel, "
2023,True,BMC medical research methodology,"Comparison of Bayesian Networks, G-estimation and linear models to estimate causal treatment effects in aggregated N-of-1 trials with carry-over effects",10.1186/s12874-023-02012-5,PMC10440905,0,2,,github.com/hialab/cinof1 | github.com/hialab/sinot,Availability of data and materials The data sets generated and analysed during the current study are available in the HIAlab/sinot repository at github.com/HIAlab/sinot . The R code and Python code used for the analysis in this study is available at GitHub: \documentclass[12pt]{minimal} \usepackage{amsmath} \usepackage{wasysym} \usepackage{amsfonts} \usepackage{amssymb} \usepackage{amsbsy} \usepackage{mathrsfs} \usepackage{upgreek} \setlength{\oddsidemargin}{-69pt} \begin{document}$$\bullet$$\end{document} ∙ R package for the statistical analysis: github.com/HIAlab/cinof1 \documentclass[12pt]{minimal} \usepackage{amsmath} \usepackage{wasysym} \usepackage{amsfonts} \usepackage{amssymb} \usepackage{amsbsy} \usepackage{mathrsfs} \usepackage{upgreek} \setlength{\oddsidemargin}{-69pt} \begin{document}$$\bullet$$\end{document} ∙ Python package for the data simulation: github.com/HIAlab/sinot
2023,True,BMC medicine,The effects of creatine supplementation on cognitive performance-a randomised controlled study,10.1186/s12916-023-03146-5,PMC10647179,1,0,osf.io/xpwkc,,"Data Availability Statement The appendix, protocol, data, code, and output of this study are openly available at the Open Science Framework, https://osf.io/xpwkc/ . The appendix, protocol, data, code, and output of this study are openly available at the Open Science Framework, https://osf.io/xpwkc/ . The appendix, protocol, data, code, and output of this study are openly available at the Open Science Framework, https://osf.io/xpwkc/ ."
2022,True,PloS one,"The effect of mindfulness on the inflammatory, psychological and biomechanical domains of adult patients with low back pain: A randomized controlled clinical trial",10.1371/journal.pone.0276734,PMC9645607,1,1,10.5281/zenodo.6793420,github.com/nirakara-lab/rct_minfulness_chronic_back_pain,"The study database is available at GitHub: https://github.com/nirakara-lab/RCT_Minfulness_Chronic_Back_Pain . A DOI link has been created in zenodo: https://doi.org/10.5281/zenodo.6793420 . In the supplementary materials, the exercises and the study variables have been fully described. Additional information requests should be directed to the following institutional address: University Institute of Regenerative Medicine and Oral Implantology - UIRMI (UPV/EHU-Fundacion Eduardo Anitua) C/ José Maria Cagigal, 19, 01007 Vitoria, Spain. Tel.: +34 945160653. Fax.: +34 945 158 934. Email: virginia.cuadrado@bti-implant.es . The conducted research was not preregistered with an analysis plan in an independent, institutional registry. The study database is available at GitHub: https://github.com/nirakara-lab/RCT_Minfulness_Chronic_Back_Pain . A DOI link has been created in zenodo: https://doi.org/10.5281/zenodo.6793420 . In the supplementary materials, the exercises and the study variables have b"
2022,True,PloS one,Ultrasound-guided dry needling versus traditional dry needling for patients with knee osteoarthritis: A double-blind randomized controlled trial,10.1371/journal.pone.0274990,PMC9524650,1,0,osf.io/sa7ym,,Data Availability Statement The authors confirm that all data supporting the findings of this study and raw data can be accessed in the following data repository: https://osf.io/sa7ym/ . The exercise programme is published adherence to the TIDieR guide: http://www.tidierguide.org/#/gen/dHUwKw-7u . The authors confirm that all data supporting the findings of this study and raw data can be accessed in the following data repository: https://osf.io/sa7ym/ . The exercise programme is published adherence to the TIDieR guide: http://www.tidierguide.org/#/gen/dHUwKw-7u . The authors confirm that all data supporting the findings of this study and raw data can be accessed in the following data repository: https://osf.io/sa7ym/ . The exercise programme is published adherence to the TIDieR guide: http://www.tidierguide.org/#/gen/dHUwKw-7u .
2022,True,BMC musculoskeletal disorders,Patients' and clinicians' experiences with stratified exercise therapy in knee osteoarthritis: a qualitative study,10.1186/s12891-022-05496-2,PMC9178540,1,0,osf.io/x3p94,,Availability of data and materials The research protocol of the trial is accessible at the Netherlands National Trial Register ( https://www.trialregister.nl/trial/7463 ) and Open Science Framework ( https://osf.io/x3p94/ ). The datasets used and/or analysed during the current study available from the corresponding author on reasonable request.
2022,True,PloS one,Understanding how individualised physiotherapy or advice altered different elements of disability for people with low back pain using network analysis,10.1371/journal.pone.0263574,PMC8830646,1,0,10.5281/zenodo.5902763,,All codes and results can be found on Zenodo (DOI: 10.5281/zenodo.5902763 ). All codes and results can be found on Zenodo (DOI: 10.5281/zenodo.5902763 ).
2022,True,PloS one,Dependence of learning outcomes in flipped and lecture classrooms on review questions: A randomized controlled trial and observational study,10.1371/journal.pone.0279296,PMC9762591,1,0,osf.io/qw4x9,,The minimal anonymized data sets necessary to replicate our study findings are available at the following URL: https://osf.io/qw4x9/ . The minimal anonymized data sets necessary to replicate our study findings are available at the following URL: https://osf.io/qw4x9/ .
2022,True,PloS one,A comparison of psychological characteristics in people with knee osteoarthritis from Japan and Australia: A cross-sectional study,10.1371/journal.pone.0267877,PMC9070885,1,0,osf.io/8fzs7,,Data Availability Statement The dataset file is available from the Open Science Framework database (URL: https://osf.io/8fzs7/ ). The dataset file is available from the Open Science Framework database (URL: https://osf.io/8fzs7/ ). The dataset file is available from the Open Science Framework database (URL: https://osf.io/8fzs7/ ).
2022,True,Thorax,A telerehabilitation programme in post-discharge COVID-19 patients (TERECO): a randomised controlled trial,10.1136/thoraxjnl-2021-217382,PMC8318721,1,0,10.5061/dryad.59zw3r27n,,"Data Availability Statement Anonymised patient-level data on which the analysis, results and conclusions reported in this paper are based are available as Dryad dataset. Reinhardt, Jan D. (2021), Telerehabilitation program for COVID-19 survivors (TERECO) - randomized controlled trial, Dryad, Dataset, https://doi.org/10.5061/dryad.59zw3r27n Anonymised patient-level data on which the analysis, results and conclusions reported in this paper are based are available as Dryad dataset. Reinhardt, Jan D. (2021), Telerehabilitation program for COVID-19 survivors (TERECO) - randomized controlled trial, Dryad, Dataset, https://doi.org/10.5061/dryad.59zw3r27n Anonymised patient-level data on which the analysis, results and conclusions reported in this paper are based are available as Dryad dataset. Reinhardt, Jan D. (2021), Telerehabilitation program for COVID-19 survivors (TERECO) - randomized controlled trial, Dryad, Dataset, https://doi.org/10.5061/dryad.59zw3r27n"
2022,True,F1000Research,Effect of Antigravity Treadmill Training on Gait and Balance in Patients with Diabetic Polyneuropathy: A Randomized Controlled Trial,10.12688/f1000research.75806.3,PMC9763767,4,0,figshare.com/s/10ee7a9d111b2c4487ee | figshare.com/s/15128a129f514ba02d92 | figshare.com/s/197dc8c07d05380056ea,,Data availability Underlying data Figshare: Underlying data for ‘Effects of antigravity treadmill training on gait and balance in patients with diabetic polyneuropathy: A randomized controlled trial’. The project contains the following underlying data: • Demographic characteristics raw data: https://figshare.com/s/2990d265a8bea78e4c27 DOI: 10.6084/m9.figshare.17053808 • Gait parameters and postural stability: https://figshare.com/s/197dc8c07d05380056ea DOI: 10.6084/m9.figshare.17054036 • Flow chart of the study: https://figshare.com/s/15128a129f514ba02d92 DOI: 10.6084/m9.figshare.17054045 • Tables: https://figshare.com/s/10ee7a9d111b2c4487ee DOI: 10.6084/m9.figshare.17054057
2022,True,BMJ open,Influence of the statistical significance of results and spin on readers' interpretation of the results in an abstract for a hypothetical clinical trial: a randomised trial,10.1136/bmjopen-2021-056503,PMC8996040,1,0,10.5061/dryad.0cfxpnw2z,,"Data availability statement Data are available in a public, open access repository. Extra data can be accessed via the Dryad data repository at http://datadryad.org/ with the doi: 10.5061/dryad.0cfxpnw2z. Data are available in a public, open access repository. Extra data can be accessed via the Dryad data repository at http://datadryad.org/ with the doi: 10.5061/dryad.0cfxpnw2z."
2022,True,PloS one,Do patients' pre-treatment expectations about acupuncture effectiveness predict treatment outcome in patients with chronic low back pain? A secondary analysis of data from a randomised controlled clin,10.1371/journal.pone.0268646,PMC9122231,1,0,osf.io/rhju3,,Data Availability Statement We will upload our data on OSF and provide the relevant data once the paper is accepted. We already created a link to OSF where the data will be then uploaded. https://osf.io/rhju3/?view_only=f16351c3ecb44dc5a22043df8429196f . We will upload our data on OSF and provide the relevant data once the paper is accepted. We already created a link to OSF where the data will be then uploaded. https://osf.io/rhju3/?view_only=f16351c3ecb44dc5a22043df8429196f . We will upload our data on OSF and provide the relevant data once the paper is accepted. We already created a link to OSF where the data will be then uploaded. https://osf.io/rhju3/?view_only=f16351c3ecb44dc5a22043df8429196f .
2022,True,Nature communications,A randomized controlled trial for response of microbiome network to exercise and diet intervention in patients with nonalcoholic fatty liver disease,10.1038/s41467-022-29968-0,PMC9091228,0,1,,github.com/crtsjtu/aelc,Data availability The study protocol has been published previously (10.1186/1471-2458-14-48). The raw Illumina sequence data including 16 s rRNA sequence and metagenomics generated in this study have been deposited to the NCBI database under BioProject accession no. PRJNA757939 ( https://www.ncbi.nlm.nih.gov/bioproject/?term=PRJNA757939 ). The data is available for academic use under controlled access in compliance with the regulation of the Ministry of Science and Technology (MOST) of China for the deposit and use of human genomic data. All individual de-identified participant data that support the findings of this study are available from the corresponding author upon reasonable request based on the rule of data protection and consent. The access to the controlled data will be valid for one year from the time of the data accessibility approved. The processed data are available within the Source Data file. Code availability Codes used for computing population and individual networks a
2022,True,Frontiers in bioengineering and biotechnology,Effects of Foot-Core Training on Foot-Ankle Kinematics and Running Kinetics in Runners: Secondary Outcomes From a Randomized Controlled Trial,10.3389/fbioe.2022.890428,PMC9046605,1,0,figshare.com/search,,Data Availability Statement The original contributions presented in the study are publicly available. This data can be found here: https://figshare.com/search?q =10.6084%2Fm9.figshare.13484715. The original contributions presented in the study are publicly available. This data can be found here: https://figshare.com/search?q =10.6084%2Fm9.figshare.13484715. The original contributions presented in the study are publicly available. This data can be found here: https://figshare.com/search?q =10.6084%2Fm9.figshare.13484715.
2022,True,PloS one,Loaded inter-set stretch may selectively enhance muscular adaptations of the plantar flexors,10.1371/journal.pone.0273451,PMC9436038,1,0,osf.io/mtw6q,,Data Availability Statement The data for this study are available from the OSF preregistration page ( https://osf.io/mtw6q ). The data for this study are available from the OSF preregistration page ( https://osf.io/mtw6q ). The data for this study are available from the OSF preregistration page ( https://osf.io/mtw6q ).
2021,True,International journal of environmental research and pub,Effects of the Manual Therapy Approach of Segments C0-1 and C2-3 in the Flexion-Rotation Test in Patients with Chronic Neck Pain: A Randomized Controlled Trial,10.3390/ijerph18020753,PMC7829773,1,0,dataverse.harvard.edu/dataset.xhtml,,Data Availability Statement You can find all the data from this study in the “HARVARD Dataverse” using the following link: https://dataverse.harvard.edu/dataset.xhtml?persistentId=doi:10.7910/DVN/XYOQDR&amp;version=DRAFT . You can find all the data from this study in the “HARVARD Dataverse” using the following link: https://dataverse.harvard.edu/dataset.xhtml?persistentId=doi:10.7910/DVN/XYOQDR&amp;version=DRAFT . You can find all the data from this study in the “HARVARD Dataverse” using the following link: https://dataverse.harvard.edu/dataset.xhtml?persistentId=doi:10.7910/DVN/XYOQDR&amp;version=DRAFT .
2021,True,PloS one,Home-based exercise for people living with frailty and chronic kidney disease: A mixed-methods pilot randomised controlled trial,10.1371/journal.pone.0251652,PMC8248609,1,0,10.5061/dryad.3ffbg79hp,,The anonymised data set files are available from Dryad (DOI: 10.5061/dryad.3ffbg79hp ). The anonymised data set files are available from Dryad (DOI: 10.5061/dryad.3ffbg79hp ).
2021,True,PLoS medicine,"Impact of assessment and intervention by a health and social care professional team in the emergency department on the quality, safety, and clinical effectiveness of care for older adults: A randomise",10.1371/journal.pmed.1003711,PMC8318294,1,0,osf.io/5wpjm,,Data Availability Statement The data used in this study are available on the Open Science Framework at the public link https://osf.io/5wpjm/ . The data used in this study are available on the Open Science Framework at the public link https://osf.io/5wpjm/ . The data used in this study are available on the Open Science Framework at the public link https://osf.io/5wpjm/ .
2021,True,PloS one,The SIMAC study: A randomized controlled trial to compare the effects of resistance training and aerobic training on the fitness and body composition of Colombian adolescents,10.1371/journal.pone.0248110,PMC8057582,1,0,10.5061/dryad.bk3j9kd9q,,The data underlying this study are publicly available at the Dryad repository: https://doi.org/10.5061/dryad.bk3j9kd9q The data underlying this study are publicly available at the Dryad repository: https://doi.org/10.5061/dryad.bk3j9kd9q
2021,True,BMJ (Clinical research ed.),E-health StandingTall balance exercise for fall prevention in older people: results of a two year randomised controlled trial,10.1136/bmj.n740,PMC8022322,1,0,osf.io/42gje,,Data Availability Statement Deidentified participant data may be accessed by researchers who provide a methodologically sound proposal. Proposals should be directed to KD (k.delbaere@neura.edu.au) and data are available from the date of publication of this article. The study protocol is available as a free access publication 8 and the statistical analysis plan is available on OpenScience framework ( https://osf.io/42gje/ ). Deidentified participant data may be accessed by researchers who provide a methodologically sound proposal. Proposals should be directed to KD (k.delbaere@neura.edu.au) and data are available from the date of publication of this article. The study protocol is available as a free access publication 8 and the statistical analysis plan is available on OpenScience framework ( https://osf.io/42gje/ ). Deidentified participant data may be accessed by researchers who provide a methodologically sound proposal. Proposals should be directed to KD (k.delbaere@neura.edu.au) and
2021,True,Proceedings of the National Academy of Sciences of the ,Critical Period After Stroke Study (CPASS): A phase II clinical trial testing an optimal time for motor recovery after stroke in humans,10.1073/pnas.2026676118,PMC8488696,1,0,osf.io/wrk3x,,"Data Availability Anonymized data have been deposited in Open Science Framework ( https://osf.io/wrk3x/ ). To observe HIPAA protections for human subject information, click to request access to the dataset. Access will be granted by the corresponding author. Anonymized data have been deposited in Open Science Framework ( https://osf.io/wrk3x/ ). To observe HIPAA protections for human subject information, click to request access to the dataset. Access will be granted by the corresponding author."
2021,True,International journal of environmental research and pub,Effects of a Rehabilitation Programme Using a Nasal Inspiratory Restriction Device in COPD,10.3390/ijerph18084207,PMC8071399,0,1,,github.com/jorgedelro/copd,Data Availability Statement The dataset analyzed in this study can be found in https://github.com/JorgeDelro/COPD (accessed on 7 January 2021).
2021,True,Journal of clinical medicine,"Effectiveness of Moderate-Intensity Aerobic Water Exercise during Pregnancy on Quality of Life and Postpartum Depression: A Multi-Center, Randomized Controlled Trial",10.3390/jcm10112432,PMC8198819,1,0,10.5281/zenodo.3580637,,Data Availability Statement Data presented in this study are available on request from the corresponding author. An anonymized minimal dataset is available ( https://doi.org/10.5281/zenodo.3580637 ).
2021,True,PloS one,Effect of an inverted seated position with upper arm blood flow restriction on measures of elbow flexors neuromuscular performance,10.1371/journal.pone.0245311,PMC8133415,1,0,osf.io/tzm4b,,Data Availability Statement All data is available from the Open Science Framework (DOI: 10.17605/OSF.IO/TZM4B ). All data is available from the Open Science Framework (DOI: 10.17605/OSF.IO/TZM4B ). All data is available from the Open Science Framework (DOI: 10.17605/OSF.IO/TZM4B ).
2021,True,Health expectations : an international journal of publi,The impact of a physician's recommendation and gender on informed decision making: A randomized controlled study in a simulated decision situation,10.1111/hex.13161,PMC8077152,1,0,osf.io/y467e,,Data Availability Statement The data that support the findings of this study are available from osf.io/y467e. 55 The data that support the findings of this study are available from osf.io/y467e. 55 The data that support the findings of this study are available from osf.io/y467e. 55
2020,True,Physiotherapy research international : the journal for ,Stratified exercise therapy compared with usual care by physical therapists in patients with knee osteoarthritis: A randomized controlled trial protocol (OCTOPuS study),10.1002/pri.1819,PMC7187154,2,0,dataverse.nl/dataverse/beta | osf.io/x3p94,,Data Availability Statement The datasets generated and/or analysed during the current study will be available in the Dataverse repository ( https://dataverse.nl/dataverse/BETA ). The research protocol is accessible at the Netherlands National Trial Register ( https://www.trialregister.nl/trial/7463 ) and Open Science Framework ( https://osf.io/x3p94/ ). The datasets generated and/or analysed during the current study will be available in the Dataverse repository ( https://dataverse.nl/dataverse/BETA ). The research protocol is accessible at the Netherlands National Trial Register ( https://www.trialregister.nl/trial/7463 ) and Open Science Framework ( https://osf.io/x3p94/ ). The datasets generated and/or analysed during the current study will be available in the Dataverse repository ( https://dataverse.nl/dataverse/BETA ). The research protocol is accessible at the Netherlands National Trial Register ( https://www.trialregister.nl/trial/7463 ) and Open Science Framework ( https://osf.i
2020,True,BMJ open,Can an online exercise prescription tool improve adherence to home exercise programmes in children with cerebral palsy and other neurodevelopmental disabilities? A randomised controlled trial,10.1136/bmjopen-2020-040108,PMC7757494,1,0,osf.io/7m3ta,,"De-identified data are available upon request from the corresponding author ( rowan.johnson@postgrad.curtin.edu.au ), noting that requestors will need to sign a data access agreement. The study protocol is available online (see https://osf.io/7m3ta/ )."
2020,True,PloS one,"An age-adapted plyometric exercise program improves dynamic strength, jump performance and functional capacity in older men either similarly or more than traditional resistance training",10.1371/journal.pone.0237921,PMC7447006,1,0,osf.io/fqph4,,All data files are available at https://osf.io/fqph4/ . All data files are available at https://osf.io/fqph4/ .
2019,True,PloS one,Evaluation of the clinical effectiveness of a work-based mentoring programme to develop clinical reasoning on patient outcome: A stepped wedge cluster randomised controlled trial,10.1371/journal.pone.0220110,PMC6668791,1,0,figshare.com/s/cbd137213b638b69a2d0,,Data Availability Statement All data files are available from the figshare database ( https://figshare.com/s/cbd137213b638b69a2d0 ). All data files are available from the figshare database ( https://figshare.com/s/cbd137213b638b69a2d0 ). All data files are available from the figshare database ( https://figshare.com/s/cbd137213b638b69a2d0 ).
2019,True,PLoS medicine,The Fear Reduction Exercised Early (FREE) approach to management of low back pain in general practice: A pragmatic cluster-randomised controlled trial,10.1371/journal.pmed.1002897,PMC6733445,2,0,10.5061/dryad.4t375b2 | datadryad.org/review,,Data Availability Statement Data are deposited in the Dryad repository: https://datadryad.org/review?doi=doi:10.5061/dryad.4t375b2 Data are deposited in the Dryad repository: https://datadryad.org/review?doi=doi:10.5061/dryad.4t375b2 Data are deposited in the Dryad repository: https://datadryad.org/review?doi=doi:10.5061/dryad.4t375b2
2019,True,BMJ open,"Effects of supervised exercise training during pregnancy on psychological well-being among overweight and obese women: secondary analyses of the ETIP-trial, a randomised controlled trial",10.1136/bmjopen-2018-028252,PMC6886967,1,0,10.5061/dryad.pvmcvdng6,,"Data file are being available in Dryad, doi:10.5061/dryad.pvmcvdng6."
2017,True,PloS one,The effects of d-aspartic acid supplementation in resistance-trained men over a three month training period: A randomised controlled trial,10.1371/journal.pone.0182630,PMC5571970,1,0,figshare.com/articles/the_effects_of_d-aspartic_acid_supplementation_in_resistance-trained_men_over_a_three_month_training_period/5280592,,Data Availability Statement The study was approved by the Western Sydney University Human Research Ethics Committee and data are ethically restricted to statistical reporting for reasons relating to patient privacy. Relevant data can be found in the Figshare Repository at the following URL: https://figshare.com/articles/The_effects_of_d-aspartic_acid_supplementation_in_resistance-trained_men_over_a_three_month_training_period/5280592 . The DOI is 10.6084/m9.figshare.5280592 . The study was approved by the Western Sydney University Human Research Ethics Committee and data are ethically restricted to statistical reporting for reasons relating to patient privacy. Relevant data can be found in the Figshare Repository at the following URL: https://figshare.com/articles/The_effects_of_d-aspartic_acid_supplementation_in_resistance-trained_men_over_a_three_month_training_period/5280592 . The DOI is 10.6084/m9.figshare.5280592 . The study was approved by the Western Sydney University Human Rese
2017,True,PloS one,Can group-based reassuring information alter low back pain behavior? A cluster-randomized controlled trial,10.1371/journal.pone.0172003,PMC5367686,1,0,figshare.com/articles/data_rct_pf_xlsx/4506164,,"I have now signed in at Figshare and published a data file with the data used to produce our results available to all. By following this URL, you will find the data set: https://figshare.com/articles/Data_RCT_PF_xlsx/4506164 . I have now signed in at Figshare and published a data file with the data used to produce our results available to all. By following this URL, you will find the data set: https://figshare.com/articles/Data_RCT_PF_xlsx/4506164 ."
2017,True,BMC musculoskeletal disorders,Predicting outcome in frozen shoulder (shoulder capsulitis) in presence of comorbidity as measured with subjective health complaints and neuroticism,10.1186/s12891-017-1740-9,PMC5581414,1,0,osf.io/a4ba9,,Link for anonymized data https://osf.io/a4ba9/files/.
2016,True,PloS one,Early Sitting in Ischemic Stroke Patients (SEVEL): A Randomized Controlled Trial,10.1371/journal.pone.0149466,PMC4811411,1,0,10.5061/dryad.jh15q,,Data Availability Statement All relevant data are available from Dryad with the following DOI: doi: 10.5061/dryad.jh15q . All relevant data are available from Dryad with the following DOI: doi: 10.5061/dryad.jh15q . All relevant data are available from Dryad with the following DOI: doi: 10.5061/dryad.jh15q .
2016,True,BMC musculoskeletal disorders,"Adhesive capsulitis of the shoulder, treatment with corticosteroid, corticosteroid with distension or treatment-as-usual; a randomised controlled trial in primary care",10.1186/s12891-016-1081-0,PMC4880881,1,0,osf.io/4xvru,,The clinical raw data file is available at: https://osf.io/4xvru/ .
2016,True,BMC veterinary research,Effect of intralesional platelet-rich plasma (PRP) treatment on clinical and ultrasonographic parameters in equine naturally occurring superficial digital flexor tendinopathies - a randomized prospect,10.1186/s12917-016-0826-1,PMC5015224,1,0,figshare.com/s/908fa4cad9e0ee828371,,"The datasets supporting the conclusions of this article are available in the figshare repository, https://figshare.com/s/908fa4cad9e0ee828371 ."
2016,True,Journal of the International Society of Sports Nutritio,"The effects of phosphatidic acid supplementation on strength, body composition, muscular endurance, power, agility, and vertical jump in resistance trained men",10.1186/s12970-016-0135-x,PMC4891923,1,0,osf.io/6zecp,,Raw data can for this manuscript can be found at https://osf.io/6zecp/ .
2015,True,PloS one,A 12-Week Exercise Program for Pregnant Women with Obesity to Improve Physical Activity Levels: An Open Randomised Preliminary Study,10.1371/journal.pone.0137742,PMC4573757,1,0,10.5061/dryad.87f03,,"Data Availability Statement Data from the ""Inter GO FIT"" study are available from the Dryad Digital Repository (URL http://dx.doi.org/10.5061/dryad.87f03 ). Data from the ""Inter GO FIT"" study are available from the Dryad Digital Repository (URL http://dx.doi.org/10.5061/dryad.87f03 ). Data from the ""Inter GO FIT"" study are available from the Dryad Digital Repository (URL http://dx.doi.org/10.5061/dryad.87f03 )."
2015,True,PloS one,Musculoskeletal Pain as a Marker of Health Quality. Findings from the Epidemiological Sleep Study among the Adult Population of São Paulo City,10.1371/journal.pone.0142726,PMC4657923,1,0,10.5061/dryad.2gd62,,"Data are from the epidemiological cohort entitled “Epidemiology of Sleep Disturbances Among the Adult Population of the Sao Paulo City”, which is registered at ClinicalTrials.gov as NCT00596713 . Repository information for data at doi: 10.5061/dryad.2gd62 . Data are from the epidemiological cohort entitled “Epidemiology of Sleep Disturbances Among the Adult Population of the Sao Paulo City”, which is registered at ClinicalTrials.gov as NCT00596713 . Repository information for data at doi: 10.5061/dryad.2gd62 ."
2026,False,The South African journal of physiotherapy,Shoulder pain in amateur fast bowlers: A case example illustrating opportunities to embed prevention in undergraduate physiotherapy education,10.4102/sajp.v82i2.2304,PMC13149676,1,0,figshare.com/s/e064dd01738496711647,,"Data Availability Statement The data that support the findings of this study are openly available in the FigShare repository of the University of Pretoria at https://figshare.com/s/e064dd01738496711647 , reference number: https://doi.org/10.25403/UPresearchdata.30145819 . The data that support the findings of this study are openly available in the FigShare repository of the University of Pretoria at https://figshare.com/s/e064dd01738496711647 , reference number: https://doi.org/10.25403/UPresearchdata.30145819 . The data that support the findings of this study are openly available in the FigShare repository of the University of Pretoria at https://figshare.com/s/e064dd01738496711647 , reference number: https://doi.org/10.25403/UPresearchdata.30145819 ."
2026,False,Communications medicine,Increased physical performance after personalised physiotherapy and nutritional counselling in adults with post-COVID-19 condition: a feasibility randomised trial,10.1038/s43856-026-01486-w,PMC13076858,1,0,osf.io/86jvu,,"Data availability The minimal, de-identified individual participant data sufficient to support the findings of this article is available for non-commercial research purposes upon reasonable request to the corresponding author (E.D.W.), after approval by the Belgian Health Care Knowledge Centre and in compliance with applicable data protection regulations. The numerical results underlying the Figs. 2 – 5 and Supplementary Figs. 1 – 4 are available through Open Science Framework (OSF) at 10.17605/OSF.IO/86JVU 130 under a Creative Commons Attribution–Non-commercial 4.0 International License (CC BY-NC 4.0). Code availability The code for Figs. 2 – 5 and Supplementary Figs. 1 – 4 , are available through OSF at 10.17605/OSF.IO/86JVU 130 under a Creative Commons Attribution–Non-commercial 4.0 International License (CC BY-NC 4.0)."
2026,False,PloS one,Non-immersive virtual reality telerehabilitation for motor accuracy and precision in individuals with Cerebral Palsy: A non-randomized clinical trial,10.1371/journal.pone.0343934,PMC12987460,1,0,10.5281/zenodo.17468973,,"Data Availability Statement All data from this research are publicly available. Silva PL, Valenzuela EJ, Martinez JP, Silva-Magalhães TD, Moraes IAP, Dawes H, Dias ED, Monteiro CBM. Dataset for Non-immersive virtual reality as a telerehabilitation protocol on precision and accuracy performance in individuals with cerebral palsy: a non-randomized controlled clinical trial, Zenodo.2025; V1. https://doi.org/10.5281/zenodo.17468973 . All data from this research are publicly available. Silva PL, Valenzuela EJ, Martinez JP, Silva-Magalhães TD, Moraes IAP, Dawes H, Dias ED, Monteiro CBM. Dataset for Non-immersive virtual reality as a telerehabilitation protocol on precision and accuracy performance in individuals with cerebral palsy: a non-randomized controlled clinical trial, Zenodo.2025; V1. https://doi.org/10.5281/zenodo.17468973 . All data from this research are publicly available. Silva PL, Valenzuela EJ, Martinez JP, Silva-Magalhães TD, Moraes IAP, Dawes H, Dias ED, Monteiro CBM. Datase"
2026,False,"Sensors (Basel, Switzerland)",Robot-Assisted Gait Training Combined with Conventional Physiotherapy in Postoperative Patients with Diplegic Cerebral Palsy: A Pilot Single Cohort Observational Study,10.3390/s26051438,PMC12987000,1,0,10.5281/zenodo.15083648,,Data Availability Statement The data that support the findings of this study are openly available as of the date of publication on Zenodo at https://doi.org/10.5281/zenodo.15083648 (accessed on 25 March 2025). The data that support the findings of this study are openly available as of the date of publication on Zenodo at https://doi.org/10.5281/zenodo.15083648 (accessed on 25 March 2025). The data that support the findings of this study are openly available as of the date of publication on Zenodo at https://doi.org/10.5281/zenodo.15083648 (accessed on 25 March 2025).
2026,False,Chronic respiratory disease,The characteristics of people with COPD who enrol in home-based pulmonary rehabilitation versus centre-based pulmonary rehabilitation: A nationwide cross-sectional study,10.1177/14799731261431253,PMC12966549,0,1,,github.com/nhli-respiratory-epi/home_based_centre_based_pr,Data Availability Statement Data may be obtained from a third party and are not publicly available. Data collected on behalf of Healthcare Quality Improvement Partnership (HQIP) by all National Clinical Audit and Patient Outcomes Programme (NCAPOP) projects are routinely reported at an aggregate level and these reports are available in the resources section of the HQIP website ( https://www.hqip.org.uk/resources/ ). The reported data are also placed on the data.gov.uk website. The R scripts used to perform the analysis can be found at https://github.com/NHLI-Respiratory-Epi/home_based_centre_based_PR . Data may be obtained from a third party and are not publicly available. Data collected on behalf of Healthcare Quality Improvement Partnership (HQIP) by all National Clinical Audit and Patient Outcomes Programme (NCAPOP) projects are routinely reported at an aggregate level and these reports are available in the resources section of the HQIP website ( https://www.hqip.org.uk/resources/ )
2026,False,Health economics review,Cost-effectiveness analysis of intensive and emerging rehabilitation therapies in children with cerebral palsy: an observational cohort study using real-world evidence and microsimulation modelling,10.1186/s13561-026-00768-2,PMC13177883,0,1,,github.com/diana-mnd1996/microsimulation-cerebralpalsy,"Data Availability Statement Data from this study are available upon special and justified request through the lead author to the institution holding the data (Hospital Universitario de Navarra). This process is need because anonymized records for individual patients across more than one data source external to EPCINA cannot, and should not, be linked owing to a potential increase in risk of patient re-identification. A full version of the R codes used for each microsimulation decision model can be found in Supplementary material appendices and on GitHub. All the code together can be found in this README file: https://github.com/Diana-MND1996/microsimulation-cerebralpalsy/blob/f9d1942caa610a9020bbb943b79ea243c00e7c56/README.md . Data from this study are available upon special and justified request through the lead author to the institution holding the data (Hospital Universitario de Navarra). This process is need because anonymized records for individual patients across more than one da"
2026,False,PloS one,Validating the 2-minute walk test MCID for subacute stroke patients: A Pakistani multicenter cohort analysis,10.1371/journal.pone.0347056,PMC13082714,1,0,figshare.com/articles/figure/_b_determining_the_minimally_clinically_important_difference_of_the_2-minute_walk_test_in_individuals_with_subacute_stroke_a_multicenter_cohort_study_b_/29484728,,Data Availability Statement The data underlying the results presented in the study are available from Figshare: https://figshare.com/articles/figure/_b_Determining_the_Minimally_Clinically_Important_Difference_of_the_2-Minute_Walk_Test_in_Individuals_with_Subacute_Stroke_A_Multicenter_Cohort_Study_b_/29484728 . The data underlying the results presented in the study are available from Figshare: https://figshare.com/articles/figure/_b_Determining_the_Minimally_Clinically_Important_Difference_of_the_2-Minute_Walk_Test_in_Individuals_with_Subacute_Stroke_A_Multicenter_Cohort_Study_b_/29484728 . The data underlying the results presented in the study are available from Figshare: https://figshare.com/articles/figure/_b_Determining_the_Minimally_Clinically_Important_Difference_of_the_2-Minute_Walk_Test_in_Individuals_with_Subacute_Stroke_A_Multicenter_Cohort_Study_b_/29484728 .
2025,False,PloS one,Outdoor ground surface influences spatiotemporal parameters of walking for individuals undergoing rehabilitation: An observational study,10.1371/journal.pone.0337177,PMC12671729,1,1,osf.io/s3qye,github.com/regainlabunc/spatiotemporal-changes-across-terrains,All Excel files that include spatiotemporal data are available at the Open Science Framework database ( https://doi.org/10.17605/OSF.IO/S3QYE) . All R code files used for statistical analysis are available at the Recovery of Gait and Neuro Rehabilitation Lab Github database ( https://github.com/RegainLabUNC/SpatioTemporal-Changes-Across-Terrains) . All Excel files that include spatiotemporal data are available at the Open Science Framework database ( https://doi.org/10.17605/OSF.IO/S3QYE) . All R code files used for statistical analysis are available at the Recovery of Gait and Neuro Rehabilitation Lab Github database ( https://github.com/RegainLabUNC/SpatioTemporal-Changes-Across-Terrains) .
2025,False,Brain communications,Transcutaneous electrical nerve stimulation enhances locomotor adaptation savings in people with multiple sclerosis,10.1093/braincomms/fcaf255,PMC12238753,1,1,osf.io/pgv37,github.com/andyhagen11/transcutaneous-electrical-nerve-stimulation-enhances-locomotor-adaptation-savings-in-ms,Data Availability Statement The data that support the findings of this study are openly available in the Open Science Framework at https://osf.io/pgv37/ . The code used for the analyses in this study is available on GitHub at https://github.com/andyhagen11/Transcutaneous-electrical-nerve-stimulation-enhances-locomotor-adaptation-savings-in-MS . The data that support the findings of this study are openly available in the Open Science Framework at https://osf.io/pgv37/ . The code used for the analyses in this study is available on GitHub at https://github.com/andyhagen11/Transcutaneous-electrical-nerve-stimulation-enhances-locomotor-adaptation-savings-in-MS . The data that support the findings of this study are openly available in the Open Science Framework at https://osf.io/pgv37/ . The code used for the analyses in this study is available on GitHub at https://github.com/andyhagen11/Transcutaneous-electrical-nerve-stimulation-enhances-locomotor-adaptation-savings-in-MS .
2025,False,PeerJ,"Change in exercise capacity, physical activity and motivation for physical activity at 12 months after a cardiac rehabilitation program in coronary heart disease patients: a prospective, monocentric a",10.7717/peerj.18885,PMC11831972,2,1,osf.io/fpcrv | osf.io/s2xwu,github.com/pydemull/apaco,"Data Availability The following information was supplied regarding data availability: All the instructions and materials allowing the reproduction of the analyses and the results are available at GitHub and Open Science Framework: - https://github.com/pydemull/APACo - de Müllenheim, Pierre-Yves. 2024. “APA&amp;Co.” OSF. doi: 10.17605/OSF.IO/S2XWU . The Supplemental Files are also available at Open Science Framework: de Müllenheim, Pierre-Yves. 2024. “ Supplemental Materials .” OSF. doi: 10.17605/OSF.IO/FPCRV . The results of the study were obtained using several R packages: • Initial tasks of the data analysis workflow (import, tidy, and transform data): {tidyverse} ( Wickham et al., 2019 ); {tidyselect} ( Henry &amp; Wickham, 2024a ). • Figures: {ggplot2} ( Wickham, 2016 ), {Hmisc} ( Harrell, 2024 ), {patchwork} ( Lin Pedersen, 2024 ), {ggbeeswarm} ( Clarke, Sherrill-Mix &amp; Dawson, 2023 ), {ggrepel} ( Slowikowski, 2023 ), {rlang} ( Henry &amp; Wickham, 2024b ), {ragg} ( Lin Pederse"
2025,False,Pain management,"A multimodal intervention of manual therapy, exercise, and psychological management for painful diabetic neuropathy: intervention development and feasibility trial protocol",10.1080/17581869.2025.2515010,PMC12218422,1,0,osf.io/jyftb,,"Data Availability Statement A full protocol and SAP were registered on the Open Science Framework ( https://osf.io/jyftb ). The final, anonymized dataset of the feasibility RCT will also be shared on OSF.io. A full protocol and SAP were registered on the Open Science Framework ( https://osf.io/jyftb ). The final, anonymized dataset of the feasibility RCT will also be shared on OSF.io. A full protocol and SAP were registered on the Open Science Framework ( https://osf.io/jyftb ). The final, anonymized dataset of the feasibility RCT will also be shared on OSF.io."
2025,False,PloS one,Effects of different physical therapy training protocols on patients with idiopathic scoliosis: Short-term results,10.1371/journal.pone.0334713,PMC12533888,1,0,figshare.com/articles/dataset/scolio_data_xlsx/28424249,,Data Availability Statement All relevant data are within the manuscript and its Supporting information files. All scolio data files are available from the figshare database (DOI:10.6084/m9.figshare.28424249). https://figshare.com/articles/dataset/scolio_data_xlsx/28424249?file=52381676 . All relevant data are within the manuscript and its Supporting information files. All scolio data files are available from the figshare database (DOI:10.6084/m9.figshare.28424249). https://figshare.com/articles/dataset/scolio_data_xlsx/28424249?file=52381676 . All relevant data are within the manuscript and its Supporting information files. All scolio data files are available from the figshare database (DOI:10.6084/m9.figshare.28424249). https://figshare.com/articles/dataset/scolio_data_xlsx/28424249?file=52381676 .
2025,False,BMJ open sport & exercise medicine,Effects of resistance training intensity on the cardiovascular health of postmenopausal women with hypertension: a study protocol for the LOAD trial,10.1136/bmjsem-2025-002717,PMC12306270,1,0,osf.io/nbjcq,,"Data availability statement No data are available. No data are available. There are no data available yet, as this article is a study protocol. However, a page has already been created where the data will be deposited for third-party access: https://osf.io/nbjcq/ ."
2025,False,Frontiers in pharmacology,"Effects and safety of a CBD-rich &lt;i&gt;Cannabis sativa&lt;/i&gt; oil in knee osteoarthritis: a double-blind, randomized, placebo-controlled trial - CANOA - cannabis for osteoarthritis",10.3389/fphar.2025.1657065,PMC12757406,1,0,data.mendeley.com/datasets/fw6bftyrf2/2,,"Data availability statement All data from this trial are publicly available in the Mendeley Repository, doi: 10.17632/fw6bftyrf2.2 . Available at: https://data.mendeley.com/datasets/fw6bftyrf2/2 . All data from this trial are publicly available in the Mendeley Repository, doi: 10.17632/fw6bftyrf2.2 . Available at: https://data.mendeley.com/datasets/fw6bftyrf2/2 ."
2025,False,Nutrients,Impact of Nutritional Status on Clinical Outcomes of Patients Undergoing PRGF Treatment for Knee Osteoarthritis-A Prospective Observational Study,10.3390/nu17193134,PMC12525571,1,0,osf.io/hrcym,,Data Availability Statement The protocol was prospectively registered with Clinicaltrials.gov (Identifier number NCT05546541 ). The datasets presented in this study can be found in online repositories with link: https://osf.io/hrcym/?view_only=9ba99de8cad14d8ca72d5f11c455a6b2 (accessed on 28 September 2025). The protocol was prospectively registered with Clinicaltrials.gov (Identifier number NCT05546541 ). The datasets presented in this study can be found in online repositories with link: https://osf.io/hrcym/?view_only=9ba99de8cad14d8ca72d5f11c455a6b2 (accessed on 28 September 2025). The protocol was prospectively registered with Clinicaltrials.gov (Identifier number NCT05546541 ). The datasets presented in this study can be found in online repositories with link: https://osf.io/hrcym/?view_only=9ba99de8cad14d8ca72d5f11c455a6b2 (accessed on 28 September 2025).
2025,False,Frontiers in medicine,Exercise-responsive circTSN as a potential systemic biomarker during COPD rehabilitation,10.3389/fmed.2025.1735444,PMC12708264,1,0,zenodo.org/records/17427212,,Data availability statement Raw and processed RNA sequencing data generated in this study have been deposited in the NCBI Gene Expression Omnibus GSE235174 . De-identified CT and ultrasound imaging data supporting this work have been deposited in Zenodo ( https://zenodo.org/records/17427212 ). Raw and processed RNA sequencing data generated in this study have been deposited in the NCBI Gene Expression Omnibus GSE235174 . De-identified CT and ultrasound imaging data supporting this work have been deposited in Zenodo ( https://zenodo.org/records/17427212 ).
2025,False,Journal of neuroengineering and rehabilitation,Telerehabilitation for visual field defects with a multisensory training: a feasibility study,10.1186/s12984-025-01573-4,PMC11849177,1,0,10.5281/zenodo.13335206,,Data Availability Statement The datasets generated and analyzed during the current study are available on Zenodo: https://doi.org/ 10.5281/zenodo.13335206. Datasets are accessible under request because they include sensitive information. Please write your request to the corresponding author. The datasets generated and analyzed during the current study are available on Zenodo: https://doi.org/ 10.5281/zenodo.13335206. Datasets are accessible under request because they include sensitive information. Please write your request to the corresponding author. The datasets generated and analyzed during the current study are available on Zenodo: https://doi.org/ 10.5281/zenodo.13335206. Datasets are accessible under request because they include sensitive information. Please write your request to the corresponding author.
2025,False,Brain communications,More than chronic pain: behavioural and psychosocial protective factors predict lower brain age in adults with/at risk of knee osteoarthritis over two years,10.1093/braincomms/fcaf344,PMC12465110,0,2,,github.com/tannerjared/deepbrainnet | github.com/tannerjared/protectivebag,Data Availability Statement The data supporting the findings of this study can be obtained from the corresponding author upon reasonable request. DeepBrainNet Python code used is available here: https://github.com/tannerjared/DeepBrainNet . The R code used for statistical analyses is available here: https://github.com/tannerjared/ProtectiveBAG . The data supporting the findings of this study can be obtained from the corresponding author upon reasonable request. DeepBrainNet Python code used is available here: https://github.com/tannerjared/DeepBrainNet . The R code used for statistical analyses is available here: https://github.com/tannerjared/ProtectiveBAG . The data supporting the findings of this study can be obtained from the corresponding author upon reasonable request. DeepBrainNet Python code used is available here: https://github.com/tannerjared/DeepBrainNet . The R code used for statistical analyses is available here: https://github.com/tannerjared/ProtectiveBAG .
2025,False,The Journal of clinical investigation,Circadian rhythmicity and biopsychosocial characteristics influence opioid use in chronic low back pain,10.1172/jci188620,PMC12483613,0,1,,github.com/computationalgenomicslaboratory/clbphum,"Data Availability Statement RNA sequencing data are available in GEO for the CLBP main cohort ( GSE295758 ) and for the LBP cohort ( GSE177034 ). Values for all data points in graphs are reported in the Supporting Data Values file. Additional information, raw data, and materials are available upon reasonable request. No custom code was used to generate or process the data. However, scripts used to analyze the RNA sequencing data are available at https://github.com/ComputationalGenomicsLaboratory/clbpHum (commit ID 87e3368). RNA sequencing data are available in GEO for the CLBP main cohort ( GSE295758 ) and for the LBP cohort ( GSE177034 ). Values for all data points in graphs are reported in the Supporting Data Values file. Additional information, raw data, and materials are available upon reasonable request. RNA sequencing data are available in GEO for the CLBP main cohort ( GSE295758 ) and for the LBP cohort ( GSE177034 ). Values for all data points in graphs are reported in the Supp"
2025,False,BMJ open,"Large cohort study of postnatal events over 18 months in a not-for-profit referral centre in Vellore, South India",10.1136/bmjopen-2024-096482,PMC12666221,1,0,datadryad.org/share/rp7l2usft7wfb2gmjkbndpo3vubgm9oxwsqvbrcl8yo,,"Data availability statement Data are available in a public, open access repository. Data are available in a public, open access repository. Mathews, Jiji; Abraham, Nitin; ND, Varunashree et al. (Forthcoming 2025). ‘A large cohort study of postnatal events over 18 months in a not-for-profit referral centre in Vellore, South India’[Dataset].Dryad. http://datadryad.org/share/RP7L2uSft7wFB2gmJkBnDPO3VubGm9oxWsqVbrcl8Yo ."
2025,False,Nature communications,On-chip 3D potency assay for prediction of clinical outcomes for cell therapy candidates for osteoarthritis,10.1038/s41467-025-60158-w,PMC12116846,0,1,,github.com/bhavaygg/bmac,"Data availability All data related to this paper are contained in the article, the Supplementary Information , and the Source Data file. Source data are provided with this paper. Code availability The script for Fig. 5 can be found at https://github.com/bhavaygg/BMAC ."
2025,False,Health science reports,Psychometric Validation of the German Version of the Rapid Assessment of Physical Activity (RAPA): A Secondary Analysis of Cross-Sectional Survey Data,10.1002/hsr2.70353,PMC11747865,1,0,osf.io/hcvfm,,Data Availability Statement All data are available from the Open Science Framework (OSF) database at DOI 10.17605/OSF.IO/HCVFM . All data are available from the Open Science Framework (OSF) database at DOI 10.17605/OSF.IO/HCVFM . All data are available from the Open Science Framework (OSF) database at DOI 10.17605/OSF.IO/HCVFM .
2025,False,Journal of clinical medicine,Night-Time Bracing Can Reduce Pain in Adults with Scoliosis: Six-Month Results of a Retrospective Controlled Study,10.3390/jcm14134493,PMC12249818,1,0,10.5281/zenodo.14979410,,Data Availability Statement Data are available at https://doi.org/10.5281/zenodo.14979410 .
2025,False,"BMC sports science, medicine & rehabilitation",Exercise interventions in patients with multiple myeloma: a scoping review,10.1186/s13102-025-01193-4,PMC12147358,1,0,osf.io/udwm4,,Data Availability Statement Sequence data that support the findings of this study have been deposited in the Open Science Framework with the primary accession code: 10.17605/OSF.IO/UDWM4. Sequence data that support the findings of this study have been deposited in the Open Science Framework with the primary accession code: 10.17605/OSF.IO/UDWM4. Sequence data that support the findings of this study have been deposited in the Open Science Framework with the primary accession code: 10.17605/OSF.IO/UDWM4.
2025,False,Neurological research and practice,"Multidisciplinary inpatient care for Parkinson's disease: a single-centre cohort study on improvements in gait, overall motor function, and quality of life",10.1186/s42466-025-00422-y,PMC12406477,0,1,,github.com/kleinholdermann/pd_gait_pkb,Data Availability Statement The code used for the statistical analysis is available at: https://github.com/kleinholdermann/pd_gait_pkb Pseudonymised data are available from the authors upon reasonable request. The code used for the statistical analysis is available at: https://github.com/kleinholdermann/pd_gait_pkb Pseudonymised data are available from the authors upon reasonable request. The code used for the statistical analysis is available at: https://github.com/kleinholdermann/pd_gait_pkb Pseudonymised data are available from the authors upon reasonable request.
2025,False,Frontiers in rehabilitation sciences,Effects of whole-body cryostimulation on spinal and shoulder range of motion in individuals with obesity,10.3389/fresc.2025.1568280,PMC12325352,1,0,10.5281/zenodo.14735132,,Data Availability Statement The datasets presented in this study can be found in online repositories. The names of the repository/repositories and accession number(s) can be found below: Zenodo ( https://doi.org/10.5281/zenodo.14735132 ). The datasets presented in this study can be found in online repositories. The names of the repository/repositories and accession number(s) can be found below: Zenodo ( https://doi.org/10.5281/zenodo.14735132 ). The datasets presented in this study can be found in online repositories. The names of the repository/repositories and accession number(s) can be found below: Zenodo ( https://doi.org/10.5281/zenodo.14735132 ).
2025,False,"Diagnostics (Basel, Switzerland)",Information Extraction from Lumbar Spine MRI Radiology Reports Using GPT4: Accuracy and Benchmarking Against Research-Grade Comprehensive Scoring,10.3390/diagnostics15070930,PMC11989208,0,1,,github.com/michelle-tong18/versa-spine,"Data Availability Statement The data underlying this article cannot be shared publicly due to the privacy concerns of individuals participating in the study. The data will be shared upon reasonable request to the corresponding author. All underlying codes, including LLM prompts, have been made publicly available in full ( https://github.com/michelle-tong18/VERSA-spine , accessed on 16 March 2025)."
2025,False,Osteoarthritis and cartilage open,Predictive validity of consensus-based MRI definition of osteoarthritis plus radiographic osteoarthritis for the progression of knee osteoarthritis: A longitudinal cohort study,10.1016/j.ocarto.2025.100582,PMC11889593,1,0,osf.io/qwtue,,Data Availability Statement The data that support the findings of this study are available from the corresponding author upon reasonable request. All of the code in this study was made available on the Open Science Framework ( https://osf.io/qwtue/ ). The data that support the findings of this study are available from the corresponding author upon reasonable request. All of the code in this study was made available on the Open Science Framework ( https://osf.io/qwtue/ ). The data that support the findings of this study are available from the corresponding author upon reasonable request. All of the code in this study was made available on the Open Science Framework ( https://osf.io/qwtue/ ).
2025,False,Journal of experimental orthopaedics,Factors influencing UK arthroplasty surgeons' decision-making between total and medial unicompartmental knee surgery: A vignette-based behavioural experiment,10.1002/jeo2.70178,PMC11869565,1,0,osf.io/wz3xf,,DATA AVAILABILITY STATEMENT The dataset supporting the conclusions of this article is publicly available in the Open Science Framework: https://osf.io/wz3xf/ . The dataset supporting the conclusions of this article is publicly available in the Open Science Framework: https://osf.io/wz3xf/ .
2024,False,PloS one,Protocol for a single-blind randomized controlled clinical trial to investigate the feasibility and safety of in-bed self-exercises based on electromyography sensor feedback in patients with subacute ,10.1371/journal.pone.0310178,PMC11684591,1,0,osf.io/n26pm,,"No data sets were generated or analyzed in the current study protocol. Once the trial is completed, all data from this study will be available in the Open Science Framework at https://osf.io/n26pm/ (DOI: 10.17605/OSF.IO/N26PM ). No data sets were generated or analyzed in the current study protocol. Once the trial is completed, all data from this study will be available in the Open Science Framework at https://osf.io/n26pm/ (DOI: 10.17605/OSF.IO/N26PM )."
2024,False,BMJ open,"Development and internal validation of a multivariable prognostic model to predict chronic pain after a new episode of non-specific idiopathic, non-traumatic neck pain in physiotherapy primary care pr",10.1136/bmjopen-2024-086683,PMC11404218,0,1,,github.com/uashogeschoolutrecht/painr,"Data availability statement Data are available in a public, open access repository. Data are available in a public, open access repository. Technical appendix, statistical code and dataset available from the Github repository: https://github.com/uashogeschoolutrecht/painr DOI: available upon acceptance."
2024,False,Scientific reports,Predicting the occurrence of minor adverse events in cardiac rehabilitation using physical variables,10.1038/s41598-024-68223-y,PMC11282225,1,0,10.5281/zenodo.10372903,,Data Availability Statement All anonymized data and analysis results supporting this study's findings are available in Zenodo with the identifier 10.5281/zenodo.10372903. All anonymized data and analysis results supporting this study's findings are available in Zenodo with the identifier 10.5281/zenodo.10372903. All anonymized data and analysis results supporting this study's findings are available in Zenodo with the identifier 10.5281/zenodo.10372903.
2024,False,PloS one,Effects of Non-Invasive Ventilation with different modalities in patients undergoing heart surgery: Protocol for a randomized controlled clinical trial,10.1371/journal.pone.0304569,PMC11185470,1,0,osf.io/zqnyv,,Data Availability Statement No datasets were generated or analysed during the current study. All relevant data from this study will be made available upon study completion on this link. https://osf.io/zqnyv/?view_only=93c2e1b5ed8a4b46abd0fc7a00573de9 . No datasets were generated or analysed during the current study. All relevant data from this study will be made available upon study completion on this link. https://osf.io/zqnyv/?view_only=93c2e1b5ed8a4b46abd0fc7a00573de9 . No datasets were generated or analysed during the current study. All relevant data from this study will be made available upon study completion on this link. https://osf.io/zqnyv/?view_only=93c2e1b5ed8a4b46abd0fc7a00573de9 .
2024,False,PloS one,Effects of pulmonary rehabilitation on ventilation dynamics measured during exertion in patients with post-acute COVID-19 syndrome: A cross-sectional observational study,10.1371/journal.pone.0296707,PMC10836674,1,0,osf.io/umjkc,,Follow the link to the data repository: https://osf.io/umjkc/ . Follow the link to the data repository: https://osf.io/umjkc/ .
2024,False,Frontiers in sports and active living,Back pain exercise therapy remodels human epigenetic profiles in buccal and human peripheral blood mononuclear cells: an exploratory study in young male participants,10.3389/fspor.2024.1393067,PMC11521823,1,0,10.5281/zenodo.10685544,,Data availability statement The mass spectrometry proteomics data have been deposited to the ProteomeXchange Consortium via the PRIDE [ 72 ] partner repository with the dataset identifier PXD050113. Intermediate results files (processed questionnaire; participants classes; agility measurements; plasma protein abundances; buccal cell and PBMC PTMs abundances and relative abundances; test outcomes) are available in the https://doi.org/10.5281/zenodo.10685544 Zenodo repository. The mass spectrometry proteomics data have been deposited to the ProteomeXchange Consortium via the PRIDE [ 72 ] partner repository with the dataset identifier PXD050113. Intermediate results files (processed questionnaire; participants classes; agility measurements; plasma protein abundances; buccal cell and PBMC PTMs abundances and relative abundances; test outcomes) are available in the https://doi.org/10.5281/zenodo.10685544 Zenodo repository.
2023,False,Data in brief,A dataset of the effects of therapeutic exercise programs on physical function in patients undergoing hemodialysis,10.1016/j.dib.2023.109048,PMC10025120,1,0,data.mendeley.com/datasets/w6bwg9zgtg,,Data Availability Statement Effects of therapeutic exercise on physical performance and activity levels in patients undergoing hemodialysis (Original data) (Mendeley Data). Effects of therapeutic exercise on physical performance and activity levels in patients undergoing hemodialysis (Original data) (Mendeley Data). Effects of therapeutic exercise on physical performance and activity levels in patients undergoing hemodialysis (Original data) (Mendeley Data).
2023,False,Data in brief,Socioeconomic status and treatment outcomes in women with genito-pelvic pain penetration disorder: A longitudinal study of a therapeutic educational program dataset,10.1016/j.dib.2023.109210,PMC10197000,1,0,data.mendeley.com/datasets/tr3y82y2jy/2,,Data Availability Statement Socioeconomic Status and Treatment Outcomes for Women with Genito-Pelvic Pain Penetration Disorder: A dataset. (Original data) (Mendeley Data). Socioeconomic Status and Treatment Outcomes for Women with Genito-Pelvic Pain Penetration Disorder: A dataset. (Original data) (Mendeley Data). Socioeconomic Status and Treatment Outcomes for Women with Genito-Pelvic Pain Penetration Disorder: A dataset. (Original data) (Mendeley Data).
2023,False,NPJ digital medicine,A randomized trial of a mobile health intervention to augment cardiac rehabilitation,10.1038/s41746-023-00921-9,PMC10502072,0,1,,github.com/wired-l-um/valentine-rct,Data availability The datasets used and/or analyzed during the current study are available from the corresponding author on reasonable request. Code availability The underlying code for this study is available on Github ( https://github.com/WIRED-L-um/VALENTINE-RCT ) and shared with qualified researchers on reasonable request from the corresponding author.
2023,False,BMJ (Clinical research ed.),Comparative effectiveness and safety of analgesic medicines for adults with acute non-specific low back pain: systematic review and network meta-analysis,10.1136/bmj-2022-072962,PMC10540836,1,0,osf.io/kduq3,,Data Availability Statement League tables with estimates and confidence for all comparisons are available in spreadsheets available on the Open Science Framework (https:// osf.io/kduq3 ). The dataset used and analysed during this study and the accompanying code are available from the corresponding author on reasonable request. League tables with estimates and confidence for all comparisons are available in spreadsheets available on the Open Science Framework (https:// osf.io/kduq3 ). The dataset used and analysed during this study and the accompanying code are available from the corresponding author on reasonable request. League tables with estimates and confidence for all comparisons are available in spreadsheets available on the Open Science Framework (https:// osf.io/kduq3 ). The dataset used and analysed during this study and the accompanying code are available from the corresponding author on reasonable request.
2023,False,Archives of orthopaedic and trauma surgery,Influence of implantation of a total hip endoprosthesis on the ipsilateral leg alignment: the effect of sex and dysplasia of the hip,10.1007/s00402-022-04587-y,PMC10191977,1,0,10.5281/zenodo.6802660,,Data Availability Statement De-identified subject data have been deposited in the Zenodo repository ( https://doi.org/10.5281/zenodo.6802660 ). De-identified subject data have been deposited in the Zenodo repository ( https://doi.org/10.5281/zenodo.6802660 ). De-identified subject data have been deposited in the Zenodo repository ( https://doi.org/10.5281/zenodo.6802660 ).
2022,False,Annals of medicine,Outcome for dizzy patients in a physiotherapy practice: an observational study,10.1080/07853890.2022.2091790,PMC9258437,1,0,10.5281/zenodo.5873693,,"Data Availability Statement The data that support the findings of this study are openly available in Zenodo at http://doi.org/10.5281/zenodo.5873693 , reference number 5873693. The data that support the findings of this study are openly available in Zenodo at http://doi.org/10.5281/zenodo.5873693 , reference number 5873693. The data that support the findings of this study are openly available in Zenodo at http://doi.org/10.5281/zenodo.5873693 , reference number 5873693."
2022,False,Pilot and feasibility studies,Personalised exercise therapy and self-management support for people with multimorbidity: Development of the MOBILIZE intervention,10.1186/s40814-022-01204-y,PMC9717541,1,0,osf.io/qk6yg,,Data Availability Statement The data reported in this paper are available on the Open Science Framework page of the MOBILIZE project https://osf.io/qk6yg/ . The data reported in this paper are available on the Open Science Framework page of the MOBILIZE project https://osf.io/qk6yg/ . The data reported in this paper are available on the Open Science Framework page of the MOBILIZE project https://osf.io/qk6yg/ .
2022,False,BMC geriatrics,Effects of supervised high-intensity hardstyle kettlebell training on grip strength and health-related physical fitness in insufficiently active older adults: the BELL pragmatic controlled trial,10.1186/s12877-022-02958-z,PMC9026020,1,0,osf.io/vtbzw,,Availability of data and materials The de-identified datasets generated and/or analysed during the current study are available in the Open Science Framework repository: https://osf.io/vtbzw/
2022,False,Cancers,Feasibility of Implementing Cancer-Specific Community-Based Exercise Programming: A Multi-Centre Randomized Trial,10.3390/cancers14112737,PMC9179478,1,0,dataverse.scholarsportal.info/privateurl.xhtml,,Data Availability Statement Data will be accessible via the University of Alberta Cancer Rehabilitation Clinic Dataverse at: https://dataverse.scholarsportal.info/privateurl.xhtml?token=5bc8a006-3c48-4d1b-a6cc-cf6a5b253e42 accessed on 14 April 2022. Data will be accessible via the University of Alberta Cancer Rehabilitation Clinic Dataverse at: https://dataverse.scholarsportal.info/privateurl.xhtml?token=5bc8a006-3c48-4d1b-a6cc-cf6a5b253e42 accessed on 14 April 2022. Data will be accessible via the University of Alberta Cancer Rehabilitation Clinic Dataverse at: https://dataverse.scholarsportal.info/privateurl.xhtml?token=5bc8a006-3c48-4d1b-a6cc-cf6a5b253e42 accessed on 14 April 2022.
2022,False,Brain communications,A candidate neuroimaging biomarker for detection of neurotransmission-related functional alterations and prediction of pharmacological analgesic response in chronic pain,10.1093/braincomms/fcab302,PMC8833258,0,1,,github.com/ottaviadipasquale/react-fmri,Data Availability Statement All MRI data of Studies 1 and 2 are available at https://openneuro.org/datasets/ds000208/versions/1.0.0 . 43 All MRI data of Studies 1 and 2 are available at https://openneuro.org/datasets/ds000208/versions/1.0.0 . 43 The code for performing the REACT-based fMRI analyses is now available as a python package 44 that can be downloaded from https://github.com/ottaviadipasquale/react-fmri . All MRI data of Studies 1 and 2 are available at https://openneuro.org/datasets/ds000208/versions/1.0.0 . 43
2022,False,Frontiers in neurology,The Indirect Impact of COVID-19 on Major Clinical Outcomes of People With Parkinson's Disease or Parkinsonism: A Cohort Study,10.3389/fneur.2022.873925,PMC9149301,1,0,10.5281/zenodo.6023524,,"Data Availability Statement The datasets presented in this study can be found in online repositories. The names of the repository and accession number can be found at: Zenodo, https://doi.org/10.5281/zenodo.6023524 . The datasets presented in this study can be found in online repositories. The names of the repository and accession number can be found at: Zenodo, https://doi.org/10.5281/zenodo.6023524 . The datasets presented in this study can be found in online repositories. The names of the repository and accession number can be found at: Zenodo, https://doi.org/10.5281/zenodo.6023524 ."
2021,False,PloS one,Short- and long-term effects of a cardiac rehabilitation program in patients implanted with a left ventricular assist device,10.1371/journal.pone.0259927,PMC8635401,1,0,10.5281/zenodo.5648186,,A publicly available de-identified anonymized data set can be found on the Zenodo repository at doi: 10.5281/zenodo.5648186 . A publicly available de-identified anonymized data set can be found on the Zenodo repository at doi: 10.5281/zenodo.5648186 .
2021,False,"Arthroplasty (London, England)",The relationship between mental health/physical activity and pain/dysfunction in working-age patients with knee osteoarthritis being considered for total knee arthroplasty: a retrospective study,10.1186/s42836-021-00077-5,PMC8796639,2,0,10.5061/dryad.kc260 | datadryad.org/review,,Data Availability Statement The datasets generated and/or analyzed during the current study are available in the Dryad database (url: http://datadryad.org/review?doi=doi:10.5061/dryad.kc260 ) [ 12 ]. The datasets generated and/or analyzed during the current study are available in the Dryad database (url: http://datadryad.org/review?doi=doi:10.5061/dryad.kc260 ) [ 12 ]. The datasets generated and/or analyzed during the current study are available in the Dryad database (url: http://datadryad.org/review?doi=doi:10.5061/dryad.kc260 ) [ 12 ].
2021,False,"Sports medicine (Auckland, N.Z.)",The Impact of Coronavirus (COVID-19) Related Public-Health Measures on Training Behaviours of Individuals Previously Participating in Resistance Training: A Cross-Sectional Survey Study,10.1007/s40279-021-01438-5,PMC8054258,1,0,osf.io/xhryf,,Availability of data and materials All data and materials are openly available on the Open Science Framework project page for this study ( https://osf.io/xhryf/ ) and in the supplementary files. Code availability All analysis code is openly available on the Open Science Framework project page for this study ( https://osf.io/xhryf/ ) and in the supplementary files.
2021,False,Archives of physiotherapy,Prevalence and associated factors of COVID-19 across Italian regions: a secondary analysis from a national survey on physiotherapists,10.1186/s40945-021-00125-y,PMC8677342,1,0,osf.io/x7cha,,Availability of data and materials All data generated or analyzed during this study are included in this published article [and its additional files]. Row data are stored in an open platform at the following link: https://osf.io/x7cha .
2020,False,PloS one,"Dedicated emergency department physical therapy is associated with reduced imaging, opioid administration, and length of stay: A prospective observational study",10.1371/journal.pone.0231476,PMC7179851,1,0,10.5061/dryad.vq83bk3pn,,Data Availability Statement Data are available from Dryad: (Dryad DOI: 10.5061/dryad.vq83bk3pn ). Data are available from Dryad: (Dryad DOI: 10.5061/dryad.vq83bk3pn ). Data are available from Dryad: (Dryad DOI: 10.5061/dryad.vq83bk3pn ).
2020,False,BMC musculoskeletal disorders,Quality of life in chronic musculoskeletal symptomatic Chilean population: secondary analysis of National Health Survey 2009-2010,10.1186/s12891-020-03261-x,PMC7175522,1,0,10.5281/zenodo.3530819,,Availability of data and materials The dataset analysed during the present study is available from Zenodo for researchers who meet the criteria for access doi: 10.5281/zenodo.3530819
2020,False,PloS one,Patient-reported outcomes predict return to work and health-related quality of life six months after cardiac rehabilitation: Results from a German multi-centre registry (OutCaRe),10.1371/journal.pone.0232752,PMC7199966,1,0,10.5281/zenodo.3605618,,"Data are available ( https://zenodo.org/badge/DOI/10.5281/zenodo.3605618.svg ) and citable as Salzwedel, Annett, Balzer, Klaus, Koran, Iryna, Langheim, Eike, Schlitt, Axel, Nothroff, Axel, … Völler, Heinz. (2020). Patient-reported outcomes predict return to work and health-related quality of life 6 months after cardiac rehabilitation: Results from a German multi-centre registry (OutCaRe): dataset [Data set]. Zenodo. http://doi.org/10.5281/zenodo.3605618 . Data are available ( https://zenodo.org/badge/DOI/10.5281/zenodo.3605618.svg ) and citable as Salzwedel, Annett, Balzer, Klaus, Koran, Iryna, Langheim, Eike, Schlitt, Axel, Nothroff, Axel, … Völler, Heinz. (2020). Patient-reported outcomes predict return to work and health-related quality of life 6 months after cardiac rehabilitation: Results from a German multi-centre registry (OutCaRe): dataset [Data set]. Zenodo. http://doi.org/10.5281/zenodo.3605618 ."
2020,False,PloS one,"Order of same-day concurrent training influences some indices of power development, but not strength, lean mass, or aerobic fitness in healthy, moderately-active men after 9 weeks of training",10.1371/journal.pone.0233134,PMC7224562,1,0,osf.io/4a9js,,The data underlying this study have been uploaded to the Open Science Framework and are accessible using the following link: https://osf.io/4a9js/ . The data underlying this study have been uploaded to the Open Science Framework and are accessible using the following link: https://osf.io/4a9js/ .
2020,False,PloS one,Wisdom of the CROUD:  Development and validation of a patient-level prediction model for opioid use disorder using population-level claims data,10.1371/journal.pone.0228632,PMC7017997,0,1,,github.com/ohdsi/studyprotocols,"The source data for this study were licensed by Johnson &amp; Johnson from IBM MarketScan and Optum, and hence we are not allowed to share the licensed data publicly. However, the same data used in this study are available for purchase by contracting the database owners, IBM MarketScan Research Databases (contact at: https://www.ibm.com/products/marketscan-research-databases ) and Optum (contact at: http://www.optum.com/solutions/data-analytics/data/real-world-data-analytics-a-cpl/claims-data.html ). The authors did not have any special access privileges that other parties who license the data and contract with IBM MarketScan and Optum would not have. Further, in our efforts to enable use and reproducibility of the prediction model and public sharing of study results, we have created an interactive online shiny app available at https://data.ohdsi.org/opioidExplorer/ where readers can freely access the prediction models, model performance data, and all other results presented in the man"
2020,False,NPJ digital medicine,Siamese neural networks for continuous disease severity evaluation and change detection in medical imaging,10.1038/s41746-020-0255-1,PMC7099081,0,1,,github.com/qtim-lab/siamesechange,"Data Availability Statement The i-ROP cohort study data for ROP is not publicly available due to patient privacy restrictions, though potential collaborators are directed to contact the study investigators ( https://i-rop.github.io/ ). The MOST data set for knee osteoarthritis is made publicly available from the MOST study investigators and can be requested from them ( http://most.ucsf.edu/ ). The key code used for this study is available at https://github.com/QTIM-Lab/SiameseChange . The i-ROP cohort study data for ROP is not publicly available due to patient privacy restrictions, though potential collaborators are directed to contact the study investigators ( https://i-rop.github.io/ ). The MOST data set for knee osteoarthritis is made publicly available from the MOST study investigators and can be requested from them ( http://most.ucsf.edu/ ). The key code used for this study is available at https://github.com/QTIM-Lab/SiameseChange . The i-ROP cohort study data for ROP is not publi"
2019,False,BMC medical education,Educational outreach visits to improve knee osteoarthritis management in primary care,10.1186/s12909-019-1504-3,PMC6397491,1,0,figshare.com/s/b2452cee60e4dcc31610,,"Data Availability Statement The research tools that were employed to generate the data referred to in this article are available as additional files. The dataset supporting the conclusions of this article is available in the figshare repository, https://figshare.com/s/b2452cee60e4dcc31610 The research tools that were employed to generate the data referred to in this article are available as additional files. The dataset supporting the conclusions of this article is available in the figshare repository, https://figshare.com/s/b2452cee60e4dcc31610 The research tools that were employed to generate the data referred to in this article are available as additional files. The dataset supporting the conclusions of this article is available in the figshare repository, https://figshare.com/s/b2452cee60e4dcc31610"
2019,False,F1000Research,"A pilot study on assessing the gap between nurses' task performances and knowledge pertaining the same with reference to "" I COUGH"" initiative- a call for promoting patient 'care bundle' assignments i",10.12688/f1000research.18815.1,PMC7359752,1,0,osf.io/4u8c7,,Data Availability Statement Underlying data Open Science Framework: I COUGH PROJECT. https://doi.org/10.17605/OSF.IO/4U8C7 18 This project contains the following underlying data: I COUGH DATA F1000.xlsx (Nurses scores for I COUGH and chest physiotherapy awareness)
2019,False,PloS one,Which osteoarthritic gait features recover following total knee replacement surgery?,10.1371/journal.pone.0203417,PMC6347391,1,0,osf.io/ydznf,,Data Availability Statement The data underlying this study have been uploaded to the Open Science Framework and are accessible using the following doi: 10.17605/OSF.IO/YDZNF . The data underlying this study have been uploaded to the Open Science Framework and are accessible using the following doi: 10.17605/OSF.IO/YDZNF . The data underlying this study have been uploaded to the Open Science Framework and are accessible using the following doi: 10.17605/OSF.IO/YDZNF .
2016,False,BMC geriatrics,Restricted activity and persistent pain following motor vehicle collision among older adults: a multicenter prospective cohort study,10.1186/s12877-016-0260-z,PMC4837524,1,0,osf.io/efxuk,,"The dataset supporting the conclusions of this article is available in the Open Science Framework repository [Older Adult CRASH; https://osf.io/efxuk/ ]. Consistent with the ICMJE position on sharing clinical trial data, we ask that those using the data seek collaboration with our research group, and if collaboration is not possible, that they provide appropriate credit to our group for the collection of this data."
2015,False,PloS one,Violence Affects Physical and Mental Health Differently: The General Population Based Tromsø Study,10.1371/journal.pone.0136588,PMC4552864,1,0,10.5061/dryad.dd206,,Data Availability Statement Data are available from the Dryad Digital Repository: http://dx.doi.org/10.5061/dryad.dd206 . Data are available from the Dryad Digital Repository: http://dx.doi.org/10.5061/dryad.dd206 . Data are available from the Dryad Digital Repository: http://dx.doi.org/10.5061/dryad.dd206 .
