"baseline","covars","outlier","model","inference","est","se","p","n","sigma","singular","d","study_id","grid_type","spec_id","population","missing","transform","outlier_scope","df_method"
"endpoint","none","none","lm","model",0.0167307652042694,0.0445366568464502,0.707458261965408,276,0.33929758865006,0,0.0493100032653783,"physiofeedback_PMC12821712","principled",1,NA,NA,NA,NA,NA
"endpoint","published","none","lm","model",0.0226050369997617,0.045204063463604,0.617440151013583,276,0.332439473789073,0,0.0679974515123439,"physiofeedback_PMC12821712","principled",2,NA,NA,NA,NA,NA
"endpoint","none","sd3_winsor","lm","model",0.022429638223623,0.0429314367177416,0.6017774319006,276,0.327068396845179,0,0.068577821764419,"physiofeedback_PMC12821712","principled",3,NA,NA,NA,NA,NA
"endpoint","published","sd3_winsor","lm","model",0.0284879018317615,0.0436018249899799,0.514083305540483,276,0.320656300458095,0,0.0888424827176736,"physiofeedback_PMC12821712","principled",4,NA,NA,NA,NA,NA
"endpoint","none","iqr15_winsor","lm","model",0.021254091274606,0.0402179837181819,0.597599331841995,276,0.306396255628112,0,0.0693679863385899,"physiofeedback_PMC12821712","principled",5,NA,NA,NA,NA,NA
"endpoint","published","iqr15_winsor","lm","model",0.0258253984195275,0.0408168384694719,0.527461700506137,276,0.300174967974948,0,0.0860344838004041,"physiofeedback_PMC12821712","principled",6,NA,NA,NA,NA,NA
"endpoint","none","mad_winsor","lm","model",0.0218028386644073,0.0405332333134845,0.591082506682472,276,0.308797949762404,0,0.0706055162645442,"physiofeedback_PMC12821712","principled",7,NA,NA,NA,NA,NA
"endpoint","published","mad_winsor","lm","model",0.0265395321522484,0.041140701914603,0.519421568044011,276,0.302556722733911,0,0.0877175423915106,"physiofeedback_PMC12821712","principled",8,NA,NA,NA,NA,NA
"endpoint","none","none","mixed_ri","model",0.0169101784594342,0.0447232888570167,0.712824757645071,276,0.339242684827316,0,0.0498468477457131,"physiofeedback_PMC12821712","principled",9,NA,NA,NA,NA,NA
"endpoint","published","none","mixed_ri","model",0.0226050369997621,0.045204063463604,0.617440151013581,276,0.332439473789074,1,0.0679974515123453,"physiofeedback_PMC12821712","principled",10,NA,NA,NA,NA,NA
"endpoint","none","sd3_winsor","mixed_ri","model",0.0225535669531679,0.0430723467479675,0.611249212884007,276,0.327026982239498,0,0.06896546211178,"physiofeedback_PMC12821712","principled",11,NA,NA,NA,NA,NA
"endpoint","published","sd3_winsor","mixed_ri","model",0.028487901831762,0.0436018249899799,0.514083305540484,276,0.320656300458095,1,0.0888424827176752,"physiofeedback_PMC12821712","principled",12,NA,NA,NA,NA,NA
"endpoint","none","iqr15_winsor","mixed_ri","model",0.0212540912746081,0.0402179837181823,0.59759933184198,276,0.306396255628112,1,0.0693679863385968,"physiofeedback_PMC12821712","principled",13,NA,NA,NA,NA,NA
"endpoint","published","iqr15_winsor","mixed_ri","model",0.0258253984195279,0.0408168384694719,0.52746170050614,276,0.300174967974948,1,0.0860344838004054,"physiofeedback_PMC12821712","principled",14,NA,NA,NA,NA,NA
"endpoint","none","mad_winsor","mixed_ri","model",0.0218028386644104,0.0405332333134855,0.591082506682457,276,0.308797949762404,1,0.0706055162645542,"physiofeedback_PMC12821712","principled",15,NA,NA,NA,NA,NA
"endpoint","published","mad_winsor","mixed_ri","model",0.0265395321522498,0.0411407019146031,0.519421568043998,276,0.302556722733911,1,0.0877175423915151,"physiofeedback_PMC12821712","principled",16,NA,NA,NA,NA,NA
"endpoint","none","none","lm","hc3",0.0167307652042694,0.0437437113429249,0.702407452978182,276,0.33929758865006,0,0.0493100032653783,"physiofeedback_PMC12821712","principled",17,NA,NA,NA,NA,NA
"endpoint","published","none","lm","hc3",0.0226050369997617,0.0469147988338699,0.63032021530617,276,0.332439473789073,0,0.0679974515123439,"physiofeedback_PMC12821712","principled",18,NA,NA,NA,NA,NA
"endpoint","none","sd3_winsor","lm","hc3",0.022429638223623,0.0409054912281115,0.583912969995843,276,0.327068396845179,0,0.068577821764419,"physiofeedback_PMC12821712","principled",19,NA,NA,NA,NA,NA
"endpoint","published","sd3_winsor","lm","hc3",0.0284879018317615,0.0433247153796323,0.511397714615744,276,0.320656300458095,0,0.0888424827176736,"physiofeedback_PMC12821712","principled",20,NA,NA,NA,NA,NA
"endpoint","none","iqr15_winsor","lm","hc3",0.021254091274606,0.0381211789581616,0.577613569952511,276,0.306396255628112,0,0.0693679863385899,"physiofeedback_PMC12821712","principled",21,NA,NA,NA,NA,NA
"endpoint","published","iqr15_winsor","lm","hc3",0.0258253984195275,0.0396317289405774,0.515197540043182,276,0.300174967974948,0,0.0860344838004041,"physiofeedback_PMC12821712","principled",22,NA,NA,NA,NA,NA
"endpoint","none","mad_winsor","lm","hc3",0.0218028386644073,0.0383844365833992,0.570491663901446,276,0.308797949762404,0,0.0706055162645442,"physiofeedback_PMC12821712","principled",23,NA,NA,NA,NA,NA
"endpoint","published","mad_winsor","lm","hc3",0.0265395321522484,0.0399808522220666,0.507387219219038,276,0.302556722733911,0,0.0877175423915106,"physiofeedback_PMC12821712","principled",24,NA,NA,NA,NA,NA
"endpoint","none","none","mixed_ri","hc3",0.0169101784594342,0.0447232888570167,0.712824757645071,276,0.339242684827316,0,0.0498468477457131,"physiofeedback_PMC12821712","principled",25,NA,NA,NA,NA,NA
"endpoint","published","none","mixed_ri","hc3",0.0226050369997621,0.045204063463604,0.617440151013581,276,0.332439473789074,1,0.0679974515123453,"physiofeedback_PMC12821712","principled",26,NA,NA,NA,NA,NA
"endpoint","none","sd3_winsor","mixed_ri","hc3",0.0225535669531679,0.0430723467479675,0.611249212884007,276,0.327026982239498,0,0.06896546211178,"physiofeedback_PMC12821712","principled",27,NA,NA,NA,NA,NA
"endpoint","published","sd3_winsor","mixed_ri","hc3",0.028487901831762,0.0436018249899799,0.514083305540484,276,0.320656300458095,1,0.0888424827176752,"physiofeedback_PMC12821712","principled",28,NA,NA,NA,NA,NA
"endpoint","none","iqr15_winsor","mixed_ri","hc3",0.0212540912746081,0.0402179837181823,0.59759933184198,276,0.306396255628112,1,0.0693679863385968,"physiofeedback_PMC12821712","principled",29,NA,NA,NA,NA,NA
"endpoint","published","iqr15_winsor","mixed_ri","hc3",0.0258253984195279,0.0408168384694719,0.52746170050614,276,0.300174967974948,1,0.0860344838004054,"physiofeedback_PMC12821712","principled",30,NA,NA,NA,NA,NA
"endpoint","none","mad_winsor","mixed_ri","hc3",0.0218028386644104,0.0405332333134855,0.591082506682457,276,0.308797949762404,1,0.0706055162645542,"physiofeedback_PMC12821712","principled",31,NA,NA,NA,NA,NA
"endpoint","published","mad_winsor","mixed_ri","hc3",0.0265395321522498,0.0411407019146031,0.519421568043998,276,0.302556722733911,1,0.0877175423915151,"physiofeedback_PMC12821712","principled",32,NA,NA,NA,NA,NA
"endpoint","none","none","lm","permutation",0.0167307652042694,0.0429285545156756,0.726,276,0.33929758865006,0,0.0493100032653783,"physiofeedback_PMC12821712","principled",33,NA,NA,NA,NA,NA
"endpoint","published","none","lm","permutation",0.0226050369997617,0.0461646365906261,0.602,276,0.332439473789073,0,0.0679974515123439,"physiofeedback_PMC12821712","principled",34,NA,NA,NA,NA,NA
"endpoint","none","sd3_winsor","lm","permutation",0.022429638223623,0.0450551577573224,0.586,276,0.327068396845179,0,0.068577821764419,"physiofeedback_PMC12821712","principled",35,NA,NA,NA,NA,NA
"endpoint","published","sd3_winsor","lm","permutation",0.0284879018317615,0.0403040745506665,0.46,276,0.320656300458095,0,0.0888424827176736,"physiofeedback_PMC12821712","principled",36,NA,NA,NA,NA,NA
"endpoint","none","iqr15_winsor","lm","permutation",0.021254091274606,0.0410442008236027,0.592,276,0.306396255628112,0,0.0693679863385899,"physiofeedback_PMC12821712","principled",37,NA,NA,NA,NA,NA
"endpoint","published","iqr15_winsor","lm","permutation",0.0258253984195275,0.0396325414785443,0.532,276,0.300174967974948,0,0.0860344838004041,"physiofeedback_PMC12821712","principled",38,NA,NA,NA,NA,NA
"endpoint","none","mad_winsor","lm","permutation",0.0218028386644073,0.0428501804614556,0.604,276,0.308797949762404,0,0.0706055162645442,"physiofeedback_PMC12821712","principled",39,NA,NA,NA,NA,NA
"endpoint","published","mad_winsor","lm","permutation",0.0265395321522484,0.039105632560142,0.518,276,0.302556722733911,0,0.0877175423915106,"physiofeedback_PMC12821712","principled",40,NA,NA,NA,NA,NA
"endpoint","none","none","mixed_ri","permutation",0.0169101784594342,0.0447232888570167,0.712824757645071,276,0.339242684827316,0,0.0498468477457131,"physiofeedback_PMC12821712","principled",41,NA,NA,NA,NA,NA
"endpoint","published","none","mixed_ri","permutation",0.0226050369997621,0.045204063463604,0.617440151013581,276,0.332439473789074,1,0.0679974515123453,"physiofeedback_PMC12821712","principled",42,NA,NA,NA,NA,NA
"endpoint","none","sd3_winsor","mixed_ri","permutation",0.0225535669531679,0.0430723467479675,0.611249212884007,276,0.327026982239498,0,0.06896546211178,"physiofeedback_PMC12821712","principled",43,NA,NA,NA,NA,NA
"endpoint","published","sd3_winsor","mixed_ri","permutation",0.028487901831762,0.0436018249899799,0.514083305540484,276,0.320656300458095,1,0.0888424827176752,"physiofeedback_PMC12821712","principled",44,NA,NA,NA,NA,NA
"endpoint","none","iqr15_winsor","mixed_ri","permutation",0.0212540912746081,0.0402179837181823,0.59759933184198,276,0.306396255628112,1,0.0693679863385968,"physiofeedback_PMC12821712","principled",45,NA,NA,NA,NA,NA
"endpoint","published","iqr15_winsor","mixed_ri","permutation",0.0258253984195279,0.0408168384694719,0.52746170050614,276,0.300174967974948,1,0.0860344838004054,"physiofeedback_PMC12821712","principled",46,NA,NA,NA,NA,NA
"endpoint","none","mad_winsor","mixed_ri","permutation",0.0218028386644104,0.0405332333134855,0.591082506682457,276,0.308797949762404,1,0.0706055162645542,"physiofeedback_PMC12821712","principled",47,NA,NA,NA,NA,NA
"endpoint","published","mad_winsor","mixed_ri","permutation",0.0265395321522498,0.0411407019146031,0.519421568043998,276,0.302556722733911,1,0.0877175423915151,"physiofeedback_PMC12821712","principled",48,NA,NA,NA,NA,NA
"endpoint","none","none","lm","model",0.0167307652042694,0.0445366568464502,0.707458261965408,276,0.33929758865006,0,0.0493100032653783,"physiofeedback_PMC12821712","defensible",1,"itt_observed","complete_case","none","pooled","satterthwaite"
"endpoint","published","none","lm","model",0.0226050369997617,0.045204063463604,0.617440151013583,276,0.332439473789073,0,0.0679974515123439,"physiofeedback_PMC12821712","defensible",2,"itt_observed","complete_case","none","pooled","satterthwaite"
"endpoint","none","sd3_winsor","lm","model",0.022429638223623,0.0429314367177416,0.6017774319006,276,0.327068396845179,0,0.068577821764419,"physiofeedback_PMC12821712","defensible",3,"itt_observed","complete_case","none","pooled","satterthwaite"
"endpoint","published","sd3_winsor","lm","model",0.0284879018317615,0.0436018249899799,0.514083305540483,276,0.320656300458095,0,0.0888424827176736,"physiofeedback_PMC12821712","defensible",4,"itt_observed","complete_case","none","pooled","satterthwaite"
"endpoint","none","iqr15_winsor","lm","model",0.021254091274606,0.0402179837181819,0.597599331841995,276,0.306396255628112,0,0.0693679863385899,"physiofeedback_PMC12821712","defensible",5,"itt_observed","complete_case","none","pooled","satterthwaite"
"endpoint","published","iqr15_winsor","lm","model",0.0258253984195275,0.0408168384694719,0.527461700506137,276,0.300174967974948,0,0.0860344838004041,"physiofeedback_PMC12821712","defensible",6,"itt_observed","complete_case","none","pooled","satterthwaite"
"endpoint","none","mad_winsor","lm","model",0.0218028386644073,0.0405332333134845,0.591082506682472,276,0.308797949762404,0,0.0706055162645442,"physiofeedback_PMC12821712","defensible",7,"itt_observed","complete_case","none","pooled","satterthwaite"
"endpoint","published","mad_winsor","lm","model",0.0265395321522484,0.041140701914603,0.519421568044011,276,0.302556722733911,0,0.0877175423915106,"physiofeedback_PMC12821712","defensible",8,"itt_observed","complete_case","none","pooled","satterthwaite"
"endpoint","none","none","mixed_ri","model",0.0169101784594342,0.0447232888570167,0.712824757645071,276,0.339242684827316,0,0.0498468477457131,"physiofeedback_PMC12821712","defensible",9,"itt_observed","complete_case","none","pooled","satterthwaite"
"endpoint","published","none","mixed_ri","model",0.0226050369997621,0.045204063463604,0.617440151013581,276,0.332439473789074,1,0.0679974515123453,"physiofeedback_PMC12821712","defensible",10,"itt_observed","complete_case","none","pooled","satterthwaite"
"endpoint","none","sd3_winsor","mixed_ri","model",0.0225535669531679,0.0430723467479675,0.611249212884007,276,0.327026982239498,0,0.06896546211178,"physiofeedback_PMC12821712","defensible",11,"itt_observed","complete_case","none","pooled","satterthwaite"
"endpoint","published","sd3_winsor","mixed_ri","model",0.028487901831762,0.0436018249899799,0.514083305540484,276,0.320656300458095,1,0.0888424827176752,"physiofeedback_PMC12821712","defensible",12,"itt_observed","complete_case","none","pooled","satterthwaite"
"endpoint","none","iqr15_winsor","mixed_ri","model",0.0212540912746081,0.0402179837181823,0.59759933184198,276,0.306396255628112,1,0.0693679863385968,"physiofeedback_PMC12821712","defensible",13,"itt_observed","complete_case","none","pooled","satterthwaite"
"endpoint","published","iqr15_winsor","mixed_ri","model",0.0258253984195279,0.0408168384694719,0.52746170050614,276,0.300174967974948,1,0.0860344838004054,"physiofeedback_PMC12821712","defensible",14,"itt_observed","complete_case","none","pooled","satterthwaite"
"endpoint","none","mad_winsor","mixed_ri","model",0.0218028386644104,0.0405332333134855,0.591082506682457,276,0.308797949762404,1,0.0706055162645542,"physiofeedback_PMC12821712","defensible",15,"itt_observed","complete_case","none","pooled","satterthwaite"
"endpoint","published","mad_winsor","mixed_ri","model",0.0265395321522498,0.0411407019146031,0.519421568043998,276,0.302556722733911,1,0.0877175423915151,"physiofeedback_PMC12821712","defensible",16,"itt_observed","complete_case","none","pooled","satterthwaite"
"endpoint","none","none","lm","hc3",0.0167307652042694,0.0437437113429249,0.702407452978182,276,0.33929758865006,0,0.0493100032653783,"physiofeedback_PMC12821712","defensible",17,"itt_observed","complete_case","none","pooled","satterthwaite"
"endpoint","published","none","lm","hc3",0.0226050369997617,0.0469147988338699,0.63032021530617,276,0.332439473789073,0,0.0679974515123439,"physiofeedback_PMC12821712","defensible",18,"itt_observed","complete_case","none","pooled","satterthwaite"
"endpoint","none","sd3_winsor","lm","hc3",0.022429638223623,0.0409054912281115,0.583912969995843,276,0.327068396845179,0,0.068577821764419,"physiofeedback_PMC12821712","defensible",19,"itt_observed","complete_case","none","pooled","satterthwaite"
"endpoint","published","sd3_winsor","lm","hc3",0.0284879018317615,0.0433247153796323,0.511397714615744,276,0.320656300458095,0,0.0888424827176736,"physiofeedback_PMC12821712","defensible",20,"itt_observed","complete_case","none","pooled","satterthwaite"
"endpoint","none","iqr15_winsor","lm","hc3",0.021254091274606,0.0381211789581616,0.577613569952511,276,0.306396255628112,0,0.0693679863385899,"physiofeedback_PMC12821712","defensible",21,"itt_observed","complete_case","none","pooled","satterthwaite"
"endpoint","published","iqr15_winsor","lm","hc3",0.0258253984195275,0.0396317289405774,0.515197540043182,276,0.300174967974948,0,0.0860344838004041,"physiofeedback_PMC12821712","defensible",22,"itt_observed","complete_case","none","pooled","satterthwaite"
"endpoint","none","mad_winsor","lm","hc3",0.0218028386644073,0.0383844365833992,0.570491663901446,276,0.308797949762404,0,0.0706055162645442,"physiofeedback_PMC12821712","defensible",23,"itt_observed","complete_case","none","pooled","satterthwaite"
"endpoint","published","mad_winsor","lm","hc3",0.0265395321522484,0.0399808522220666,0.507387219219038,276,0.302556722733911,0,0.0877175423915106,"physiofeedback_PMC12821712","defensible",24,"itt_observed","complete_case","none","pooled","satterthwaite"
"endpoint","none","none","mixed_ri","hc3",0.0169101784594342,0.0447232888570167,0.712824757645071,276,0.339242684827316,0,0.0498468477457131,"physiofeedback_PMC12821712","defensible",25,"itt_observed","complete_case","none","pooled","satterthwaite"
"endpoint","published","none","mixed_ri","hc3",0.0226050369997621,0.045204063463604,0.617440151013581,276,0.332439473789074,1,0.0679974515123453,"physiofeedback_PMC12821712","defensible",26,"itt_observed","complete_case","none","pooled","satterthwaite"
"endpoint","none","sd3_winsor","mixed_ri","hc3",0.0225535669531679,0.0430723467479675,0.611249212884007,276,0.327026982239498,0,0.06896546211178,"physiofeedback_PMC12821712","defensible",27,"itt_observed","complete_case","none","pooled","satterthwaite"
"endpoint","published","sd3_winsor","mixed_ri","hc3",0.028487901831762,0.0436018249899799,0.514083305540484,276,0.320656300458095,1,0.0888424827176752,"physiofeedback_PMC12821712","defensible",28,"itt_observed","complete_case","none","pooled","satterthwaite"
"endpoint","none","iqr15_winsor","mixed_ri","hc3",0.0212540912746081,0.0402179837181823,0.59759933184198,276,0.306396255628112,1,0.0693679863385968,"physiofeedback_PMC12821712","defensible",29,"itt_observed","complete_case","none","pooled","satterthwaite"
"endpoint","published","iqr15_winsor","mixed_ri","hc3",0.0258253984195279,0.0408168384694719,0.52746170050614,276,0.300174967974948,1,0.0860344838004054,"physiofeedback_PMC12821712","defensible",30,"itt_observed","complete_case","none","pooled","satterthwaite"
"endpoint","none","mad_winsor","mixed_ri","hc3",0.0218028386644104,0.0405332333134855,0.591082506682457,276,0.308797949762404,1,0.0706055162645542,"physiofeedback_PMC12821712","defensible",31,"itt_observed","complete_case","none","pooled","satterthwaite"
"endpoint","published","mad_winsor","mixed_ri","hc3",0.0265395321522498,0.0411407019146031,0.519421568043998,276,0.302556722733911,1,0.0877175423915151,"physiofeedback_PMC12821712","defensible",32,"itt_observed","complete_case","none","pooled","satterthwaite"
"endpoint","none","none","lm","permutation",0.0167307652042694,0.0429285545156756,0.726,276,0.33929758865006,0,0.0493100032653783,"physiofeedback_PMC12821712","defensible",33,"itt_observed","complete_case","none","pooled","satterthwaite"
"endpoint","published","none","lm","permutation",0.0226050369997617,0.0461646365906261,0.602,276,0.332439473789073,0,0.0679974515123439,"physiofeedback_PMC12821712","defensible",34,"itt_observed","complete_case","none","pooled","satterthwaite"
"endpoint","none","sd3_winsor","lm","permutation",0.022429638223623,0.0450551577573224,0.586,276,0.327068396845179,0,0.068577821764419,"physiofeedback_PMC12821712","defensible",35,"itt_observed","complete_case","none","pooled","satterthwaite"
"endpoint","published","sd3_winsor","lm","permutation",0.0284879018317615,0.0403040745506665,0.46,276,0.320656300458095,0,0.0888424827176736,"physiofeedback_PMC12821712","defensible",36,"itt_observed","complete_case","none","pooled","satterthwaite"
"endpoint","none","iqr15_winsor","lm","permutation",0.021254091274606,0.0410442008236027,0.592,276,0.306396255628112,0,0.0693679863385899,"physiofeedback_PMC12821712","defensible",37,"itt_observed","complete_case","none","pooled","satterthwaite"
"endpoint","published","iqr15_winsor","lm","permutation",0.0258253984195275,0.0396325414785443,0.532,276,0.300174967974948,0,0.0860344838004041,"physiofeedback_PMC12821712","defensible",38,"itt_observed","complete_case","none","pooled","satterthwaite"
"endpoint","none","mad_winsor","lm","permutation",0.0218028386644073,0.0428501804614556,0.604,276,0.308797949762404,0,0.0706055162645442,"physiofeedback_PMC12821712","defensible",39,"itt_observed","complete_case","none","pooled","satterthwaite"
"endpoint","published","mad_winsor","lm","permutation",0.0265395321522484,0.039105632560142,0.518,276,0.302556722733911,0,0.0877175423915106,"physiofeedback_PMC12821712","defensible",40,"itt_observed","complete_case","none","pooled","satterthwaite"
"endpoint","none","none","mixed_ri","permutation",0.0169101784594342,0.0447232888570167,0.712824757645071,276,0.339242684827316,0,0.0498468477457131,"physiofeedback_PMC12821712","defensible",41,"itt_observed","complete_case","none","pooled","satterthwaite"
"endpoint","published","none","mixed_ri","permutation",0.0226050369997621,0.045204063463604,0.617440151013581,276,0.332439473789074,1,0.0679974515123453,"physiofeedback_PMC12821712","defensible",42,"itt_observed","complete_case","none","pooled","satterthwaite"
"endpoint","none","sd3_winsor","mixed_ri","permutation",0.0225535669531679,0.0430723467479675,0.611249212884007,276,0.327026982239498,0,0.06896546211178,"physiofeedback_PMC12821712","defensible",43,"itt_observed","complete_case","none","pooled","satterthwaite"
"endpoint","published","sd3_winsor","mixed_ri","permutation",0.028487901831762,0.0436018249899799,0.514083305540484,276,0.320656300458095,1,0.0888424827176752,"physiofeedback_PMC12821712","defensible",44,"itt_observed","complete_case","none","pooled","satterthwaite"
"endpoint","none","iqr15_winsor","mixed_ri","permutation",0.0212540912746081,0.0402179837181823,0.59759933184198,276,0.306396255628112,1,0.0693679863385968,"physiofeedback_PMC12821712","defensible",45,"itt_observed","complete_case","none","pooled","satterthwaite"
"endpoint","published","iqr15_winsor","mixed_ri","permutation",0.0258253984195279,0.0408168384694719,0.52746170050614,276,0.300174967974948,1,0.0860344838004054,"physiofeedback_PMC12821712","defensible",46,"itt_observed","complete_case","none","pooled","satterthwaite"
"endpoint","none","mad_winsor","mixed_ri","permutation",0.0218028386644104,0.0405332333134855,0.591082506682457,276,0.308797949762404,1,0.0706055162645542,"physiofeedback_PMC12821712","defensible",47,"itt_observed","complete_case","none","pooled","satterthwaite"
"endpoint","published","mad_winsor","mixed_ri","permutation",0.0265395321522498,0.0411407019146031,0.519421568043998,276,0.302556722733911,1,0.0877175423915151,"physiofeedback_PMC12821712","defensible",48,"itt_observed","complete_case","none","pooled","satterthwaite"
"endpoint","none","none","lm","model",0.0167307652042694,0.0445366568464502,0.707458261965408,276,0.33929758865006,0,0.0493100032653783,"physiofeedback_PMC12821712","defensible",49,"completers","complete_case","none","pooled","satterthwaite"
"endpoint","published","none","lm","model",0.0226050369997617,0.045204063463604,0.617440151013583,276,0.332439473789073,0,0.0679974515123439,"physiofeedback_PMC12821712","defensible",50,"completers","complete_case","none","pooled","satterthwaite"
"endpoint","none","sd3_winsor","lm","model",0.022429638223623,0.0429314367177416,0.6017774319006,276,0.327068396845179,0,0.068577821764419,"physiofeedback_PMC12821712","defensible",51,"completers","complete_case","none","pooled","satterthwaite"
"endpoint","published","sd3_winsor","lm","model",0.0284879018317615,0.0436018249899799,0.514083305540483,276,0.320656300458095,0,0.0888424827176736,"physiofeedback_PMC12821712","defensible",52,"completers","complete_case","none","pooled","satterthwaite"
"endpoint","none","iqr15_winsor","lm","model",0.021254091274606,0.0402179837181819,0.597599331841995,276,0.306396255628112,0,0.0693679863385899,"physiofeedback_PMC12821712","defensible",53,"completers","complete_case","none","pooled","satterthwaite"
"endpoint","published","iqr15_winsor","lm","model",0.0258253984195275,0.0408168384694719,0.527461700506137,276,0.300174967974948,0,0.0860344838004041,"physiofeedback_PMC12821712","defensible",54,"completers","complete_case","none","pooled","satterthwaite"
"endpoint","none","mad_winsor","lm","model",0.0218028386644073,0.0405332333134845,0.591082506682472,276,0.308797949762404,0,0.0706055162645442,"physiofeedback_PMC12821712","defensible",55,"completers","complete_case","none","pooled","satterthwaite"
"endpoint","published","mad_winsor","lm","model",0.0265395321522484,0.041140701914603,0.519421568044011,276,0.302556722733911,0,0.0877175423915106,"physiofeedback_PMC12821712","defensible",56,"completers","complete_case","none","pooled","satterthwaite"
"endpoint","none","none","mixed_ri","model",0.0169101784594342,0.0447232888570167,0.712824757645071,276,0.339242684827316,0,0.0498468477457131,"physiofeedback_PMC12821712","defensible",57,"completers","complete_case","none","pooled","satterthwaite"
"endpoint","published","none","mixed_ri","model",0.0226050369997621,0.045204063463604,0.617440151013581,276,0.332439473789074,1,0.0679974515123453,"physiofeedback_PMC12821712","defensible",58,"completers","complete_case","none","pooled","satterthwaite"
"endpoint","none","sd3_winsor","mixed_ri","model",0.0225535669531679,0.0430723467479675,0.611249212884007,276,0.327026982239498,0,0.06896546211178,"physiofeedback_PMC12821712","defensible",59,"completers","complete_case","none","pooled","satterthwaite"
"endpoint","published","sd3_winsor","mixed_ri","model",0.028487901831762,0.0436018249899799,0.514083305540484,276,0.320656300458095,1,0.0888424827176752,"physiofeedback_PMC12821712","defensible",60,"completers","complete_case","none","pooled","satterthwaite"
"endpoint","none","iqr15_winsor","mixed_ri","model",0.0212540912746081,0.0402179837181823,0.59759933184198,276,0.306396255628112,1,0.0693679863385968,"physiofeedback_PMC12821712","defensible",61,"completers","complete_case","none","pooled","satterthwaite"
"endpoint","published","iqr15_winsor","mixed_ri","model",0.0258253984195279,0.0408168384694719,0.52746170050614,276,0.300174967974948,1,0.0860344838004054,"physiofeedback_PMC12821712","defensible",62,"completers","complete_case","none","pooled","satterthwaite"
"endpoint","none","mad_winsor","mixed_ri","model",0.0218028386644104,0.0405332333134855,0.591082506682457,276,0.308797949762404,1,0.0706055162645542,"physiofeedback_PMC12821712","defensible",63,"completers","complete_case","none","pooled","satterthwaite"
"endpoint","published","mad_winsor","mixed_ri","model",0.0265395321522498,0.0411407019146031,0.519421568043998,276,0.302556722733911,1,0.0877175423915151,"physiofeedback_PMC12821712","defensible",64,"completers","complete_case","none","pooled","satterthwaite"
"endpoint","none","none","lm","hc3",0.0167307652042694,0.0437437113429249,0.702407452978182,276,0.33929758865006,0,0.0493100032653783,"physiofeedback_PMC12821712","defensible",65,"completers","complete_case","none","pooled","satterthwaite"
"endpoint","published","none","lm","hc3",0.0226050369997617,0.0469147988338699,0.63032021530617,276,0.332439473789073,0,0.0679974515123439,"physiofeedback_PMC12821712","defensible",66,"completers","complete_case","none","pooled","satterthwaite"
"endpoint","none","sd3_winsor","lm","hc3",0.022429638223623,0.0409054912281115,0.583912969995843,276,0.327068396845179,0,0.068577821764419,"physiofeedback_PMC12821712","defensible",67,"completers","complete_case","none","pooled","satterthwaite"
"endpoint","published","sd3_winsor","lm","hc3",0.0284879018317615,0.0433247153796323,0.511397714615744,276,0.320656300458095,0,0.0888424827176736,"physiofeedback_PMC12821712","defensible",68,"completers","complete_case","none","pooled","satterthwaite"
"endpoint","none","iqr15_winsor","lm","hc3",0.021254091274606,0.0381211789581616,0.577613569952511,276,0.306396255628112,0,0.0693679863385899,"physiofeedback_PMC12821712","defensible",69,"completers","complete_case","none","pooled","satterthwaite"
"endpoint","published","iqr15_winsor","lm","hc3",0.0258253984195275,0.0396317289405774,0.515197540043182,276,0.300174967974948,0,0.0860344838004041,"physiofeedback_PMC12821712","defensible",70,"completers","complete_case","none","pooled","satterthwaite"
"endpoint","none","mad_winsor","lm","hc3",0.0218028386644073,0.0383844365833992,0.570491663901446,276,0.308797949762404,0,0.0706055162645442,"physiofeedback_PMC12821712","defensible",71,"completers","complete_case","none","pooled","satterthwaite"
"endpoint","published","mad_winsor","lm","hc3",0.0265395321522484,0.0399808522220666,0.507387219219038,276,0.302556722733911,0,0.0877175423915106,"physiofeedback_PMC12821712","defensible",72,"completers","complete_case","none","pooled","satterthwaite"
"endpoint","none","none","mixed_ri","hc3",0.0169101784594342,0.0447232888570167,0.712824757645071,276,0.339242684827316,0,0.0498468477457131,"physiofeedback_PMC12821712","defensible",73,"completers","complete_case","none","pooled","satterthwaite"
"endpoint","published","none","mixed_ri","hc3",0.0226050369997621,0.045204063463604,0.617440151013581,276,0.332439473789074,1,0.0679974515123453,"physiofeedback_PMC12821712","defensible",74,"completers","complete_case","none","pooled","satterthwaite"
"endpoint","none","sd3_winsor","mixed_ri","hc3",0.0225535669531679,0.0430723467479675,0.611249212884007,276,0.327026982239498,0,0.06896546211178,"physiofeedback_PMC12821712","defensible",75,"completers","complete_case","none","pooled","satterthwaite"
"endpoint","published","sd3_winsor","mixed_ri","hc3",0.028487901831762,0.0436018249899799,0.514083305540484,276,0.320656300458095,1,0.0888424827176752,"physiofeedback_PMC12821712","defensible",76,"completers","complete_case","none","pooled","satterthwaite"
"endpoint","none","iqr15_winsor","mixed_ri","hc3",0.0212540912746081,0.0402179837181823,0.59759933184198,276,0.306396255628112,1,0.0693679863385968,"physiofeedback_PMC12821712","defensible",77,"completers","complete_case","none","pooled","satterthwaite"
"endpoint","published","iqr15_winsor","mixed_ri","hc3",0.0258253984195279,0.0408168384694719,0.52746170050614,276,0.300174967974948,1,0.0860344838004054,"physiofeedback_PMC12821712","defensible",78,"completers","complete_case","none","pooled","satterthwaite"
"endpoint","none","mad_winsor","mixed_ri","hc3",0.0218028386644104,0.0405332333134855,0.591082506682457,276,0.308797949762404,1,0.0706055162645542,"physiofeedback_PMC12821712","defensible",79,"completers","complete_case","none","pooled","satterthwaite"
"endpoint","published","mad_winsor","mixed_ri","hc3",0.0265395321522498,0.0411407019146031,0.519421568043998,276,0.302556722733911,1,0.0877175423915151,"physiofeedback_PMC12821712","defensible",80,"completers","complete_case","none","pooled","satterthwaite"
"endpoint","none","none","lm","permutation",0.0167307652042694,0.0446020899109631,0.684,276,0.33929758865006,0,0.0493100032653783,"physiofeedback_PMC12821712","defensible",81,"completers","complete_case","none","pooled","satterthwaite"
"endpoint","published","none","lm","permutation",0.0226050369997617,0.0446803970906929,0.598,276,0.332439473789073,0,0.0679974515123439,"physiofeedback_PMC12821712","defensible",82,"completers","complete_case","none","pooled","satterthwaite"
"endpoint","none","sd3_winsor","lm","permutation",0.022429638223623,0.0438898050235171,0.606,276,0.327068396845179,0,0.068577821764419,"physiofeedback_PMC12821712","defensible",83,"completers","complete_case","none","pooled","satterthwaite"
"endpoint","published","sd3_winsor","lm","permutation",0.0284879018317615,0.0422739157485307,0.498,276,0.320656300458095,0,0.0888424827176736,"physiofeedback_PMC12821712","defensible",84,"completers","complete_case","none","pooled","satterthwaite"
"endpoint","none","iqr15_winsor","lm","permutation",0.021254091274606,0.0400499070747342,0.588,276,0.306396255628112,0,0.0693679863385899,"physiofeedback_PMC12821712","defensible",85,"completers","complete_case","none","pooled","satterthwaite"
"endpoint","published","iqr15_winsor","lm","permutation",0.0258253984195275,0.0389315417959737,0.538,276,0.300174967974948,0,0.0860344838004041,"physiofeedback_PMC12821712","defensible",86,"completers","complete_case","none","pooled","satterthwaite"
"endpoint","none","mad_winsor","lm","permutation",0.0218028386644073,0.0412743663567681,0.604,276,0.308797949762404,0,0.0706055162645442,"physiofeedback_PMC12821712","defensible",87,"completers","complete_case","none","pooled","satterthwaite"
"endpoint","published","mad_winsor","lm","permutation",0.0265395321522484,0.039543860706195,0.46,276,0.302556722733911,0,0.0877175423915106,"physiofeedback_PMC12821712","defensible",88,"completers","complete_case","none","pooled","satterthwaite"
"endpoint","none","none","mixed_ri","permutation",0.0169101784594342,0.0447232888570167,0.712824757645071,276,0.339242684827316,0,0.0498468477457131,"physiofeedback_PMC12821712","defensible",89,"completers","complete_case","none","pooled","satterthwaite"
"endpoint","published","none","mixed_ri","permutation",0.0226050369997621,0.045204063463604,0.617440151013581,276,0.332439473789074,1,0.0679974515123453,"physiofeedback_PMC12821712","defensible",90,"completers","complete_case","none","pooled","satterthwaite"
"endpoint","none","sd3_winsor","mixed_ri","permutation",0.0225535669531679,0.0430723467479675,0.611249212884007,276,0.327026982239498,0,0.06896546211178,"physiofeedback_PMC12821712","defensible",91,"completers","complete_case","none","pooled","satterthwaite"
"endpoint","published","sd3_winsor","mixed_ri","permutation",0.028487901831762,0.0436018249899799,0.514083305540484,276,0.320656300458095,1,0.0888424827176752,"physiofeedback_PMC12821712","defensible",92,"completers","complete_case","none","pooled","satterthwaite"
"endpoint","none","iqr15_winsor","mixed_ri","permutation",0.0212540912746081,0.0402179837181823,0.59759933184198,276,0.306396255628112,1,0.0693679863385968,"physiofeedback_PMC12821712","defensible",93,"completers","complete_case","none","pooled","satterthwaite"
"endpoint","published","iqr15_winsor","mixed_ri","permutation",0.0258253984195279,0.0408168384694719,0.52746170050614,276,0.300174967974948,1,0.0860344838004054,"physiofeedback_PMC12821712","defensible",94,"completers","complete_case","none","pooled","satterthwaite"
"endpoint","none","mad_winsor","mixed_ri","permutation",0.0218028386644104,0.0405332333134855,0.591082506682457,276,0.308797949762404,1,0.0706055162645542,"physiofeedback_PMC12821712","defensible",95,"completers","complete_case","none","pooled","satterthwaite"
"endpoint","published","mad_winsor","mixed_ri","permutation",0.0265395321522498,0.0411407019146031,0.519421568043998,276,0.302556722733911,1,0.0877175423915151,"physiofeedback_PMC12821712","defensible",96,"completers","complete_case","none","pooled","satterthwaite"
"endpoint","none","none","lm","model",0.0105794647110364,0.0523425633334735,0.839973110960328,276,0.398766022875067,0,0.0265305068740797,"physiofeedback_PMC12821712","defensible",97,"itt_observed","complete_case","log","pooled","satterthwaite"
"endpoint","published","none","lm","model",0.0145279496096584,0.0532375804369962,0.785149490758765,276,0.391519519932721,0,0.0371065780121382,"physiofeedback_PMC12821712","defensible",98,"itt_observed","complete_case","log","pooled","satterthwaite"
"endpoint","none","sd3_winsor","lm","model",0.0134412899880378,0.0517606436288873,0.79530434992726,276,0.394332732041523,0,0.0340861635260409,"physiofeedback_PMC12821712","defensible",99,"itt_observed","complete_case","log","pooled","satterthwaite"
"endpoint","published","sd3_winsor","lm","model",0.017466702174036,0.0526778075779134,0.740469475891795,276,0.387402841464983,0,0.0450866651054618,"physiofeedback_PMC12821712","defensible",100,"itt_observed","complete_case","log","pooled","satterthwaite"
"endpoint","none","iqr15_winsor","lm","model",0.0126371414602671,0.0504997091572897,0.80258783638905,276,0.384726442392665,0,0.0328470831941654,"physiofeedback_PMC12821712","defensible",101,"itt_observed","complete_case","log","pooled","satterthwaite"
"endpoint","published","iqr15_winsor","lm","model",0.0157548030799106,0.0514024731154968,0.759463669712724,276,0.378023783807209,0,0.0416767509209036,"physiofeedback_PMC12821712","defensible",102,"itt_observed","complete_case","log","pooled","satterthwaite"
"endpoint","none","mad_winsor","lm","model",0.0129919673984348,0.0506602411816429,0.797793566285302,276,0.385949437844523,0,0.0336623560614396,"physiofeedback_PMC12821712","defensible",103,"itt_observed","complete_case","log","pooled","satterthwaite"
"endpoint","published","mad_winsor","lm","model",0.0162165695983474,0.0515650928147693,0.753396522969376,276,0.379219720701187,0,0.0427629912504617,"physiofeedback_PMC12821712","defensible",104,"itt_observed","complete_case","log","pooled","satterthwaite"
"endpoint","none","none","mixed_ri","model",0.0105794647110368,0.0523425633334747,0.839973110960328,276,0.398766022875067,1,0.0265305068740808,"physiofeedback_PMC12821712","defensible",105,"itt_observed","complete_case","log","pooled","satterthwaite"
"endpoint","published","none","mixed_ri","model",0.0145279496096565,0.0532375804369963,0.785149490758796,276,0.391519519932721,1,0.0371065780121333,"physiofeedback_PMC12821712","defensible",106,"itt_observed","complete_case","log","pooled","satterthwaite"
"endpoint","none","sd3_winsor","mixed_ri","model",0.0134412899880379,0.0517606436288885,0.795304349927272,276,0.394332732041523,1,0.034086163526041,"physiofeedback_PMC12821712","defensible",107,"itt_observed","complete_case","log","pooled","satterthwaite"
"endpoint","published","sd3_winsor","mixed_ri","model",0.0174667021740337,0.0526778075779142,0.740469475891836,276,0.387402841464983,1,0.0450866651054559,"physiofeedback_PMC12821712","defensible",108,"itt_observed","complete_case","log","pooled","satterthwaite"
"endpoint","none","iqr15_winsor","mixed_ri","model",0.0126371414602674,0.0504997091572908,0.802587836389058,276,0.384726442392664,1,0.032847083194166,"physiofeedback_PMC12821712","defensible",109,"itt_observed","complete_case","log","pooled","satterthwaite"
"endpoint","published","iqr15_winsor","mixed_ri","model",0.0157548030799096,0.0514024731154979,0.759463669712756,276,0.378023783807208,1,0.0416767509209011,"physiofeedback_PMC12821712","defensible",110,"itt_observed","complete_case","log","pooled","satterthwaite"
"endpoint","none","mad_winsor","mixed_ri","model",0.0129919673984345,0.0506602411816431,0.797793566285309,276,0.385949437844523,1,0.0336623560614389,"physiofeedback_PMC12821712","defensible",111,"itt_observed","complete_case","log","pooled","satterthwaite"
"endpoint","published","mad_winsor","mixed_ri","model",0.0162165695983456,0.0515650928147704,0.753396522969414,276,0.379219720701187,1,0.042762991250457,"physiofeedback_PMC12821712","defensible",112,"itt_observed","complete_case","log","pooled","satterthwaite"
"endpoint","none","none","lm","hc3",0.0105794647110364,0.0512099260035641,0.8364834099719,276,0.398766022875067,0,0.0265305068740797,"physiofeedback_PMC12821712","defensible",113,"itt_observed","complete_case","log","pooled","satterthwaite"
"endpoint","published","none","lm","hc3",0.0145279496096584,0.0530519496107108,0.784416358325049,276,0.391519519932721,0,0.0371065780121382,"physiofeedback_PMC12821712","defensible",114,"itt_observed","complete_case","log","pooled","satterthwaite"
"endpoint","none","sd3_winsor","lm","hc3",0.0134412899880378,0.050204257255461,0.789106986323843,276,0.394332732041523,0,0.0340861635260409,"physiofeedback_PMC12821712","defensible",115,"itt_observed","complete_case","log","pooled","satterthwaite"
"endpoint","published","sd3_winsor","lm","hc3",0.017466702174036,0.0517900250721624,0.736185904785454,276,0.387402841464983,0,0.0450866651054618,"physiofeedback_PMC12821712","defensible",116,"itt_observed","complete_case","log","pooled","satterthwaite"
"endpoint","none","iqr15_winsor","lm","hc3",0.0126371414602671,0.0489588657645676,0.79650997158845,276,0.384726442392665,0,0.0328470831941654,"physiofeedback_PMC12821712","defensible",117,"itt_observed","complete_case","log","pooled","satterthwaite"
"endpoint","published","iqr15_winsor","lm","hc3",0.0157548030799106,0.0501290773181171,0.753550233860005,276,0.378023783807209,0,0.0416767509209036,"physiofeedback_PMC12821712","defensible",118,"itt_observed","complete_case","log","pooled","satterthwaite"
"endpoint","none","mad_winsor","lm","hc3",0.0129919673984348,0.0490893665858258,0.791470751950712,276,0.385949437844523,0,0.0336623560614396,"physiofeedback_PMC12821712","defensible",119,"itt_observed","complete_case","log","pooled","satterthwaite"
"endpoint","published","mad_winsor","lm","hc3",0.0162165695983474,0.0503025091936731,0.747416414997553,276,0.379219720701187,0,0.0427629912504617,"physiofeedback_PMC12821712","defensible",120,"itt_observed","complete_case","log","pooled","satterthwaite"
"endpoint","none","none","mixed_ri","hc3",0.0105794647110368,0.0523425633334747,0.839973110960328,276,0.398766022875067,1,0.0265305068740808,"physiofeedback_PMC12821712","defensible",121,"itt_observed","complete_case","log","pooled","satterthwaite"
"endpoint","published","none","mixed_ri","hc3",0.0145279496096565,0.0532375804369963,0.785149490758796,276,0.391519519932721,1,0.0371065780121333,"physiofeedback_PMC12821712","defensible",122,"itt_observed","complete_case","log","pooled","satterthwaite"
"endpoint","none","sd3_winsor","mixed_ri","hc3",0.0134412899880379,0.0517606436288885,0.795304349927272,276,0.394332732041523,1,0.034086163526041,"physiofeedback_PMC12821712","defensible",123,"itt_observed","complete_case","log","pooled","satterthwaite"
"endpoint","published","sd3_winsor","mixed_ri","hc3",0.0174667021740337,0.0526778075779142,0.740469475891836,276,0.387402841464983,1,0.0450866651054559,"physiofeedback_PMC12821712","defensible",124,"itt_observed","complete_case","log","pooled","satterthwaite"
"endpoint","none","iqr15_winsor","mixed_ri","hc3",0.0126371414602674,0.0504997091572908,0.802587836389058,276,0.384726442392664,1,0.032847083194166,"physiofeedback_PMC12821712","defensible",125,"itt_observed","complete_case","log","pooled","satterthwaite"
"endpoint","published","iqr15_winsor","mixed_ri","hc3",0.0157548030799096,0.0514024731154979,0.759463669712756,276,0.378023783807208,1,0.0416767509209011,"physiofeedback_PMC12821712","defensible",126,"itt_observed","complete_case","log","pooled","satterthwaite"
"endpoint","none","mad_winsor","mixed_ri","hc3",0.0129919673984345,0.0506602411816431,0.797793566285309,276,0.385949437844523,1,0.0336623560614389,"physiofeedback_PMC12821712","defensible",127,"itt_observed","complete_case","log","pooled","satterthwaite"
"endpoint","published","mad_winsor","mixed_ri","hc3",0.0162165695983456,0.0515650928147704,0.753396522969414,276,0.379219720701187,1,0.042762991250457,"physiofeedback_PMC12821712","defensible",128,"itt_observed","complete_case","log","pooled","satterthwaite"
"endpoint","none","none","lm","permutation",0.0105794647110364,0.050571535813178,0.82,276,0.398766022875067,0,0.0265305068740797,"physiofeedback_PMC12821712","defensible",129,"itt_observed","complete_case","log","pooled","satterthwaite"
"endpoint","published","none","lm","permutation",0.0145279496096584,0.0521309700834444,0.778,276,0.391519519932721,0,0.0371065780121382,"physiofeedback_PMC12821712","defensible",130,"itt_observed","complete_case","log","pooled","satterthwaite"
"endpoint","none","sd3_winsor","lm","permutation",0.0134412899880378,0.0526473066097331,0.814,276,0.394332732041523,0,0.0340861635260409,"physiofeedback_PMC12821712","defensible",131,"itt_observed","complete_case","log","pooled","satterthwaite"
"endpoint","published","sd3_winsor","lm","permutation",0.017466702174036,0.050241598247317,0.732,276,0.387402841464983,0,0.0450866651054618,"physiofeedback_PMC12821712","defensible",132,"itt_observed","complete_case","log","pooled","satterthwaite"
"endpoint","none","iqr15_winsor","lm","permutation",0.0126371414602671,0.0496910133964632,0.836,276,0.384726442392665,0,0.0328470831941654,"physiofeedback_PMC12821712","defensible",133,"itt_observed","complete_case","log","pooled","satterthwaite"
"endpoint","published","iqr15_winsor","lm","permutation",0.0157548030799106,0.0486204085730887,0.734,276,0.378023783807209,0,0.0416767509209036,"physiofeedback_PMC12821712","defensible",134,"itt_observed","complete_case","log","pooled","satterthwaite"
"endpoint","none","mad_winsor","lm","permutation",0.0129919673984348,0.0516468033403107,0.816,276,0.385949437844523,0,0.0336623560614396,"physiofeedback_PMC12821712","defensible",135,"itt_observed","complete_case","log","pooled","satterthwaite"
"endpoint","published","mad_winsor","lm","permutation",0.0162165695983474,0.0513128723044591,0.754,276,0.379219720701187,0,0.0427629912504617,"physiofeedback_PMC12821712","defensible",136,"itt_observed","complete_case","log","pooled","satterthwaite"
"endpoint","none","none","mixed_ri","permutation",0.0105794647110368,0.0523425633334747,0.839973110960328,276,0.398766022875067,1,0.0265305068740808,"physiofeedback_PMC12821712","defensible",137,"itt_observed","complete_case","log","pooled","satterthwaite"
"endpoint","published","none","mixed_ri","permutation",0.0145279496096565,0.0532375804369963,0.785149490758796,276,0.391519519932721,1,0.0371065780121333,"physiofeedback_PMC12821712","defensible",138,"itt_observed","complete_case","log","pooled","satterthwaite"
"endpoint","none","sd3_winsor","mixed_ri","permutation",0.0134412899880379,0.0517606436288885,0.795304349927272,276,0.394332732041523,1,0.034086163526041,"physiofeedback_PMC12821712","defensible",139,"itt_observed","complete_case","log","pooled","satterthwaite"
"endpoint","published","sd3_winsor","mixed_ri","permutation",0.0174667021740337,0.0526778075779142,0.740469475891836,276,0.387402841464983,1,0.0450866651054559,"physiofeedback_PMC12821712","defensible",140,"itt_observed","complete_case","log","pooled","satterthwaite"
"endpoint","none","iqr15_winsor","mixed_ri","permutation",0.0126371414602674,0.0504997091572908,0.802587836389058,276,0.384726442392664,1,0.032847083194166,"physiofeedback_PMC12821712","defensible",141,"itt_observed","complete_case","log","pooled","satterthwaite"
"endpoint","published","iqr15_winsor","mixed_ri","permutation",0.0157548030799096,0.0514024731154979,0.759463669712756,276,0.378023783807208,1,0.0416767509209011,"physiofeedback_PMC12821712","defensible",142,"itt_observed","complete_case","log","pooled","satterthwaite"
"endpoint","none","mad_winsor","mixed_ri","permutation",0.0129919673984345,0.0506602411816431,0.797793566285309,276,0.385949437844523,1,0.0336623560614389,"physiofeedback_PMC12821712","defensible",143,"itt_observed","complete_case","log","pooled","satterthwaite"
"endpoint","published","mad_winsor","mixed_ri","permutation",0.0162165695983456,0.0515650928147704,0.753396522969414,276,0.379219720701187,1,0.042762991250457,"physiofeedback_PMC12821712","defensible",144,"itt_observed","complete_case","log","pooled","satterthwaite"
"endpoint","none","none","lm","model",0.0105794647110364,0.0523425633334735,0.839973110960328,276,0.398766022875067,0,0.0265305068740797,"physiofeedback_PMC12821712","defensible",145,"completers","complete_case","log","pooled","satterthwaite"
"endpoint","published","none","lm","model",0.0145279496096584,0.0532375804369962,0.785149490758765,276,0.391519519932721,0,0.0371065780121382,"physiofeedback_PMC12821712","defensible",146,"completers","complete_case","log","pooled","satterthwaite"
"endpoint","none","sd3_winsor","lm","model",0.0134412899880378,0.0517606436288873,0.79530434992726,276,0.394332732041523,0,0.0340861635260409,"physiofeedback_PMC12821712","defensible",147,"completers","complete_case","log","pooled","satterthwaite"
"endpoint","published","sd3_winsor","lm","model",0.017466702174036,0.0526778075779134,0.740469475891795,276,0.387402841464983,0,0.0450866651054618,"physiofeedback_PMC12821712","defensible",148,"completers","complete_case","log","pooled","satterthwaite"
"endpoint","none","iqr15_winsor","lm","model",0.0126371414602671,0.0504997091572897,0.80258783638905,276,0.384726442392665,0,0.0328470831941654,"physiofeedback_PMC12821712","defensible",149,"completers","complete_case","log","pooled","satterthwaite"
"endpoint","published","iqr15_winsor","lm","model",0.0157548030799106,0.0514024731154968,0.759463669712724,276,0.378023783807209,0,0.0416767509209036,"physiofeedback_PMC12821712","defensible",150,"completers","complete_case","log","pooled","satterthwaite"
"endpoint","none","mad_winsor","lm","model",0.0129919673984348,0.0506602411816429,0.797793566285302,276,0.385949437844523,0,0.0336623560614396,"physiofeedback_PMC12821712","defensible",151,"completers","complete_case","log","pooled","satterthwaite"
"endpoint","published","mad_winsor","lm","model",0.0162165695983474,0.0515650928147693,0.753396522969376,276,0.379219720701187,0,0.0427629912504617,"physiofeedback_PMC12821712","defensible",152,"completers","complete_case","log","pooled","satterthwaite"
"endpoint","none","none","mixed_ri","model",0.0105794647110368,0.0523425633334747,0.839973110960328,276,0.398766022875067,1,0.0265305068740808,"physiofeedback_PMC12821712","defensible",153,"completers","complete_case","log","pooled","satterthwaite"
"endpoint","published","none","mixed_ri","model",0.0145279496096565,0.0532375804369963,0.785149490758796,276,0.391519519932721,1,0.0371065780121333,"physiofeedback_PMC12821712","defensible",154,"completers","complete_case","log","pooled","satterthwaite"
"endpoint","none","sd3_winsor","mixed_ri","model",0.0134412899880379,0.0517606436288885,0.795304349927272,276,0.394332732041523,1,0.034086163526041,"physiofeedback_PMC12821712","defensible",155,"completers","complete_case","log","pooled","satterthwaite"
"endpoint","published","sd3_winsor","mixed_ri","model",0.0174667021740337,0.0526778075779142,0.740469475891836,276,0.387402841464983,1,0.0450866651054559,"physiofeedback_PMC12821712","defensible",156,"completers","complete_case","log","pooled","satterthwaite"
"endpoint","none","iqr15_winsor","mixed_ri","model",0.0126371414602674,0.0504997091572908,0.802587836389058,276,0.384726442392664,1,0.032847083194166,"physiofeedback_PMC12821712","defensible",157,"completers","complete_case","log","pooled","satterthwaite"
"endpoint","published","iqr15_winsor","mixed_ri","model",0.0157548030799096,0.0514024731154979,0.759463669712756,276,0.378023783807208,1,0.0416767509209011,"physiofeedback_PMC12821712","defensible",158,"completers","complete_case","log","pooled","satterthwaite"
"endpoint","none","mad_winsor","mixed_ri","model",0.0129919673984345,0.0506602411816431,0.797793566285309,276,0.385949437844523,1,0.0336623560614389,"physiofeedback_PMC12821712","defensible",159,"completers","complete_case","log","pooled","satterthwaite"
"endpoint","published","mad_winsor","mixed_ri","model",0.0162165695983456,0.0515650928147704,0.753396522969414,276,0.379219720701187,1,0.042762991250457,"physiofeedback_PMC12821712","defensible",160,"completers","complete_case","log","pooled","satterthwaite"
"endpoint","none","none","lm","hc3",0.0105794647110364,0.0512099260035641,0.8364834099719,276,0.398766022875067,0,0.0265305068740797,"physiofeedback_PMC12821712","defensible",161,"completers","complete_case","log","pooled","satterthwaite"
"endpoint","published","none","lm","hc3",0.0145279496096584,0.0530519496107108,0.784416358325049,276,0.391519519932721,0,0.0371065780121382,"physiofeedback_PMC12821712","defensible",162,"completers","complete_case","log","pooled","satterthwaite"
"endpoint","none","sd3_winsor","lm","hc3",0.0134412899880378,0.050204257255461,0.789106986323843,276,0.394332732041523,0,0.0340861635260409,"physiofeedback_PMC12821712","defensible",163,"completers","complete_case","log","pooled","satterthwaite"
"endpoint","published","sd3_winsor","lm","hc3",0.017466702174036,0.0517900250721624,0.736185904785454,276,0.387402841464983,0,0.0450866651054618,"physiofeedback_PMC12821712","defensible",164,"completers","complete_case","log","pooled","satterthwaite"
"endpoint","none","iqr15_winsor","lm","hc3",0.0126371414602671,0.0489588657645676,0.79650997158845,276,0.384726442392665,0,0.0328470831941654,"physiofeedback_PMC12821712","defensible",165,"completers","complete_case","log","pooled","satterthwaite"
"endpoint","published","iqr15_winsor","lm","hc3",0.0157548030799106,0.0501290773181171,0.753550233860005,276,0.378023783807209,0,0.0416767509209036,"physiofeedback_PMC12821712","defensible",166,"completers","complete_case","log","pooled","satterthwaite"
"endpoint","none","mad_winsor","lm","hc3",0.0129919673984348,0.0490893665858258,0.791470751950712,276,0.385949437844523,0,0.0336623560614396,"physiofeedback_PMC12821712","defensible",167,"completers","complete_case","log","pooled","satterthwaite"
"endpoint","published","mad_winsor","lm","hc3",0.0162165695983474,0.0503025091936731,0.747416414997553,276,0.379219720701187,0,0.0427629912504617,"physiofeedback_PMC12821712","defensible",168,"completers","complete_case","log","pooled","satterthwaite"
"endpoint","none","none","mixed_ri","hc3",0.0105794647110368,0.0523425633334747,0.839973110960328,276,0.398766022875067,1,0.0265305068740808,"physiofeedback_PMC12821712","defensible",169,"completers","complete_case","log","pooled","satterthwaite"
"endpoint","published","none","mixed_ri","hc3",0.0145279496096565,0.0532375804369963,0.785149490758796,276,0.391519519932721,1,0.0371065780121333,"physiofeedback_PMC12821712","defensible",170,"completers","complete_case","log","pooled","satterthwaite"
"endpoint","none","sd3_winsor","mixed_ri","hc3",0.0134412899880379,0.0517606436288885,0.795304349927272,276,0.394332732041523,1,0.034086163526041,"physiofeedback_PMC12821712","defensible",171,"completers","complete_case","log","pooled","satterthwaite"
"endpoint","published","sd3_winsor","mixed_ri","hc3",0.0174667021740337,0.0526778075779142,0.740469475891836,276,0.387402841464983,1,0.0450866651054559,"physiofeedback_PMC12821712","defensible",172,"completers","complete_case","log","pooled","satterthwaite"
"endpoint","none","iqr15_winsor","mixed_ri","hc3",0.0126371414602674,0.0504997091572908,0.802587836389058,276,0.384726442392664,1,0.032847083194166,"physiofeedback_PMC12821712","defensible",173,"completers","complete_case","log","pooled","satterthwaite"
"endpoint","published","iqr15_winsor","mixed_ri","hc3",0.0157548030799096,0.0514024731154979,0.759463669712756,276,0.378023783807208,1,0.0416767509209011,"physiofeedback_PMC12821712","defensible",174,"completers","complete_case","log","pooled","satterthwaite"
"endpoint","none","mad_winsor","mixed_ri","hc3",0.0129919673984345,0.0506602411816431,0.797793566285309,276,0.385949437844523,1,0.0336623560614389,"physiofeedback_PMC12821712","defensible",175,"completers","complete_case","log","pooled","satterthwaite"
"endpoint","published","mad_winsor","mixed_ri","hc3",0.0162165695983456,0.0515650928147704,0.753396522969414,276,0.379219720701187,1,0.042762991250457,"physiofeedback_PMC12821712","defensible",176,"completers","complete_case","log","pooled","satterthwaite"
"endpoint","none","none","lm","permutation",0.0105794647110364,0.0552703929966052,0.842,276,0.398766022875067,0,0.0265305068740797,"physiofeedback_PMC12821712","defensible",177,"completers","complete_case","log","pooled","satterthwaite"
"endpoint","published","none","lm","permutation",0.0145279496096584,0.054005670508716,0.792,276,0.391519519932721,0,0.0371065780121382,"physiofeedback_PMC12821712","defensible",178,"completers","complete_case","log","pooled","satterthwaite"
"endpoint","none","sd3_winsor","lm","permutation",0.0134412899880378,0.0545511671925579,0.81,276,0.394332732041523,0,0.0340861635260409,"physiofeedback_PMC12821712","defensible",179,"completers","complete_case","log","pooled","satterthwaite"
"endpoint","published","sd3_winsor","lm","permutation",0.017466702174036,0.0517287092214041,0.726,276,0.387402841464983,0,0.0450866651054618,"physiofeedback_PMC12821712","defensible",180,"completers","complete_case","log","pooled","satterthwaite"
"endpoint","none","iqr15_winsor","lm","permutation",0.0126371414602671,0.048557598906127,0.79,276,0.384726442392665,0,0.0328470831941654,"physiofeedback_PMC12821712","defensible",181,"completers","complete_case","log","pooled","satterthwaite"
"endpoint","published","iqr15_winsor","lm","permutation",0.0157548030799106,0.0506201839726372,0.774,276,0.378023783807209,0,0.0416767509209036,"physiofeedback_PMC12821712","defensible",182,"completers","complete_case","log","pooled","satterthwaite"
"endpoint","none","mad_winsor","lm","permutation",0.0129919673984348,0.0503694938033392,0.8,276,0.385949437844523,0,0.0336623560614396,"physiofeedback_PMC12821712","defensible",183,"completers","complete_case","log","pooled","satterthwaite"
"endpoint","published","mad_winsor","lm","permutation",0.0162165695983474,0.0503136449850172,0.774,276,0.379219720701187,0,0.0427629912504617,"physiofeedback_PMC12821712","defensible",184,"completers","complete_case","log","pooled","satterthwaite"
"endpoint","none","none","mixed_ri","permutation",0.0105794647110368,0.0523425633334747,0.839973110960328,276,0.398766022875067,1,0.0265305068740808,"physiofeedback_PMC12821712","defensible",185,"completers","complete_case","log","pooled","satterthwaite"
"endpoint","published","none","mixed_ri","permutation",0.0145279496096565,0.0532375804369963,0.785149490758796,276,0.391519519932721,1,0.0371065780121333,"physiofeedback_PMC12821712","defensible",186,"completers","complete_case","log","pooled","satterthwaite"
"endpoint","none","sd3_winsor","mixed_ri","permutation",0.0134412899880379,0.0517606436288885,0.795304349927272,276,0.394332732041523,1,0.034086163526041,"physiofeedback_PMC12821712","defensible",187,"completers","complete_case","log","pooled","satterthwaite"
"endpoint","published","sd3_winsor","mixed_ri","permutation",0.0174667021740337,0.0526778075779142,0.740469475891836,276,0.387402841464983,1,0.0450866651054559,"physiofeedback_PMC12821712","defensible",188,"completers","complete_case","log","pooled","satterthwaite"
"endpoint","none","iqr15_winsor","mixed_ri","permutation",0.0126371414602674,0.0504997091572908,0.802587836389058,276,0.384726442392664,1,0.032847083194166,"physiofeedback_PMC12821712","defensible",189,"completers","complete_case","log","pooled","satterthwaite"
"endpoint","published","iqr15_winsor","mixed_ri","permutation",0.0157548030799096,0.0514024731154979,0.759463669712756,276,0.378023783807208,1,0.0416767509209011,"physiofeedback_PMC12821712","defensible",190,"completers","complete_case","log","pooled","satterthwaite"
"endpoint","none","mad_winsor","mixed_ri","permutation",0.0129919673984345,0.0506602411816431,0.797793566285309,276,0.385949437844523,1,0.0336623560614389,"physiofeedback_PMC12821712","defensible",191,"completers","complete_case","log","pooled","satterthwaite"
"endpoint","published","mad_winsor","mixed_ri","permutation",0.0162165695983456,0.0515650928147704,0.753396522969414,276,0.379219720701187,1,0.042762991250457,"physiofeedback_PMC12821712","defensible",192,"completers","complete_case","log","pooled","satterthwaite"
"endpoint","none","sd3_winsor","lm","model",0.0238984884178726,0.0428514741132636,0.577501083603394,276,0.326459210597206,0,0.0732051283655133,"physiofeedback_PMC12821712","defensible",193,"itt_observed","complete_case","none","armwise","satterthwaite"
"endpoint","published","sd3_winsor","lm","model",0.03020711614811,0.0435204268363985,0.48822888916691,276,0.32005768260672,0,0.0943802251584376,"physiofeedback_PMC12821712","defensible",194,"itt_observed","complete_case","none","armwise","satterthwaite"
"endpoint","none","iqr15_winsor","lm","model",0.0237538928448793,0.0402502541884507,0.555573054576198,276,0.306642104632553,0,0.0774645506472227,"physiofeedback_PMC12821712","defensible",195,"itt_observed","complete_case","none","armwise","satterthwaite"
"endpoint","published","iqr15_winsor","lm","model",0.0287057603768346,0.0408595938440813,0.48295052211593,276,0.300489399314694,0,0.0955300268239141,"physiofeedback_PMC12821712","defensible",196,"itt_observed","complete_case","none","armwise","satterthwaite"
"endpoint","none","mad_winsor","lm","model",0.0234251818541338,0.0405753603313036,0.56419379503919,276,0.309118889782943,0,0.0757804929701402,"physiofeedback_PMC12821712","defensible",197,"itt_observed","complete_case","none","armwise","satterthwaite"
"endpoint","published","mad_winsor","lm","model",0.0284148932019012,0.0411899271819335,0.490887334913732,276,0.302918734922963,0,0.0938036837144707,"physiofeedback_PMC12821712","defensible",198,"itt_observed","complete_case","none","armwise","satterthwaite"
"endpoint","none","sd3_winsor","mixed_ri","model",0.024225128385462,0.0432317741186325,0.586833256523482,276,0.326346774916302,0,0.0742312480081194,"physiofeedback_PMC12821712","defensible",199,"itt_observed","complete_case","none","armwise","satterthwaite"
"endpoint","published","sd3_winsor","mixed_ri","model",0.0302071161481109,0.0435204268363986,0.488228889166905,276,0.32005768260672,1,0.0943802251584404,"physiofeedback_PMC12821712","defensible",200,"itt_observed","complete_case","none","armwise","satterthwaite"
"endpoint","none","iqr15_winsor","mixed_ri","model",0.0237538928448813,0.0402502541884513,0.5555730545762,276,0.306642104632552,1,0.0774645506472293,"physiofeedback_PMC12821712","defensible",201,"itt_observed","complete_case","none","armwise","satterthwaite"
"endpoint","published","iqr15_winsor","mixed_ri","model",0.0287057603768355,0.0408595938440814,0.482950522115921,276,0.300489399314694,1,0.0955300268239174,"physiofeedback_PMC12821712","defensible",202,"itt_observed","complete_case","none","armwise","satterthwaite"
"endpoint","none","mad_winsor","mixed_ri","model",0.0234251818541351,0.0405753603313037,0.564193795039177,276,0.309118889782943,1,0.0757804929701442,"physiofeedback_PMC12821712","defensible",203,"itt_observed","complete_case","none","armwise","satterthwaite"
"endpoint","published","mad_winsor","mixed_ri","model",0.0284148932019019,0.0411899271819336,0.490887334913728,276,0.302918734922963,1,0.093803683714473,"physiofeedback_PMC12821712","defensible",204,"itt_observed","complete_case","none","armwise","satterthwaite"
"endpoint","none","sd3_winsor","lm","hc3",0.0238984884178726,0.040562416577477,0.556227236016164,276,0.326459210597206,0,0.0732051283655133,"physiofeedback_PMC12821712","defensible",205,"itt_observed","complete_case","none","armwise","satterthwaite"
"endpoint","published","sd3_winsor","lm","hc3",0.03020711614811,0.0429572458700085,0.482549897157817,276,0.32005768260672,0,0.0943802251584376,"physiofeedback_PMC12821712","defensible",206,"itt_observed","complete_case","none","armwise","satterthwaite"
"endpoint","none","iqr15_winsor","lm","hc3",0.0237538928448793,0.0378143828963952,0.530415255946163,276,0.306642104632553,0,0.0774645506472227,"physiofeedback_PMC12821712","defensible",207,"itt_observed","complete_case","none","armwise","satterthwaite"
"endpoint","published","iqr15_winsor","lm","hc3",0.0287057603768346,0.0393216625667144,0.466015476279683,276,0.300489399314694,0,0.0955300268239141,"physiofeedback_PMC12821712","defensible",208,"itt_observed","complete_case","none","armwise","satterthwaite"
"endpoint","none","mad_winsor","lm","hc3",0.0234251818541338,0.0382004037407277,0.540240768620135,276,0.309118889782943,0,0.0757804929701402,"physiofeedback_PMC12821712","defensible",209,"itt_observed","complete_case","none","armwise","satterthwaite"
"endpoint","published","mad_winsor","lm","hc3",0.0284148932019012,0.0397991583596189,0.475877333216419,276,0.302918734922963,0,0.0938036837144707,"physiofeedback_PMC12821712","defensible",210,"itt_observed","complete_case","none","armwise","satterthwaite"
"endpoint","none","sd3_winsor","mixed_ri","hc3",0.024225128385462,0.0432317741186325,0.586833256523482,276,0.326346774916302,0,0.0742312480081194,"physiofeedback_PMC12821712","defensible",211,"itt_observed","complete_case","none","armwise","satterthwaite"
"endpoint","published","sd3_winsor","mixed_ri","hc3",0.0302071161481109,0.0435204268363986,0.488228889166905,276,0.32005768260672,1,0.0943802251584404,"physiofeedback_PMC12821712","defensible",212,"itt_observed","complete_case","none","armwise","satterthwaite"
"endpoint","none","iqr15_winsor","mixed_ri","hc3",0.0237538928448813,0.0402502541884513,0.5555730545762,276,0.306642104632552,1,0.0774645506472293,"physiofeedback_PMC12821712","defensible",213,"itt_observed","complete_case","none","armwise","satterthwaite"
"endpoint","published","iqr15_winsor","mixed_ri","hc3",0.0287057603768355,0.0408595938440814,0.482950522115921,276,0.300489399314694,1,0.0955300268239174,"physiofeedback_PMC12821712","defensible",214,"itt_observed","complete_case","none","armwise","satterthwaite"
"endpoint","none","mad_winsor","mixed_ri","hc3",0.0234251818541351,0.0405753603313037,0.564193795039177,276,0.309118889782943,1,0.0757804929701442,"physiofeedback_PMC12821712","defensible",215,"itt_observed","complete_case","none","armwise","satterthwaite"
"endpoint","published","mad_winsor","mixed_ri","hc3",0.0284148932019019,0.0411899271819336,0.490887334913728,276,0.302918734922963,1,0.093803683714473,"physiofeedback_PMC12821712","defensible",216,"itt_observed","complete_case","none","armwise","satterthwaite"
"endpoint","none","sd3_winsor","lm","permutation",0.0238984884178726,0.0413209261513456,0.578,276,0.326459210597206,0,0.0732051283655133,"physiofeedback_PMC12821712","defensible",217,"itt_observed","complete_case","none","armwise","satterthwaite"
"endpoint","published","sd3_winsor","lm","permutation",0.03020711614811,0.0427480479119459,0.506,276,0.32005768260672,0,0.0943802251584376,"physiofeedback_PMC12821712","defensible",218,"itt_observed","complete_case","none","armwise","satterthwaite"
"endpoint","none","iqr15_winsor","lm","permutation",0.0237538928448793,0.0385888832921296,0.538,276,0.306642104632553,0,0.0774645506472227,"physiofeedback_PMC12821712","defensible",219,"itt_observed","complete_case","none","armwise","satterthwaite"
"endpoint","published","iqr15_winsor","lm","permutation",0.0287057603768346,0.0390445103971841,0.454,276,0.300489399314694,0,0.0955300268239141,"physiofeedback_PMC12821712","defensible",220,"itt_observed","complete_case","none","armwise","satterthwaite"
"endpoint","none","mad_winsor","lm","permutation",0.0234251818541338,0.0378395871555719,0.536,276,0.309118889782943,0,0.0757804929701402,"physiofeedback_PMC12821712","defensible",221,"itt_observed","complete_case","none","armwise","satterthwaite"
"endpoint","published","mad_winsor","lm","permutation",0.0284148932019012,0.0401415393234224,0.494,276,0.302918734922963,0,0.0938036837144707,"physiofeedback_PMC12821712","defensible",222,"itt_observed","complete_case","none","armwise","satterthwaite"
"endpoint","none","sd3_winsor","mixed_ri","permutation",0.024225128385462,0.0432317741186325,0.586833256523482,276,0.326346774916302,0,0.0742312480081194,"physiofeedback_PMC12821712","defensible",223,"itt_observed","complete_case","none","armwise","satterthwaite"
"endpoint","published","sd3_winsor","mixed_ri","permutation",0.0302071161481109,0.0435204268363986,0.488228889166905,276,0.32005768260672,1,0.0943802251584404,"physiofeedback_PMC12821712","defensible",224,"itt_observed","complete_case","none","armwise","satterthwaite"
"endpoint","none","iqr15_winsor","mixed_ri","permutation",0.0237538928448813,0.0402502541884513,0.5555730545762,276,0.306642104632552,1,0.0774645506472293,"physiofeedback_PMC12821712","defensible",225,"itt_observed","complete_case","none","armwise","satterthwaite"
"endpoint","published","iqr15_winsor","mixed_ri","permutation",0.0287057603768355,0.0408595938440814,0.482950522115921,276,0.300489399314694,1,0.0955300268239174,"physiofeedback_PMC12821712","defensible",226,"itt_observed","complete_case","none","armwise","satterthwaite"
"endpoint","none","mad_winsor","mixed_ri","permutation",0.0234251818541351,0.0405753603313037,0.564193795039177,276,0.309118889782943,1,0.0757804929701442,"physiofeedback_PMC12821712","defensible",227,"itt_observed","complete_case","none","armwise","satterthwaite"
"endpoint","published","mad_winsor","mixed_ri","permutation",0.0284148932019019,0.0411899271819336,0.490887334913728,276,0.302918734922963,1,0.093803683714473,"physiofeedback_PMC12821712","defensible",228,"itt_observed","complete_case","none","armwise","satterthwaite"
"endpoint","none","sd3_winsor","lm","model",0.0238984884178726,0.0428514741132636,0.577501083603394,276,0.326459210597206,0,0.0732051283655133,"physiofeedback_PMC12821712","defensible",229,"completers","complete_case","none","armwise","satterthwaite"
"endpoint","published","sd3_winsor","lm","model",0.03020711614811,0.0435204268363985,0.48822888916691,276,0.32005768260672,0,0.0943802251584376,"physiofeedback_PMC12821712","defensible",230,"completers","complete_case","none","armwise","satterthwaite"
"endpoint","none","iqr15_winsor","lm","model",0.0237538928448793,0.0402502541884507,0.555573054576198,276,0.306642104632553,0,0.0774645506472227,"physiofeedback_PMC12821712","defensible",231,"completers","complete_case","none","armwise","satterthwaite"
"endpoint","published","iqr15_winsor","lm","model",0.0287057603768346,0.0408595938440813,0.48295052211593,276,0.300489399314694,0,0.0955300268239141,"physiofeedback_PMC12821712","defensible",232,"completers","complete_case","none","armwise","satterthwaite"
"endpoint","none","mad_winsor","lm","model",0.0234251818541338,0.0405753603313036,0.56419379503919,276,0.309118889782943,0,0.0757804929701402,"physiofeedback_PMC12821712","defensible",233,"completers","complete_case","none","armwise","satterthwaite"
"endpoint","published","mad_winsor","lm","model",0.0284148932019012,0.0411899271819335,0.490887334913732,276,0.302918734922963,0,0.0938036837144707,"physiofeedback_PMC12821712","defensible",234,"completers","complete_case","none","armwise","satterthwaite"
"endpoint","none","sd3_winsor","mixed_ri","model",0.024225128385462,0.0432317741186325,0.586833256523482,276,0.326346774916302,0,0.0742312480081194,"physiofeedback_PMC12821712","defensible",235,"completers","complete_case","none","armwise","satterthwaite"
"endpoint","published","sd3_winsor","mixed_ri","model",0.0302071161481109,0.0435204268363986,0.488228889166905,276,0.32005768260672,1,0.0943802251584404,"physiofeedback_PMC12821712","defensible",236,"completers","complete_case","none","armwise","satterthwaite"
"endpoint","none","iqr15_winsor","mixed_ri","model",0.0237538928448813,0.0402502541884513,0.5555730545762,276,0.306642104632552,1,0.0774645506472293,"physiofeedback_PMC12821712","defensible",237,"completers","complete_case","none","armwise","satterthwaite"
"endpoint","published","iqr15_winsor","mixed_ri","model",0.0287057603768355,0.0408595938440814,0.482950522115921,276,0.300489399314694,1,0.0955300268239174,"physiofeedback_PMC12821712","defensible",238,"completers","complete_case","none","armwise","satterthwaite"
"endpoint","none","mad_winsor","mixed_ri","model",0.0234251818541351,0.0405753603313037,0.564193795039177,276,0.309118889782943,1,0.0757804929701442,"physiofeedback_PMC12821712","defensible",239,"completers","complete_case","none","armwise","satterthwaite"
"endpoint","published","mad_winsor","mixed_ri","model",0.0284148932019019,0.0411899271819336,0.490887334913728,276,0.302918734922963,1,0.093803683714473,"physiofeedback_PMC12821712","defensible",240,"completers","complete_case","none","armwise","satterthwaite"
"endpoint","none","sd3_winsor","lm","hc3",0.0238984884178726,0.040562416577477,0.556227236016164,276,0.326459210597206,0,0.0732051283655133,"physiofeedback_PMC12821712","defensible",241,"completers","complete_case","none","armwise","satterthwaite"
"endpoint","published","sd3_winsor","lm","hc3",0.03020711614811,0.0429572458700085,0.482549897157817,276,0.32005768260672,0,0.0943802251584376,"physiofeedback_PMC12821712","defensible",242,"completers","complete_case","none","armwise","satterthwaite"
"endpoint","none","iqr15_winsor","lm","hc3",0.0237538928448793,0.0378143828963952,0.530415255946163,276,0.306642104632553,0,0.0774645506472227,"physiofeedback_PMC12821712","defensible",243,"completers","complete_case","none","armwise","satterthwaite"
"endpoint","published","iqr15_winsor","lm","hc3",0.0287057603768346,0.0393216625667144,0.466015476279683,276,0.300489399314694,0,0.0955300268239141,"physiofeedback_PMC12821712","defensible",244,"completers","complete_case","none","armwise","satterthwaite"
"endpoint","none","mad_winsor","lm","hc3",0.0234251818541338,0.0382004037407277,0.540240768620135,276,0.309118889782943,0,0.0757804929701402,"physiofeedback_PMC12821712","defensible",245,"completers","complete_case","none","armwise","satterthwaite"
"endpoint","published","mad_winsor","lm","hc3",0.0284148932019012,0.0397991583596189,0.475877333216419,276,0.302918734922963,0,0.0938036837144707,"physiofeedback_PMC12821712","defensible",246,"completers","complete_case","none","armwise","satterthwaite"
"endpoint","none","sd3_winsor","mixed_ri","hc3",0.024225128385462,0.0432317741186325,0.586833256523482,276,0.326346774916302,0,0.0742312480081194,"physiofeedback_PMC12821712","defensible",247,"completers","complete_case","none","armwise","satterthwaite"
"endpoint","published","sd3_winsor","mixed_ri","hc3",0.0302071161481109,0.0435204268363986,0.488228889166905,276,0.32005768260672,1,0.0943802251584404,"physiofeedback_PMC12821712","defensible",248,"completers","complete_case","none","armwise","satterthwaite"
"endpoint","none","iqr15_winsor","mixed_ri","hc3",0.0237538928448813,0.0402502541884513,0.5555730545762,276,0.306642104632552,1,0.0774645506472293,"physiofeedback_PMC12821712","defensible",249,"completers","complete_case","none","armwise","satterthwaite"
"endpoint","published","iqr15_winsor","mixed_ri","hc3",0.0287057603768355,0.0408595938440814,0.482950522115921,276,0.300489399314694,1,0.0955300268239174,"physiofeedback_PMC12821712","defensible",250,"completers","complete_case","none","armwise","satterthwaite"
"endpoint","none","mad_winsor","mixed_ri","hc3",0.0234251818541351,0.0405753603313037,0.564193795039177,276,0.309118889782943,1,0.0757804929701442,"physiofeedback_PMC12821712","defensible",251,"completers","complete_case","none","armwise","satterthwaite"
"endpoint","published","mad_winsor","mixed_ri","hc3",0.0284148932019019,0.0411899271819336,0.490887334913728,276,0.302918734922963,1,0.093803683714473,"physiofeedback_PMC12821712","defensible",252,"completers","complete_case","none","armwise","satterthwaite"
"endpoint","none","sd3_winsor","lm","permutation",0.0238984884178726,0.0417637425477886,0.576,276,0.326459210597206,0,0.0732051283655133,"physiofeedback_PMC12821712","defensible",253,"completers","complete_case","none","armwise","satterthwaite"
"endpoint","published","sd3_winsor","lm","permutation",0.03020711614811,0.0427339885216927,0.45,276,0.32005768260672,0,0.0943802251584376,"physiofeedback_PMC12821712","defensible",254,"completers","complete_case","none","armwise","satterthwaite"
"endpoint","none","iqr15_winsor","lm","permutation",0.0237538928448793,0.0391220083016873,0.53,276,0.306642104632553,0,0.0774645506472227,"physiofeedback_PMC12821712","defensible",255,"completers","complete_case","none","armwise","satterthwaite"
"endpoint","published","iqr15_winsor","lm","permutation",0.0287057603768346,0.0395776643306864,0.514,276,0.300489399314694,0,0.0955300268239141,"physiofeedback_PMC12821712","defensible",256,"completers","complete_case","none","armwise","satterthwaite"
"endpoint","none","mad_winsor","lm","permutation",0.0234251818541338,0.0415379658931671,0.602,276,0.309118889782943,0,0.0757804929701402,"physiofeedback_PMC12821712","defensible",257,"completers","complete_case","none","armwise","satterthwaite"
"endpoint","published","mad_winsor","lm","permutation",0.0284148932019012,0.0396692643934591,0.506,276,0.302918734922963,0,0.0938036837144707,"physiofeedback_PMC12821712","defensible",258,"completers","complete_case","none","armwise","satterthwaite"
"endpoint","none","sd3_winsor","mixed_ri","permutation",0.024225128385462,0.0432317741186325,0.586833256523482,276,0.326346774916302,0,0.0742312480081194,"physiofeedback_PMC12821712","defensible",259,"completers","complete_case","none","armwise","satterthwaite"
"endpoint","published","sd3_winsor","mixed_ri","permutation",0.0302071161481109,0.0435204268363986,0.488228889166905,276,0.32005768260672,1,0.0943802251584404,"physiofeedback_PMC12821712","defensible",260,"completers","complete_case","none","armwise","satterthwaite"
"endpoint","none","iqr15_winsor","mixed_ri","permutation",0.0237538928448813,0.0402502541884513,0.5555730545762,276,0.306642104632552,1,0.0774645506472293,"physiofeedback_PMC12821712","defensible",261,"completers","complete_case","none","armwise","satterthwaite"
"endpoint","published","iqr15_winsor","mixed_ri","permutation",0.0287057603768355,0.0408595938440814,0.482950522115921,276,0.300489399314694,1,0.0955300268239174,"physiofeedback_PMC12821712","defensible",262,"completers","complete_case","none","armwise","satterthwaite"
"endpoint","none","mad_winsor","mixed_ri","permutation",0.0234251818541351,0.0405753603313037,0.564193795039177,276,0.309118889782943,1,0.0757804929701442,"physiofeedback_PMC12821712","defensible",263,"completers","complete_case","none","armwise","satterthwaite"
"endpoint","published","mad_winsor","mixed_ri","permutation",0.0284148932019019,0.0411899271819336,0.490887334913728,276,0.302918734922963,1,0.093803683714473,"physiofeedback_PMC12821712","defensible",264,"completers","complete_case","none","armwise","satterthwaite"
"endpoint","none","sd3_winsor","lm","model",0.0142592644368952,0.0517269455234193,0.783013814973381,276,0.3940760067564,0,0.0361840462053546,"physiofeedback_PMC12821712","defensible",265,"itt_observed","complete_case","log","armwise","satterthwaite"
"endpoint","published","sd3_winsor","lm","model",0.0184234426348311,0.0526447029652394,0.726646001686229,276,0.387159383705346,0,0.0475861968228892,"physiofeedback_PMC12821712","defensible",266,"itt_observed","complete_case","log","armwise","satterthwaite"
"endpoint","none","iqr15_winsor","lm","model",0.0142882654549049,0.0505132430427764,0.777496372502214,276,0.384829548800641,0,0.0371288158599976,"physiofeedback_PMC12821712","defensible",267,"itt_observed","complete_case","log","armwise","satterthwaite"
"endpoint","published","iqr15_winsor","lm","model",0.0176563831087902,0.051423049376613,0.731601289189162,276,0.378175105633033,0,0.0466883801863025,"physiofeedback_PMC12821712","defensible",268,"itt_observed","complete_case","log","armwise","satterthwaite"
"endpoint","none","mad_winsor","lm","model",0.0140399677990403,0.0506804360760638,0.781966454592871,276,0.386103290411492,0,0.0363632430691723,"physiofeedback_PMC12821712","defensible",269,"itt_observed","complete_case","log","armwise","satterthwaite"
"endpoint","published","mad_winsor","lm","model",0.0174276380974478,0.051589746468974,0.735770270289866,276,0.379401028468738,0,0.045934609528566,"physiofeedback_PMC12821712","defensible",270,"itt_observed","complete_case","log","armwise","satterthwaite"
"endpoint","none","sd3_winsor","mixed_ri","model",0.0142592644368947,0.0517269455234195,0.783013814973392,276,0.3940760067564,1,0.0361840462053533,"physiofeedback_PMC12821712","defensible",271,"itt_observed","complete_case","log","armwise","satterthwaite"
"endpoint","published","sd3_winsor","mixed_ri","model",0.0184234426348289,0.0526447029652395,0.726646001686258,276,0.387159383705346,1,0.0475861968228837,"physiofeedback_PMC12821712","defensible",272,"itt_observed","complete_case","log","armwise","satterthwaite"
"endpoint","none","iqr15_winsor","mixed_ri","model",0.0142882654549049,0.0505132430427775,0.777496372502226,276,0.384829548800641,1,0.0371288158599975,"physiofeedback_PMC12821712","defensible",273,"itt_observed","complete_case","log","armwise","satterthwaite"
"endpoint","published","iqr15_winsor","mixed_ri","model",0.0176563831087884,0.0514230493766141,0.731601289189196,276,0.378175105633033,1,0.0466883801862978,"physiofeedback_PMC12821712","defensible",274,"itt_observed","complete_case","log","armwise","satterthwaite"
"endpoint","none","mad_winsor","mixed_ri","model",0.0140399677990406,0.0506804360760662,0.781966454592891,276,0.386103290411492,1,0.036363243069173,"physiofeedback_PMC12821712","defensible",275,"itt_observed","complete_case","log","armwise","satterthwaite"
"endpoint","published","mad_winsor","mixed_ri","model",0.0174276380974456,0.0515897464689741,0.735770270289904,276,0.379401028468738,1,0.04593460952856,"physiofeedback_PMC12821712","defensible",276,"itt_observed","complete_case","log","armwise","satterthwaite"
"endpoint","none","sd3_winsor","lm","hc3",0.0142592644368952,0.0500654446160044,0.776002942284893,276,0.3940760067564,0,0.0361840462053546,"physiofeedback_PMC12821712","defensible",277,"itt_observed","complete_case","log","armwise","satterthwaite"
"endpoint","published","sd3_winsor","lm","hc3",0.0184234426348311,0.0516442727211217,0.721570179248303,276,0.387159383705346,0,0.0475861968228892,"physiofeedback_PMC12821712","defensible",278,"itt_observed","complete_case","log","armwise","satterthwaite"
"endpoint","none","iqr15_winsor","lm","hc3",0.0142882654549049,0.0487987725653022,0.769896877853546,276,0.384829548800641,0,0.0371288158599976,"physiofeedback_PMC12821712","defensible",279,"itt_observed","complete_case","log","armwise","satterthwaite"
"endpoint","published","iqr15_winsor","lm","hc3",0.0176563831087902,0.0499737772259309,0.724132625189505,276,0.378175105633033,0,0.0466883801863025,"physiofeedback_PMC12821712","defensible",280,"itt_observed","complete_case","log","armwise","satterthwaite"
"endpoint","none","mad_winsor","lm","hc3",0.0140399677990403,0.0489970860120117,0.774675752605427,276,0.386103290411492,0,0.0363632430691723,"physiofeedback_PMC12821712","defensible",281,"itt_observed","complete_case","log","armwise","satterthwaite"
"endpoint","published","mad_winsor","lm","hc3",0.0174276380974478,0.0502157028408127,0.728822978654245,276,0.379401028468738,0,0.045934609528566,"physiofeedback_PMC12821712","defensible",282,"itt_observed","complete_case","log","armwise","satterthwaite"
"endpoint","none","sd3_winsor","mixed_ri","hc3",0.0142592644368947,0.0517269455234195,0.783013814973392,276,0.3940760067564,1,0.0361840462053533,"physiofeedback_PMC12821712","defensible",283,"itt_observed","complete_case","log","armwise","satterthwaite"
"endpoint","published","sd3_winsor","mixed_ri","hc3",0.0184234426348289,0.0526447029652395,0.726646001686258,276,0.387159383705346,1,0.0475861968228837,"physiofeedback_PMC12821712","defensible",284,"itt_observed","complete_case","log","armwise","satterthwaite"
"endpoint","none","iqr15_winsor","mixed_ri","hc3",0.0142882654549049,0.0505132430427775,0.777496372502226,276,0.384829548800641,1,0.0371288158599975,"physiofeedback_PMC12821712","defensible",285,"itt_observed","complete_case","log","armwise","satterthwaite"
"endpoint","published","iqr15_winsor","mixed_ri","hc3",0.0176563831087884,0.0514230493766141,0.731601289189196,276,0.378175105633033,1,0.0466883801862978,"physiofeedback_PMC12821712","defensible",286,"itt_observed","complete_case","log","armwise","satterthwaite"
"endpoint","none","mad_winsor","mixed_ri","hc3",0.0140399677990406,0.0506804360760662,0.781966454592891,276,0.386103290411492,1,0.036363243069173,"physiofeedback_PMC12821712","defensible",287,"itt_observed","complete_case","log","armwise","satterthwaite"
"endpoint","published","mad_winsor","mixed_ri","hc3",0.0174276380974456,0.0515897464689741,0.735770270289904,276,0.379401028468738,1,0.04593460952856,"physiofeedback_PMC12821712","defensible",288,"itt_observed","complete_case","log","armwise","satterthwaite"
"endpoint","none","sd3_winsor","lm","permutation",0.0142592644368952,0.054943297553249,0.812,276,0.3940760067564,0,0.0361840462053546,"physiofeedback_PMC12821712","defensible",289,"itt_observed","complete_case","log","armwise","satterthwaite"
"endpoint","published","sd3_winsor","lm","permutation",0.0184234426348311,0.0509242291593133,0.694,276,0.387159383705346,0,0.0475861968228892,"physiofeedback_PMC12821712","defensible",290,"itt_observed","complete_case","log","armwise","satterthwaite"
"endpoint","none","iqr15_winsor","lm","permutation",0.0142882654549049,0.0537756756366224,0.812,276,0.384829548800641,0,0.0371288158599976,"physiofeedback_PMC12821712","defensible",291,"itt_observed","complete_case","log","armwise","satterthwaite"
"endpoint","published","iqr15_winsor","lm","permutation",0.0176563831087902,0.0492710811758105,0.732,276,0.378175105633033,0,0.0466883801863025,"physiofeedback_PMC12821712","defensible",292,"itt_observed","complete_case","log","armwise","satterthwaite"
"endpoint","none","mad_winsor","lm","permutation",0.0140399677990403,0.0483981921956004,0.784,276,0.386103290411492,0,0.0363632430691723,"physiofeedback_PMC12821712","defensible",293,"itt_observed","complete_case","log","armwise","satterthwaite"
"endpoint","published","mad_winsor","lm","permutation",0.0174276380974478,0.0499363528627216,0.724,276,0.379401028468738,0,0.045934609528566,"physiofeedback_PMC12821712","defensible",294,"itt_observed","complete_case","log","armwise","satterthwaite"
"endpoint","none","sd3_winsor","mixed_ri","permutation",0.0142592644368947,0.0517269455234195,0.783013814973392,276,0.3940760067564,1,0.0361840462053533,"physiofeedback_PMC12821712","defensible",295,"itt_observed","complete_case","log","armwise","satterthwaite"
"endpoint","published","sd3_winsor","mixed_ri","permutation",0.0184234426348289,0.0526447029652395,0.726646001686258,276,0.387159383705346,1,0.0475861968228837,"physiofeedback_PMC12821712","defensible",296,"itt_observed","complete_case","log","armwise","satterthwaite"
"endpoint","none","iqr15_winsor","mixed_ri","permutation",0.0142882654549049,0.0505132430427775,0.777496372502226,276,0.384829548800641,1,0.0371288158599975,"physiofeedback_PMC12821712","defensible",297,"itt_observed","complete_case","log","armwise","satterthwaite"
"endpoint","published","iqr15_winsor","mixed_ri","permutation",0.0176563831087884,0.0514230493766141,0.731601289189196,276,0.378175105633033,1,0.0466883801862978,"physiofeedback_PMC12821712","defensible",298,"itt_observed","complete_case","log","armwise","satterthwaite"
"endpoint","none","mad_winsor","mixed_ri","permutation",0.0140399677990406,0.0506804360760662,0.781966454592891,276,0.386103290411492,1,0.036363243069173,"physiofeedback_PMC12821712","defensible",299,"itt_observed","complete_case","log","armwise","satterthwaite"
"endpoint","published","mad_winsor","mixed_ri","permutation",0.0174276380974456,0.0515897464689741,0.735770270289904,276,0.379401028468738,1,0.04593460952856,"physiofeedback_PMC12821712","defensible",300,"itt_observed","complete_case","log","armwise","satterthwaite"
"endpoint","none","sd3_winsor","lm","model",0.0142592644368952,0.0517269455234193,0.783013814973381,276,0.3940760067564,0,0.0361840462053546,"physiofeedback_PMC12821712","defensible",301,"completers","complete_case","log","armwise","satterthwaite"
"endpoint","published","sd3_winsor","lm","model",0.0184234426348311,0.0526447029652394,0.726646001686229,276,0.387159383705346,0,0.0475861968228892,"physiofeedback_PMC12821712","defensible",302,"completers","complete_case","log","armwise","satterthwaite"
"endpoint","none","iqr15_winsor","lm","model",0.0142882654549049,0.0505132430427764,0.777496372502214,276,0.384829548800641,0,0.0371288158599976,"physiofeedback_PMC12821712","defensible",303,"completers","complete_case","log","armwise","satterthwaite"
"endpoint","published","iqr15_winsor","lm","model",0.0176563831087902,0.051423049376613,0.731601289189162,276,0.378175105633033,0,0.0466883801863025,"physiofeedback_PMC12821712","defensible",304,"completers","complete_case","log","armwise","satterthwaite"
"endpoint","none","mad_winsor","lm","model",0.0140399677990403,0.0506804360760638,0.781966454592871,276,0.386103290411492,0,0.0363632430691723,"physiofeedback_PMC12821712","defensible",305,"completers","complete_case","log","armwise","satterthwaite"
"endpoint","published","mad_winsor","lm","model",0.0174276380974478,0.051589746468974,0.735770270289866,276,0.379401028468738,0,0.045934609528566,"physiofeedback_PMC12821712","defensible",306,"completers","complete_case","log","armwise","satterthwaite"
"endpoint","none","sd3_winsor","mixed_ri","model",0.0142592644368947,0.0517269455234195,0.783013814973392,276,0.3940760067564,1,0.0361840462053533,"physiofeedback_PMC12821712","defensible",307,"completers","complete_case","log","armwise","satterthwaite"
"endpoint","published","sd3_winsor","mixed_ri","model",0.0184234426348289,0.0526447029652395,0.726646001686258,276,0.387159383705346,1,0.0475861968228837,"physiofeedback_PMC12821712","defensible",308,"completers","complete_case","log","armwise","satterthwaite"
"endpoint","none","iqr15_winsor","mixed_ri","model",0.0142882654549049,0.0505132430427775,0.777496372502226,276,0.384829548800641,1,0.0371288158599975,"physiofeedback_PMC12821712","defensible",309,"completers","complete_case","log","armwise","satterthwaite"
"endpoint","published","iqr15_winsor","mixed_ri","model",0.0176563831087884,0.0514230493766141,0.731601289189196,276,0.378175105633033,1,0.0466883801862978,"physiofeedback_PMC12821712","defensible",310,"completers","complete_case","log","armwise","satterthwaite"
"endpoint","none","mad_winsor","mixed_ri","model",0.0140399677990406,0.0506804360760662,0.781966454592891,276,0.386103290411492,1,0.036363243069173,"physiofeedback_PMC12821712","defensible",311,"completers","complete_case","log","armwise","satterthwaite"
"endpoint","published","mad_winsor","mixed_ri","model",0.0174276380974456,0.0515897464689741,0.735770270289904,276,0.379401028468738,1,0.04593460952856,"physiofeedback_PMC12821712","defensible",312,"completers","complete_case","log","armwise","satterthwaite"
"endpoint","none","sd3_winsor","lm","hc3",0.0142592644368952,0.0500654446160044,0.776002942284893,276,0.3940760067564,0,0.0361840462053546,"physiofeedback_PMC12821712","defensible",313,"completers","complete_case","log","armwise","satterthwaite"
"endpoint","published","sd3_winsor","lm","hc3",0.0184234426348311,0.0516442727211217,0.721570179248303,276,0.387159383705346,0,0.0475861968228892,"physiofeedback_PMC12821712","defensible",314,"completers","complete_case","log","armwise","satterthwaite"
"endpoint","none","iqr15_winsor","lm","hc3",0.0142882654549049,0.0487987725653022,0.769896877853546,276,0.384829548800641,0,0.0371288158599976,"physiofeedback_PMC12821712","defensible",315,"completers","complete_case","log","armwise","satterthwaite"
"endpoint","published","iqr15_winsor","lm","hc3",0.0176563831087902,0.0499737772259309,0.724132625189505,276,0.378175105633033,0,0.0466883801863025,"physiofeedback_PMC12821712","defensible",316,"completers","complete_case","log","armwise","satterthwaite"
"endpoint","none","mad_winsor","lm","hc3",0.0140399677990403,0.0489970860120117,0.774675752605427,276,0.386103290411492,0,0.0363632430691723,"physiofeedback_PMC12821712","defensible",317,"completers","complete_case","log","armwise","satterthwaite"
"endpoint","published","mad_winsor","lm","hc3",0.0174276380974478,0.0502157028408127,0.728822978654245,276,0.379401028468738,0,0.045934609528566,"physiofeedback_PMC12821712","defensible",318,"completers","complete_case","log","armwise","satterthwaite"
"endpoint","none","sd3_winsor","mixed_ri","hc3",0.0142592644368947,0.0517269455234195,0.783013814973392,276,0.3940760067564,1,0.0361840462053533,"physiofeedback_PMC12821712","defensible",319,"completers","complete_case","log","armwise","satterthwaite"
"endpoint","published","sd3_winsor","mixed_ri","hc3",0.0184234426348289,0.0526447029652395,0.726646001686258,276,0.387159383705346,1,0.0475861968228837,"physiofeedback_PMC12821712","defensible",320,"completers","complete_case","log","armwise","satterthwaite"
"endpoint","none","iqr15_winsor","mixed_ri","hc3",0.0142882654549049,0.0505132430427775,0.777496372502226,276,0.384829548800641,1,0.0371288158599975,"physiofeedback_PMC12821712","defensible",321,"completers","complete_case","log","armwise","satterthwaite"
"endpoint","published","iqr15_winsor","mixed_ri","hc3",0.0176563831087884,0.0514230493766141,0.731601289189196,276,0.378175105633033,1,0.0466883801862978,"physiofeedback_PMC12821712","defensible",322,"completers","complete_case","log","armwise","satterthwaite"
"endpoint","none","mad_winsor","mixed_ri","hc3",0.0140399677990406,0.0506804360760662,0.781966454592891,276,0.386103290411492,1,0.036363243069173,"physiofeedback_PMC12821712","defensible",323,"completers","complete_case","log","armwise","satterthwaite"
"endpoint","published","mad_winsor","mixed_ri","hc3",0.0174276380974456,0.0515897464689741,0.735770270289904,276,0.379401028468738,1,0.04593460952856,"physiofeedback_PMC12821712","defensible",324,"completers","complete_case","log","armwise","satterthwaite"
"endpoint","none","sd3_winsor","lm","permutation",0.0142592644368952,0.052476356460575,0.778,276,0.3940760067564,0,0.0361840462053546,"physiofeedback_PMC12821712","defensible",325,"completers","complete_case","log","armwise","satterthwaite"
"endpoint","published","sd3_winsor","lm","permutation",0.0184234426348311,0.0520232381569297,0.712,276,0.387159383705346,0,0.0475861968228892,"physiofeedback_PMC12821712","defensible",326,"completers","complete_case","log","armwise","satterthwaite"
"endpoint","none","iqr15_winsor","lm","permutation",0.0142882654549049,0.0514112930137144,0.814,276,0.384829548800641,0,0.0371288158599976,"physiofeedback_PMC12821712","defensible",327,"completers","complete_case","log","armwise","satterthwaite"
"endpoint","published","iqr15_winsor","lm","permutation",0.0176563831087902,0.0506755399464042,0.724,276,0.378175105633033,0,0.0466883801863025,"physiofeedback_PMC12821712","defensible",328,"completers","complete_case","log","armwise","satterthwaite"
"endpoint","none","mad_winsor","lm","permutation",0.0140399677990403,0.0510582921611773,0.79,276,0.386103290411492,0,0.0363632430691723,"physiofeedback_PMC12821712","defensible",329,"completers","complete_case","log","armwise","satterthwaite"
"endpoint","published","mad_winsor","lm","permutation",0.0174276380974478,0.0497998183531143,0.718,276,0.379401028468738,0,0.045934609528566,"physiofeedback_PMC12821712","defensible",330,"completers","complete_case","log","armwise","satterthwaite"
"endpoint","none","sd3_winsor","mixed_ri","permutation",0.0142592644368947,0.0517269455234195,0.783013814973392,276,0.3940760067564,1,0.0361840462053533,"physiofeedback_PMC12821712","defensible",331,"completers","complete_case","log","armwise","satterthwaite"
"endpoint","published","sd3_winsor","mixed_ri","permutation",0.0184234426348289,0.0526447029652395,0.726646001686258,276,0.387159383705346,1,0.0475861968228837,"physiofeedback_PMC12821712","defensible",332,"completers","complete_case","log","armwise","satterthwaite"
"endpoint","none","iqr15_winsor","mixed_ri","permutation",0.0142882654549049,0.0505132430427775,0.777496372502226,276,0.384829548800641,1,0.0371288158599975,"physiofeedback_PMC12821712","defensible",333,"completers","complete_case","log","armwise","satterthwaite"
"endpoint","published","iqr15_winsor","mixed_ri","permutation",0.0176563831087884,0.0514230493766141,0.731601289189196,276,0.378175105633033,1,0.0466883801862978,"physiofeedback_PMC12821712","defensible",334,"completers","complete_case","log","armwise","satterthwaite"
"endpoint","none","mad_winsor","mixed_ri","permutation",0.0140399677990406,0.0506804360760662,0.781966454592891,276,0.386103290411492,1,0.036363243069173,"physiofeedback_PMC12821712","defensible",335,"completers","complete_case","log","armwise","satterthwaite"
"endpoint","published","mad_winsor","mixed_ri","permutation",0.0174276380974456,0.0515897464689741,0.735770270289904,276,0.379401028468738,1,0.04593460952856,"physiofeedback_PMC12821712","defensible",336,"completers","complete_case","log","armwise","satterthwaite"
"endpoint","none","none","mixed_ri","model",0.0169101784594342,0.0447232888570167,0.712824757645071,276,0.339242684827316,0,0.0498468477457131,"physiofeedback_PMC12821712","defensible",337,"itt_observed","complete_case","none","pooled","kenward_roger"
"endpoint","published","none","mixed_ri","model",0.0226050369997621,0.045204063463604,0.617440151013581,276,0.332439473789074,1,0.0679974515123453,"physiofeedback_PMC12821712","defensible",338,"itt_observed","complete_case","none","pooled","kenward_roger"
"endpoint","none","sd3_winsor","mixed_ri","model",0.0225535669531679,0.0430723467479675,0.611249212884007,276,0.327026982239498,0,0.06896546211178,"physiofeedback_PMC12821712","defensible",339,"itt_observed","complete_case","none","pooled","kenward_roger"
"endpoint","published","sd3_winsor","mixed_ri","model",0.028487901831762,0.0436018249899799,0.514083305540484,276,0.320656300458095,1,0.0888424827176752,"physiofeedback_PMC12821712","defensible",340,"itt_observed","complete_case","none","pooled","kenward_roger"
"endpoint","none","iqr15_winsor","mixed_ri","model",0.0212540912746081,0.0402179837181823,0.59759933184198,276,0.306396255628112,1,0.0693679863385968,"physiofeedback_PMC12821712","defensible",341,"itt_observed","complete_case","none","pooled","kenward_roger"
"endpoint","published","iqr15_winsor","mixed_ri","model",0.0258253984195279,0.0408168384694719,0.52746170050614,276,0.300174967974948,1,0.0860344838004054,"physiofeedback_PMC12821712","defensible",342,"itt_observed","complete_case","none","pooled","kenward_roger"
"endpoint","none","mad_winsor","mixed_ri","model",0.0218028386644104,0.0405332333134855,0.591082506682457,276,0.308797949762404,1,0.0706055162645542,"physiofeedback_PMC12821712","defensible",343,"itt_observed","complete_case","none","pooled","kenward_roger"
"endpoint","published","mad_winsor","mixed_ri","model",0.0265395321522498,0.0411407019146031,0.519421568043998,276,0.302556722733911,1,0.0877175423915151,"physiofeedback_PMC12821712","defensible",344,"itt_observed","complete_case","none","pooled","kenward_roger"
"endpoint","none","none","mixed_ri","hc3",0.0169101784594342,0.0447232888570167,0.712824757645071,276,0.339242684827316,0,0.0498468477457131,"physiofeedback_PMC12821712","defensible",345,"itt_observed","complete_case","none","pooled","kenward_roger"
"endpoint","published","none","mixed_ri","hc3",0.0226050369997621,0.045204063463604,0.617440151013581,276,0.332439473789074,1,0.0679974515123453,"physiofeedback_PMC12821712","defensible",346,"itt_observed","complete_case","none","pooled","kenward_roger"
"endpoint","none","sd3_winsor","mixed_ri","hc3",0.0225535669531679,0.0430723467479675,0.611249212884007,276,0.327026982239498,0,0.06896546211178,"physiofeedback_PMC12821712","defensible",347,"itt_observed","complete_case","none","pooled","kenward_roger"
"endpoint","published","sd3_winsor","mixed_ri","hc3",0.028487901831762,0.0436018249899799,0.514083305540484,276,0.320656300458095,1,0.0888424827176752,"physiofeedback_PMC12821712","defensible",348,"itt_observed","complete_case","none","pooled","kenward_roger"
"endpoint","none","iqr15_winsor","mixed_ri","hc3",0.0212540912746081,0.0402179837181823,0.59759933184198,276,0.306396255628112,1,0.0693679863385968,"physiofeedback_PMC12821712","defensible",349,"itt_observed","complete_case","none","pooled","kenward_roger"
"endpoint","published","iqr15_winsor","mixed_ri","hc3",0.0258253984195279,0.0408168384694719,0.52746170050614,276,0.300174967974948,1,0.0860344838004054,"physiofeedback_PMC12821712","defensible",350,"itt_observed","complete_case","none","pooled","kenward_roger"
"endpoint","none","mad_winsor","mixed_ri","hc3",0.0218028386644104,0.0405332333134855,0.591082506682457,276,0.308797949762404,1,0.0706055162645542,"physiofeedback_PMC12821712","defensible",351,"itt_observed","complete_case","none","pooled","kenward_roger"
"endpoint","published","mad_winsor","mixed_ri","hc3",0.0265395321522498,0.0411407019146031,0.519421568043998,276,0.302556722733911,1,0.0877175423915151,"physiofeedback_PMC12821712","defensible",352,"itt_observed","complete_case","none","pooled","kenward_roger"
"endpoint","none","none","mixed_ri","model",0.0169101784594342,0.0447232888570167,0.712824757645071,276,0.339242684827316,0,0.0498468477457131,"physiofeedback_PMC12821712","defensible",353,"completers","complete_case","none","pooled","kenward_roger"
"endpoint","published","none","mixed_ri","model",0.0226050369997621,0.045204063463604,0.617440151013581,276,0.332439473789074,1,0.0679974515123453,"physiofeedback_PMC12821712","defensible",354,"completers","complete_case","none","pooled","kenward_roger"
"endpoint","none","sd3_winsor","mixed_ri","model",0.0225535669531679,0.0430723467479675,0.611249212884007,276,0.327026982239498,0,0.06896546211178,"physiofeedback_PMC12821712","defensible",355,"completers","complete_case","none","pooled","kenward_roger"
"endpoint","published","sd3_winsor","mixed_ri","model",0.028487901831762,0.0436018249899799,0.514083305540484,276,0.320656300458095,1,0.0888424827176752,"physiofeedback_PMC12821712","defensible",356,"completers","complete_case","none","pooled","kenward_roger"
"endpoint","none","iqr15_winsor","mixed_ri","model",0.0212540912746081,0.0402179837181823,0.59759933184198,276,0.306396255628112,1,0.0693679863385968,"physiofeedback_PMC12821712","defensible",357,"completers","complete_case","none","pooled","kenward_roger"
"endpoint","published","iqr15_winsor","mixed_ri","model",0.0258253984195279,0.0408168384694719,0.52746170050614,276,0.300174967974948,1,0.0860344838004054,"physiofeedback_PMC12821712","defensible",358,"completers","complete_case","none","pooled","kenward_roger"
"endpoint","none","mad_winsor","mixed_ri","model",0.0218028386644104,0.0405332333134855,0.591082506682457,276,0.308797949762404,1,0.0706055162645542,"physiofeedback_PMC12821712","defensible",359,"completers","complete_case","none","pooled","kenward_roger"
"endpoint","published","mad_winsor","mixed_ri","model",0.0265395321522498,0.0411407019146031,0.519421568043998,276,0.302556722733911,1,0.0877175423915151,"physiofeedback_PMC12821712","defensible",360,"completers","complete_case","none","pooled","kenward_roger"
"endpoint","none","none","mixed_ri","hc3",0.0169101784594342,0.0447232888570167,0.712824757645071,276,0.339242684827316,0,0.0498468477457131,"physiofeedback_PMC12821712","defensible",361,"completers","complete_case","none","pooled","kenward_roger"
"endpoint","published","none","mixed_ri","hc3",0.0226050369997621,0.045204063463604,0.617440151013581,276,0.332439473789074,1,0.0679974515123453,"physiofeedback_PMC12821712","defensible",362,"completers","complete_case","none","pooled","kenward_roger"
"endpoint","none","sd3_winsor","mixed_ri","hc3",0.0225535669531679,0.0430723467479675,0.611249212884007,276,0.327026982239498,0,0.06896546211178,"physiofeedback_PMC12821712","defensible",363,"completers","complete_case","none","pooled","kenward_roger"
"endpoint","published","sd3_winsor","mixed_ri","hc3",0.028487901831762,0.0436018249899799,0.514083305540484,276,0.320656300458095,1,0.0888424827176752,"physiofeedback_PMC12821712","defensible",364,"completers","complete_case","none","pooled","kenward_roger"
"endpoint","none","iqr15_winsor","mixed_ri","hc3",0.0212540912746081,0.0402179837181823,0.59759933184198,276,0.306396255628112,1,0.0693679863385968,"physiofeedback_PMC12821712","defensible",365,"completers","complete_case","none","pooled","kenward_roger"
"endpoint","published","iqr15_winsor","mixed_ri","hc3",0.0258253984195279,0.0408168384694719,0.52746170050614,276,0.300174967974948,1,0.0860344838004054,"physiofeedback_PMC12821712","defensible",366,"completers","complete_case","none","pooled","kenward_roger"
"endpoint","none","mad_winsor","mixed_ri","hc3",0.0218028386644104,0.0405332333134855,0.591082506682457,276,0.308797949762404,1,0.0706055162645542,"physiofeedback_PMC12821712","defensible",367,"completers","complete_case","none","pooled","kenward_roger"
"endpoint","published","mad_winsor","mixed_ri","hc3",0.0265395321522498,0.0411407019146031,0.519421568043998,276,0.302556722733911,1,0.0877175423915151,"physiofeedback_PMC12821712","defensible",368,"completers","complete_case","none","pooled","kenward_roger"
"endpoint","none","none","mixed_ri","model",0.0105794647110368,0.0523425633334747,0.839973110960328,276,0.398766022875067,1,0.0265305068740808,"physiofeedback_PMC12821712","defensible",369,"itt_observed","complete_case","log","pooled","kenward_roger"
"endpoint","published","none","mixed_ri","model",0.0145279496096565,0.0532375804369963,0.785149490758796,276,0.391519519932721,1,0.0371065780121333,"physiofeedback_PMC12821712","defensible",370,"itt_observed","complete_case","log","pooled","kenward_roger"
"endpoint","none","sd3_winsor","mixed_ri","model",0.0134412899880379,0.0517606436288885,0.795304349927272,276,0.394332732041523,1,0.034086163526041,"physiofeedback_PMC12821712","defensible",371,"itt_observed","complete_case","log","pooled","kenward_roger"
"endpoint","published","sd3_winsor","mixed_ri","model",0.0174667021740337,0.0526778075779142,0.740469475891836,276,0.387402841464983,1,0.0450866651054559,"physiofeedback_PMC12821712","defensible",372,"itt_observed","complete_case","log","pooled","kenward_roger"
"endpoint","none","iqr15_winsor","mixed_ri","model",0.0126371414602674,0.0504997091572908,0.802587836389058,276,0.384726442392664,1,0.032847083194166,"physiofeedback_PMC12821712","defensible",373,"itt_observed","complete_case","log","pooled","kenward_roger"
"endpoint","published","iqr15_winsor","mixed_ri","model",0.0157548030799096,0.0514024731154979,0.759463669712756,276,0.378023783807208,1,0.0416767509209011,"physiofeedback_PMC12821712","defensible",374,"itt_observed","complete_case","log","pooled","kenward_roger"
"endpoint","none","mad_winsor","mixed_ri","model",0.0129919673984345,0.0506602411816431,0.797793566285309,276,0.385949437844523,1,0.0336623560614389,"physiofeedback_PMC12821712","defensible",375,"itt_observed","complete_case","log","pooled","kenward_roger"
"endpoint","published","mad_winsor","mixed_ri","model",0.0162165695983456,0.0515650928147704,0.753396522969414,276,0.379219720701187,1,0.042762991250457,"physiofeedback_PMC12821712","defensible",376,"itt_observed","complete_case","log","pooled","kenward_roger"
"endpoint","none","none","mixed_ri","hc3",0.0105794647110368,0.0523425633334747,0.839973110960328,276,0.398766022875067,1,0.0265305068740808,"physiofeedback_PMC12821712","defensible",377,"itt_observed","complete_case","log","pooled","kenward_roger"
"endpoint","published","none","mixed_ri","hc3",0.0145279496096565,0.0532375804369963,0.785149490758796,276,0.391519519932721,1,0.0371065780121333,"physiofeedback_PMC12821712","defensible",378,"itt_observed","complete_case","log","pooled","kenward_roger"
"endpoint","none","sd3_winsor","mixed_ri","hc3",0.0134412899880379,0.0517606436288885,0.795304349927272,276,0.394332732041523,1,0.034086163526041,"physiofeedback_PMC12821712","defensible",379,"itt_observed","complete_case","log","pooled","kenward_roger"
"endpoint","published","sd3_winsor","mixed_ri","hc3",0.0174667021740337,0.0526778075779142,0.740469475891836,276,0.387402841464983,1,0.0450866651054559,"physiofeedback_PMC12821712","defensible",380,"itt_observed","complete_case","log","pooled","kenward_roger"
"endpoint","none","iqr15_winsor","mixed_ri","hc3",0.0126371414602674,0.0504997091572908,0.802587836389058,276,0.384726442392664,1,0.032847083194166,"physiofeedback_PMC12821712","defensible",381,"itt_observed","complete_case","log","pooled","kenward_roger"
"endpoint","published","iqr15_winsor","mixed_ri","hc3",0.0157548030799096,0.0514024731154979,0.759463669712756,276,0.378023783807208,1,0.0416767509209011,"physiofeedback_PMC12821712","defensible",382,"itt_observed","complete_case","log","pooled","kenward_roger"
"endpoint","none","mad_winsor","mixed_ri","hc3",0.0129919673984345,0.0506602411816431,0.797793566285309,276,0.385949437844523,1,0.0336623560614389,"physiofeedback_PMC12821712","defensible",383,"itt_observed","complete_case","log","pooled","kenward_roger"
"endpoint","published","mad_winsor","mixed_ri","hc3",0.0162165695983456,0.0515650928147704,0.753396522969414,276,0.379219720701187,1,0.042762991250457,"physiofeedback_PMC12821712","defensible",384,"itt_observed","complete_case","log","pooled","kenward_roger"
"endpoint","none","none","mixed_ri","model",0.0105794647110368,0.0523425633334747,0.839973110960328,276,0.398766022875067,1,0.0265305068740808,"physiofeedback_PMC12821712","defensible",385,"completers","complete_case","log","pooled","kenward_roger"
"endpoint","published","none","mixed_ri","model",0.0145279496096565,0.0532375804369963,0.785149490758796,276,0.391519519932721,1,0.0371065780121333,"physiofeedback_PMC12821712","defensible",386,"completers","complete_case","log","pooled","kenward_roger"
"endpoint","none","sd3_winsor","mixed_ri","model",0.0134412899880379,0.0517606436288885,0.795304349927272,276,0.394332732041523,1,0.034086163526041,"physiofeedback_PMC12821712","defensible",387,"completers","complete_case","log","pooled","kenward_roger"
"endpoint","published","sd3_winsor","mixed_ri","model",0.0174667021740337,0.0526778075779142,0.740469475891836,276,0.387402841464983,1,0.0450866651054559,"physiofeedback_PMC12821712","defensible",388,"completers","complete_case","log","pooled","kenward_roger"
"endpoint","none","iqr15_winsor","mixed_ri","model",0.0126371414602674,0.0504997091572908,0.802587836389058,276,0.384726442392664,1,0.032847083194166,"physiofeedback_PMC12821712","defensible",389,"completers","complete_case","log","pooled","kenward_roger"
"endpoint","published","iqr15_winsor","mixed_ri","model",0.0157548030799096,0.0514024731154979,0.759463669712756,276,0.378023783807208,1,0.0416767509209011,"physiofeedback_PMC12821712","defensible",390,"completers","complete_case","log","pooled","kenward_roger"
"endpoint","none","mad_winsor","mixed_ri","model",0.0129919673984345,0.0506602411816431,0.797793566285309,276,0.385949437844523,1,0.0336623560614389,"physiofeedback_PMC12821712","defensible",391,"completers","complete_case","log","pooled","kenward_roger"
"endpoint","published","mad_winsor","mixed_ri","model",0.0162165695983456,0.0515650928147704,0.753396522969414,276,0.379219720701187,1,0.042762991250457,"physiofeedback_PMC12821712","defensible",392,"completers","complete_case","log","pooled","kenward_roger"
"endpoint","none","none","mixed_ri","hc3",0.0105794647110368,0.0523425633334747,0.839973110960328,276,0.398766022875067,1,0.0265305068740808,"physiofeedback_PMC12821712","defensible",393,"completers","complete_case","log","pooled","kenward_roger"
"endpoint","published","none","mixed_ri","hc3",0.0145279496096565,0.0532375804369963,0.785149490758796,276,0.391519519932721,1,0.0371065780121333,"physiofeedback_PMC12821712","defensible",394,"completers","complete_case","log","pooled","kenward_roger"
"endpoint","none","sd3_winsor","mixed_ri","hc3",0.0134412899880379,0.0517606436288885,0.795304349927272,276,0.394332732041523,1,0.034086163526041,"physiofeedback_PMC12821712","defensible",395,"completers","complete_case","log","pooled","kenward_roger"
"endpoint","published","sd3_winsor","mixed_ri","hc3",0.0174667021740337,0.0526778075779142,0.740469475891836,276,0.387402841464983,1,0.0450866651054559,"physiofeedback_PMC12821712","defensible",396,"completers","complete_case","log","pooled","kenward_roger"
"endpoint","none","iqr15_winsor","mixed_ri","hc3",0.0126371414602674,0.0504997091572908,0.802587836389058,276,0.384726442392664,1,0.032847083194166,"physiofeedback_PMC12821712","defensible",397,"completers","complete_case","log","pooled","kenward_roger"
"endpoint","published","iqr15_winsor","mixed_ri","hc3",0.0157548030799096,0.0514024731154979,0.759463669712756,276,0.378023783807208,1,0.0416767509209011,"physiofeedback_PMC12821712","defensible",398,"completers","complete_case","log","pooled","kenward_roger"
"endpoint","none","mad_winsor","mixed_ri","hc3",0.0129919673984345,0.0506602411816431,0.797793566285309,276,0.385949437844523,1,0.0336623560614389,"physiofeedback_PMC12821712","defensible",399,"completers","complete_case","log","pooled","kenward_roger"
"endpoint","published","mad_winsor","mixed_ri","hc3",0.0162165695983456,0.0515650928147704,0.753396522969414,276,0.379219720701187,1,0.042762991250457,"physiofeedback_PMC12821712","defensible",400,"completers","complete_case","log","pooled","kenward_roger"
"endpoint","none","sd3_winsor","mixed_ri","model",0.024225128385462,0.0432317741186325,0.586833256523482,276,0.326346774916302,0,0.0742312480081194,"physiofeedback_PMC12821712","defensible",401,"itt_observed","complete_case","none","armwise","kenward_roger"
"endpoint","published","sd3_winsor","mixed_ri","model",0.0302071161481109,0.0435204268363986,0.488228889166905,276,0.32005768260672,1,0.0943802251584404,"physiofeedback_PMC12821712","defensible",402,"itt_observed","complete_case","none","armwise","kenward_roger"
"endpoint","none","iqr15_winsor","mixed_ri","model",0.0237538928448813,0.0402502541884513,0.5555730545762,276,0.306642104632552,1,0.0774645506472293,"physiofeedback_PMC12821712","defensible",403,"itt_observed","complete_case","none","armwise","kenward_roger"
"endpoint","published","iqr15_winsor","mixed_ri","model",0.0287057603768355,0.0408595938440814,0.482950522115921,276,0.300489399314694,1,0.0955300268239174,"physiofeedback_PMC12821712","defensible",404,"itt_observed","complete_case","none","armwise","kenward_roger"
"endpoint","none","mad_winsor","mixed_ri","model",0.0234251818541351,0.0405753603313037,0.564193795039177,276,0.309118889782943,1,0.0757804929701442,"physiofeedback_PMC12821712","defensible",405,"itt_observed","complete_case","none","armwise","kenward_roger"
"endpoint","published","mad_winsor","mixed_ri","model",0.0284148932019019,0.0411899271819336,0.490887334913728,276,0.302918734922963,1,0.093803683714473,"physiofeedback_PMC12821712","defensible",406,"itt_observed","complete_case","none","armwise","kenward_roger"
"endpoint","none","sd3_winsor","mixed_ri","hc3",0.024225128385462,0.0432317741186325,0.586833256523482,276,0.326346774916302,0,0.0742312480081194,"physiofeedback_PMC12821712","defensible",407,"itt_observed","complete_case","none","armwise","kenward_roger"
"endpoint","published","sd3_winsor","mixed_ri","hc3",0.0302071161481109,0.0435204268363986,0.488228889166905,276,0.32005768260672,1,0.0943802251584404,"physiofeedback_PMC12821712","defensible",408,"itt_observed","complete_case","none","armwise","kenward_roger"
"endpoint","none","iqr15_winsor","mixed_ri","hc3",0.0237538928448813,0.0402502541884513,0.5555730545762,276,0.306642104632552,1,0.0774645506472293,"physiofeedback_PMC12821712","defensible",409,"itt_observed","complete_case","none","armwise","kenward_roger"
"endpoint","published","iqr15_winsor","mixed_ri","hc3",0.0287057603768355,0.0408595938440814,0.482950522115921,276,0.300489399314694,1,0.0955300268239174,"physiofeedback_PMC12821712","defensible",410,"itt_observed","complete_case","none","armwise","kenward_roger"
"endpoint","none","mad_winsor","mixed_ri","hc3",0.0234251818541351,0.0405753603313037,0.564193795039177,276,0.309118889782943,1,0.0757804929701442,"physiofeedback_PMC12821712","defensible",411,"itt_observed","complete_case","none","armwise","kenward_roger"
"endpoint","published","mad_winsor","mixed_ri","hc3",0.0284148932019019,0.0411899271819336,0.490887334913728,276,0.302918734922963,1,0.093803683714473,"physiofeedback_PMC12821712","defensible",412,"itt_observed","complete_case","none","armwise","kenward_roger"
"endpoint","none","sd3_winsor","mixed_ri","model",0.024225128385462,0.0432317741186325,0.586833256523482,276,0.326346774916302,0,0.0742312480081194,"physiofeedback_PMC12821712","defensible",413,"completers","complete_case","none","armwise","kenward_roger"
"endpoint","published","sd3_winsor","mixed_ri","model",0.0302071161481109,0.0435204268363986,0.488228889166905,276,0.32005768260672,1,0.0943802251584404,"physiofeedback_PMC12821712","defensible",414,"completers","complete_case","none","armwise","kenward_roger"
"endpoint","none","iqr15_winsor","mixed_ri","model",0.0237538928448813,0.0402502541884513,0.5555730545762,276,0.306642104632552,1,0.0774645506472293,"physiofeedback_PMC12821712","defensible",415,"completers","complete_case","none","armwise","kenward_roger"
"endpoint","published","iqr15_winsor","mixed_ri","model",0.0287057603768355,0.0408595938440814,0.482950522115921,276,0.300489399314694,1,0.0955300268239174,"physiofeedback_PMC12821712","defensible",416,"completers","complete_case","none","armwise","kenward_roger"
"endpoint","none","mad_winsor","mixed_ri","model",0.0234251818541351,0.0405753603313037,0.564193795039177,276,0.309118889782943,1,0.0757804929701442,"physiofeedback_PMC12821712","defensible",417,"completers","complete_case","none","armwise","kenward_roger"
"endpoint","published","mad_winsor","mixed_ri","model",0.0284148932019019,0.0411899271819336,0.490887334913728,276,0.302918734922963,1,0.093803683714473,"physiofeedback_PMC12821712","defensible",418,"completers","complete_case","none","armwise","kenward_roger"
"endpoint","none","sd3_winsor","mixed_ri","hc3",0.024225128385462,0.0432317741186325,0.586833256523482,276,0.326346774916302,0,0.0742312480081194,"physiofeedback_PMC12821712","defensible",419,"completers","complete_case","none","armwise","kenward_roger"
"endpoint","published","sd3_winsor","mixed_ri","hc3",0.0302071161481109,0.0435204268363986,0.488228889166905,276,0.32005768260672,1,0.0943802251584404,"physiofeedback_PMC12821712","defensible",420,"completers","complete_case","none","armwise","kenward_roger"
"endpoint","none","iqr15_winsor","mixed_ri","hc3",0.0237538928448813,0.0402502541884513,0.5555730545762,276,0.306642104632552,1,0.0774645506472293,"physiofeedback_PMC12821712","defensible",421,"completers","complete_case","none","armwise","kenward_roger"
"endpoint","published","iqr15_winsor","mixed_ri","hc3",0.0287057603768355,0.0408595938440814,0.482950522115921,276,0.300489399314694,1,0.0955300268239174,"physiofeedback_PMC12821712","defensible",422,"completers","complete_case","none","armwise","kenward_roger"
"endpoint","none","mad_winsor","mixed_ri","hc3",0.0234251818541351,0.0405753603313037,0.564193795039177,276,0.309118889782943,1,0.0757804929701442,"physiofeedback_PMC12821712","defensible",423,"completers","complete_case","none","armwise","kenward_roger"
"endpoint","published","mad_winsor","mixed_ri","hc3",0.0284148932019019,0.0411899271819336,0.490887334913728,276,0.302918734922963,1,0.093803683714473,"physiofeedback_PMC12821712","defensible",424,"completers","complete_case","none","armwise","kenward_roger"
"endpoint","none","sd3_winsor","mixed_ri","model",0.0142592644368947,0.0517269455234195,0.783013814973392,276,0.3940760067564,1,0.0361840462053533,"physiofeedback_PMC12821712","defensible",425,"itt_observed","complete_case","log","armwise","kenward_roger"
"endpoint","published","sd3_winsor","mixed_ri","model",0.0184234426348289,0.0526447029652395,0.726646001686258,276,0.387159383705346,1,0.0475861968228837,"physiofeedback_PMC12821712","defensible",426,"itt_observed","complete_case","log","armwise","kenward_roger"
"endpoint","none","iqr15_winsor","mixed_ri","model",0.0142882654549049,0.0505132430427775,0.777496372502226,276,0.384829548800641,1,0.0371288158599975,"physiofeedback_PMC12821712","defensible",427,"itt_observed","complete_case","log","armwise","kenward_roger"
"endpoint","published","iqr15_winsor","mixed_ri","model",0.0176563831087884,0.0514230493766141,0.731601289189196,276,0.378175105633033,1,0.0466883801862978,"physiofeedback_PMC12821712","defensible",428,"itt_observed","complete_case","log","armwise","kenward_roger"
"endpoint","none","mad_winsor","mixed_ri","model",0.0140399677990406,0.0506804360760662,0.781966454592891,276,0.386103290411492,1,0.036363243069173,"physiofeedback_PMC12821712","defensible",429,"itt_observed","complete_case","log","armwise","kenward_roger"
"endpoint","published","mad_winsor","mixed_ri","model",0.0174276380974456,0.0515897464689741,0.735770270289904,276,0.379401028468738,1,0.04593460952856,"physiofeedback_PMC12821712","defensible",430,"itt_observed","complete_case","log","armwise","kenward_roger"
"endpoint","none","sd3_winsor","mixed_ri","hc3",0.0142592644368947,0.0517269455234195,0.783013814973392,276,0.3940760067564,1,0.0361840462053533,"physiofeedback_PMC12821712","defensible",431,"itt_observed","complete_case","log","armwise","kenward_roger"
"endpoint","published","sd3_winsor","mixed_ri","hc3",0.0184234426348289,0.0526447029652395,0.726646001686258,276,0.387159383705346,1,0.0475861968228837,"physiofeedback_PMC12821712","defensible",432,"itt_observed","complete_case","log","armwise","kenward_roger"
"endpoint","none","iqr15_winsor","mixed_ri","hc3",0.0142882654549049,0.0505132430427775,0.777496372502226,276,0.384829548800641,1,0.0371288158599975,"physiofeedback_PMC12821712","defensible",433,"itt_observed","complete_case","log","armwise","kenward_roger"
"endpoint","published","iqr15_winsor","mixed_ri","hc3",0.0176563831087884,0.0514230493766141,0.731601289189196,276,0.378175105633033,1,0.0466883801862978,"physiofeedback_PMC12821712","defensible",434,"itt_observed","complete_case","log","armwise","kenward_roger"
"endpoint","none","mad_winsor","mixed_ri","hc3",0.0140399677990406,0.0506804360760662,0.781966454592891,276,0.386103290411492,1,0.036363243069173,"physiofeedback_PMC12821712","defensible",435,"itt_observed","complete_case","log","armwise","kenward_roger"
"endpoint","published","mad_winsor","mixed_ri","hc3",0.0174276380974456,0.0515897464689741,0.735770270289904,276,0.379401028468738,1,0.04593460952856,"physiofeedback_PMC12821712","defensible",436,"itt_observed","complete_case","log","armwise","kenward_roger"
"endpoint","none","sd3_winsor","mixed_ri","model",0.0142592644368947,0.0517269455234195,0.783013814973392,276,0.3940760067564,1,0.0361840462053533,"physiofeedback_PMC12821712","defensible",437,"completers","complete_case","log","armwise","kenward_roger"
"endpoint","published","sd3_winsor","mixed_ri","model",0.0184234426348289,0.0526447029652395,0.726646001686258,276,0.387159383705346,1,0.0475861968228837,"physiofeedback_PMC12821712","defensible",438,"completers","complete_case","log","armwise","kenward_roger"
"endpoint","none","iqr15_winsor","mixed_ri","model",0.0142882654549049,0.0505132430427775,0.777496372502226,276,0.384829548800641,1,0.0371288158599975,"physiofeedback_PMC12821712","defensible",439,"completers","complete_case","log","armwise","kenward_roger"
"endpoint","published","iqr15_winsor","mixed_ri","model",0.0176563831087884,0.0514230493766141,0.731601289189196,276,0.378175105633033,1,0.0466883801862978,"physiofeedback_PMC12821712","defensible",440,"completers","complete_case","log","armwise","kenward_roger"
"endpoint","none","mad_winsor","mixed_ri","model",0.0140399677990406,0.0506804360760662,0.781966454592891,276,0.386103290411492,1,0.036363243069173,"physiofeedback_PMC12821712","defensible",441,"completers","complete_case","log","armwise","kenward_roger"
"endpoint","published","mad_winsor","mixed_ri","model",0.0174276380974456,0.0515897464689741,0.735770270289904,276,0.379401028468738,1,0.04593460952856,"physiofeedback_PMC12821712","defensible",442,"completers","complete_case","log","armwise","kenward_roger"
"endpoint","none","sd3_winsor","mixed_ri","hc3",0.0142592644368947,0.0517269455234195,0.783013814973392,276,0.3940760067564,1,0.0361840462053533,"physiofeedback_PMC12821712","defensible",443,"completers","complete_case","log","armwise","kenward_roger"
"endpoint","published","sd3_winsor","mixed_ri","hc3",0.0184234426348289,0.0526447029652395,0.726646001686258,276,0.387159383705346,1,0.0475861968228837,"physiofeedback_PMC12821712","defensible",444,"completers","complete_case","log","armwise","kenward_roger"
"endpoint","none","iqr15_winsor","mixed_ri","hc3",0.0142882654549049,0.0505132430427775,0.777496372502226,276,0.384829548800641,1,0.0371288158599975,"physiofeedback_PMC12821712","defensible",445,"completers","complete_case","log","armwise","kenward_roger"
"endpoint","published","iqr15_winsor","mixed_ri","hc3",0.0176563831087884,0.0514230493766141,0.731601289189196,276,0.378175105633033,1,0.0466883801862978,"physiofeedback_PMC12821712","defensible",446,"completers","complete_case","log","armwise","kenward_roger"
"endpoint","none","mad_winsor","mixed_ri","hc3",0.0140399677990406,0.0506804360760662,0.781966454592891,276,0.386103290411492,1,0.036363243069173,"physiofeedback_PMC12821712","defensible",447,"completers","complete_case","log","armwise","kenward_roger"
"endpoint","published","mad_winsor","mixed_ri","hc3",0.0174276380974456,0.0515897464689741,0.735770270289904,276,0.379401028468738,1,0.04593460952856,"physiofeedback_PMC12821712","defensible",448,"completers","complete_case","log","armwise","kenward_roger"
