"baseline","covars","model","inference","est","se","p","df","sigma","singular","n","sd_denom","d","d_resid","ci_lo","ci_hi","ci_width_d","s_value","dup_group","is_dup","study_id","grid_type","spec_id","missing","transform","outlier","outlier_scope"
"endpoint","none","lm","model",0.0167307652042694,0.0445366568464502,0.707458261965408,274,0.33929758865006,0,276,0.339297588650059,0.0493100032653783,0.0493100032653783,-0.0709467531170469,0.104408283525586,0.516817809817942,0.499283059355213,1,FALSE,"physiofeedback_PMC12821712","principled",1,NA,NA,NA,NA
"change","none","lm","model",0.0453545422523312,0.0484465810281454,0.350041236791507,263,0.359425016282881,0,276,0.339297588650059,0.133671867320897,0.126186381575164,-0.0500379856923157,0.140747070196978,0.56229416969439,1.51440320537198,2,FALSE,"physiofeedback_PMC12821712","principled",2,NA,NA,NA,NA
"ancova","none","lm","model",0.0367937647335037,0.0395531465191934,0.353105162587538,262,0.293392858962572,0,276,0.339297588650059,0.108440985035858,0.125407840066746,-0.0410887426890795,0.114676272156087,0.459080818890868,1.50183018065761,3,FALSE,"physiofeedback_PMC12821712","principled",3,NA,NA,NA,NA
"endpoint","published","lm","model",0.0226050369997617,0.045204063463604,0.617440151013583,267,0.332439473789073,0,276,0.339297588650059,0.0666230405282242,0.0679974515123439,-0.066396729242204,0.111606803241727,0.524623629634805,0.695628793040995,4,FALSE,"physiofeedback_PMC12821712","principled",4,NA,NA,NA,NA
"change","published","lm","model",0.0478599847220973,0.0510200652473603,0.349096711737391,256,0.362790057199112,0,276,0.339297588650059,0.141056070903759,0.131921985656377,-0.0526124976180588,0.148332467062253,0.592238116043791,1.51830132717602,5,FALSE,"physiofeedback_PMC12821712","principled",5,NA,NA,NA,NA
"ancova","published","lm","model",0.0449713176111462,0.0408965823203822,0.272528190073978,255,0.290799616572891,0,276,0.339297588650059,0.132542402644447,0.154647100780732,-0.035566754223118,0.12550938944541,0.474734124428621,1.87552262618517,6,FALSE,"physiofeedback_PMC12821712","principled",6,NA,NA,NA,NA
"endpoint","none","mixed_ri","model",0.0169101784594342,0.0447232888570167,0.712824757645071,10.5836975435934,0.339242684827316,0,276,0.339297588650059,0.0498387817217138,0.0498468477457131,-0.0819995782928184,0.115819935211687,0.583026582333097,0.488380649846422,7,FALSE,"physiofeedback_PMC12821712","principled",7,NA,NA,NA,NA
"change","none","mixed_ri","model",0.0200246466173864,0.0697911767625022,0.778267971407855,14.3681943864935,0.349934976199602,0,276,0.339297588650059,0.0590179455652991,0.0572239072380247,-0.129303475240314,0.169352768475087,0.880219175454927,0.361661108754569,8,FALSE,"physiofeedback_PMC12821712","principled",8,NA,NA,NA,NA
"ancova","none","mixed_ri","model",0.0305183585262819,0.0527548991081082,0.573599930523763,12.0324433126214,0.28826142105236,0,276,0.339297588650059,0.0899456982518008,0.10587042280881,-0.0843903285363948,0.145427045588959,0.677332765728493,0.801883245591318,9,FALSE,"physiofeedback_PMC12821712","principled",9,NA,NA,NA,NA
"endpoint","published","mixed_ri","model",0.0226050369997621,0.045204063463604,0.617440151013581,266.99999999697,0.332439473789074,1,276,0.339297588650059,0.0666230405282256,0.0679974515123453,-0.0663967292422083,0.111606803241733,0.524623629634833,0.695628793040999,4,TRUE,"physiofeedback_PMC12821712","principled",10,NA,NA,NA,NA
"change","published","mixed_ri","model",0.0251193112240193,0.0743413439308516,0.740261542495212,14.5778672682906,0.352800140654858,0,276,0.339297588650059,0.0740332736343922,0.0711998333600251,-0.13373608538494,0.183974707832979,0.936377987482827,0.433893014150827,10,FALSE,"physiofeedback_PMC12821712","principled",11,NA,NA,NA,NA
"ancova","published","mixed_ri","model",0.0405609292322419,0.0525543723591027,0.455515037392982,11.7235748179573,0.286724699425409,0,276,0.339297588650059,0.119543818137992,0.141462975856371,-0.0742453724303215,0.155367230894805,0.676729251860206,1.13442941404512,11,FALSE,"physiofeedback_PMC12821712","principled",12,NA,NA,NA,NA
"endpoint","none","lm","hc3",0.0167307652042694,0.0437437113429249,0.702407452978182,274,0.33929758865006,0,276,0.339297588650059,0.0493100032653783,0.0493100032653783,-0.0693857133166676,0.102847243725206,0.507616213033301,0.509619942044817,12,FALSE,"physiofeedback_PMC12821712","principled",13,NA,NA,NA,NA
"change","none","lm","hc3",0.0453545422523312,0.0520822944740785,0.384644111898907,263,0.359425016282881,0,276,0.339297588650059,0.133671867320897,0.126186381575164,-0.0571967962653141,0.147905880769976,0.604491997279788,1.3784038710331,13,FALSE,"physiofeedback_PMC12821712","principled",14,NA,NA,NA,NA
"ancova","none","lm","hc3",0.0367937647335037,0.0392610116701441,0.34954043180289,262,0.293392858962572,0,276,0.339297588650059,0.108440985035858,0.125407840066746,-0.040513511726394,0.114101041193401,0.455690102411131,1.51646875119568,14,FALSE,"physiofeedback_PMC12821712","principled",15,NA,NA,NA,NA
"endpoint","published","lm","hc3",0.0226050369997617,0.0469147988338699,0.63032021530617,267,0.332439473789073,0,276,0.339297588650059,0.0666230405282242,0.0679974515123439,-0.0697649766487421,0.114975050648265,0.544477866854346,0.665843162038982,15,FALSE,"physiofeedback_PMC12821712","principled",16,NA,NA,NA,NA
"change","published","lm","hc3",0.0478599847220973,0.0550194267113643,0.385183991319729,256,0.362790057199112,0,276,0.339297588650059,0.141056070903759,0.131921985656377,-0.0604883357244171,0.156208305168612,0.638662484325884,1.37638035048993,16,FALSE,"physiofeedback_PMC12821712","principled",17,NA,NA,NA,NA
"ancova","published","lm","hc3",0.0449713176111462,0.0424102026672411,0.289970927783598,255,0.290799616572891,0,276,0.339297588650059,0.132542402644447,0.154647100780732,-0.038547542770927,0.128490177993219,0.492304473570614,1.78601983066408,17,FALSE,"physiofeedback_PMC12821712","principled",18,NA,NA,NA,NA
"endpoint","none","lm","permutation",0.0167307652042694,0.0448870466901767,0.7022,274,0.33929758865006,0,276,0.339297588650059,0.0493100032653783,0.0493100032653783,-0.0716365514566227,0.105098081865162,0.520883847200171,0.510046098668694,18,FALSE,"physiofeedback_PMC12821712","principled",19,NA,NA,NA,NA
"change","none","lm","permutation",0.0453545422523312,0.0476506052653211,0.3434,263,0.359425016282881,0,276,0.339297588650059,0.133671867320897,0.126186381575164,-0.048470689536693,0.139179774041355,0.553055694632669,1.54203805554732,19,FALSE,"physiofeedback_PMC12821712","principled",20,NA,NA,NA,NA
"ancova","none","lm","permutation",0.0367937647335037,0.0391246938494943,0.3422,262,0.293392858962572,0,276,0.339297588650059,0.108440985035858,0.125407840066746,-0.0402450937972808,0.113832623264288,0.45410790472926,1.54708833506004,20,FALSE,"physiofeedback_PMC12821712","principled",21,NA,NA,NA,NA
"endpoint","published","lm","permutation",0.0226050369997617,0.0434690899935124,0.6026,267,0.332439473789073,0,276,0.339297588650059,0.0666230405282242,0.0679974515123439,-0.0629807597166894,0.108190833716213,0.504488092927306,0.730727421954986,21,FALSE,"physiofeedback_PMC12821712","principled",22,NA,NA,NA,NA
"change","published","lm","permutation",0.0478599847220973,0.0486530891302813,0.3296,256,0.362790057199112,0,276,0.339297588650059,0.141056070903759,0.131921985656377,-0.0479512733532566,0.143671242797451,0.564762387239778,1.60121185236623,22,FALSE,"physiofeedback_PMC12821712","principled",23,NA,NA,NA,NA
"ancova","published","lm","permutation",0.0449713176111462,0.0397793961761315,0.258,255,0.290799616572891,0,276,0.339297588650059,0.132542402644447,0.154647100780732,-0.0333666677407552,0.123309302963048,0.461765647457617,1.95455702923883,23,FALSE,"physiofeedback_PMC12821712","principled",24,NA,NA,NA,NA
"endpoint","none","lm","model",0.0167307652042694,0.0445366568464502,0.707458261965408,274,0.33929758865006,0,276,0.339297588650059,0.0493100032653783,0.0493100032653783,-0.0709467531170469,0.104408283525586,0.516817809817942,0.499283059355213,1,FALSE,"physiofeedback_PMC12821712","defensible",1,"complete_case","none",NA,NA
"change","none","lm","model",0.0453545422523312,0.0484465810281454,0.350041236791507,263,0.359425016282881,0,276,0.339297588650059,0.133671867320897,0.126186381575164,-0.0500379856923157,0.140747070196978,0.56229416969439,1.51440320537198,2,FALSE,"physiofeedback_PMC12821712","defensible",2,"complete_case","none",NA,NA
"ancova","none","lm","model",0.0367937647335037,0.0395531465191934,0.353105162587538,262,0.293392858962572,0,276,0.339297588650059,0.108440985035858,0.125407840066746,-0.0410887426890795,0.114676272156087,0.459080818890868,1.50183018065761,3,FALSE,"physiofeedback_PMC12821712","defensible",3,"complete_case","none",NA,NA
"endpoint","published","lm","model",0.0226050369997617,0.045204063463604,0.617440151013583,267,0.332439473789073,0,276,0.339297588650059,0.0666230405282242,0.0679974515123439,-0.066396729242204,0.111606803241727,0.524623629634805,0.695628793040995,4,FALSE,"physiofeedback_PMC12821712","defensible",4,"complete_case","none",NA,NA
"change","published","lm","model",0.0478599847220973,0.0510200652473603,0.349096711737391,256,0.362790057199112,0,276,0.339297588650059,0.141056070903759,0.131921985656377,-0.0526124976180588,0.148332467062253,0.592238116043791,1.51830132717602,5,FALSE,"physiofeedback_PMC12821712","defensible",5,"complete_case","none",NA,NA
"ancova","published","lm","model",0.0449713176111462,0.0408965823203822,0.272528190073978,255,0.290799616572891,0,276,0.339297588650059,0.132542402644447,0.154647100780732,-0.035566754223118,0.12550938944541,0.474734124428621,1.87552262618517,6,FALSE,"physiofeedback_PMC12821712","defensible",6,"complete_case","none",NA,NA
"endpoint","none","mixed_ri","model",0.0169101784594342,0.0447232888570167,0.712824757645071,10.5836975435934,0.339242684827316,0,276,0.339297588650059,0.0498387817217138,0.0498468477457131,-0.0819995782928184,0.115819935211687,0.583026582333097,0.488380649846422,7,FALSE,"physiofeedback_PMC12821712","defensible",7,"complete_case","none",NA,NA
"change","none","mixed_ri","model",0.0200246466173864,0.0697911767625022,0.778267971407855,14.3681943864935,0.349934976199602,0,276,0.339297588650059,0.0590179455652991,0.0572239072380247,-0.129303475240314,0.169352768475087,0.880219175454927,0.361661108754569,8,FALSE,"physiofeedback_PMC12821712","defensible",8,"complete_case","none",NA,NA
"ancova","none","mixed_ri","model",0.0305183585262819,0.0527548991081082,0.573599930523763,12.0324433126214,0.28826142105236,0,276,0.339297588650059,0.0899456982518008,0.10587042280881,-0.0843903285363948,0.145427045588959,0.677332765728493,0.801883245591318,9,FALSE,"physiofeedback_PMC12821712","defensible",9,"complete_case","none",NA,NA
"endpoint","published","mixed_ri","model",0.0226050369997621,0.045204063463604,0.617440151013581,266.99999999697,0.332439473789074,1,276,0.339297588650059,0.0666230405282256,0.0679974515123453,-0.0663967292422083,0.111606803241733,0.524623629634833,0.695628793040999,4,TRUE,"physiofeedback_PMC12821712","defensible",10,"complete_case","none",NA,NA
"change","published","mixed_ri","model",0.0251193112240193,0.0743413439308516,0.740261542495212,14.5778672682906,0.352800140654858,0,276,0.339297588650059,0.0740332736343922,0.0711998333600251,-0.13373608538494,0.183974707832979,0.936377987482827,0.433893014150827,10,FALSE,"physiofeedback_PMC12821712","defensible",11,"complete_case","none",NA,NA
"ancova","published","mixed_ri","model",0.0405609292322419,0.0525543723591027,0.455515037392982,11.7235748179573,0.286724699425409,0,276,0.339297588650059,0.119543818137992,0.141462975856371,-0.0742453724303215,0.155367230894805,0.676729251860206,1.13442941404512,11,FALSE,"physiofeedback_PMC12821712","defensible",12,"complete_case","none",NA,NA
"endpoint","none","lm","hc3",0.0167307652042694,0.0437437113429249,0.702407452978182,274,0.33929758865006,0,276,0.339297588650059,0.0493100032653783,0.0493100032653783,-0.0693857133166676,0.102847243725206,0.507616213033301,0.509619942044817,12,FALSE,"physiofeedback_PMC12821712","defensible",13,"complete_case","none",NA,NA
"change","none","lm","hc3",0.0453545422523312,0.0520822944740785,0.384644111898907,263,0.359425016282881,0,276,0.339297588650059,0.133671867320897,0.126186381575164,-0.0571967962653141,0.147905880769976,0.604491997279788,1.3784038710331,13,FALSE,"physiofeedback_PMC12821712","defensible",14,"complete_case","none",NA,NA
"ancova","none","lm","hc3",0.0367937647335037,0.0392610116701441,0.34954043180289,262,0.293392858962572,0,276,0.339297588650059,0.108440985035858,0.125407840066746,-0.040513511726394,0.114101041193401,0.455690102411131,1.51646875119568,14,FALSE,"physiofeedback_PMC12821712","defensible",15,"complete_case","none",NA,NA
"endpoint","published","lm","hc3",0.0226050369997617,0.0469147988338699,0.63032021530617,267,0.332439473789073,0,276,0.339297588650059,0.0666230405282242,0.0679974515123439,-0.0697649766487421,0.114975050648265,0.544477866854346,0.665843162038982,15,FALSE,"physiofeedback_PMC12821712","defensible",16,"complete_case","none",NA,NA
"change","published","lm","hc3",0.0478599847220973,0.0550194267113643,0.385183991319729,256,0.362790057199112,0,276,0.339297588650059,0.141056070903759,0.131921985656377,-0.0604883357244171,0.156208305168612,0.638662484325884,1.37638035048993,16,FALSE,"physiofeedback_PMC12821712","defensible",17,"complete_case","none",NA,NA
"ancova","published","lm","hc3",0.0449713176111462,0.0424102026672411,0.289970927783598,255,0.290799616572891,0,276,0.339297588650059,0.132542402644447,0.154647100780732,-0.038547542770927,0.128490177993219,0.492304473570614,1.78601983066408,17,FALSE,"physiofeedback_PMC12821712","defensible",18,"complete_case","none",NA,NA
"endpoint","none","lm","permutation",0.0167307652042694,0.0448870466901767,0.7022,274,0.33929758865006,0,276,0.339297588650059,0.0493100032653783,0.0493100032653783,-0.0716365514566227,0.105098081865162,0.520883847200171,0.510046098668694,18,FALSE,"physiofeedback_PMC12821712","defensible",19,"complete_case","none",NA,NA
"change","none","lm","permutation",0.0453545422523312,0.0476506052653211,0.3434,263,0.359425016282881,0,276,0.339297588650059,0.133671867320897,0.126186381575164,-0.048470689536693,0.139179774041355,0.553055694632669,1.54203805554732,19,FALSE,"physiofeedback_PMC12821712","defensible",20,"complete_case","none",NA,NA
"ancova","none","lm","permutation",0.0367937647335037,0.0391246938494943,0.3422,262,0.293392858962572,0,276,0.339297588650059,0.108440985035858,0.125407840066746,-0.0402450937972808,0.113832623264288,0.45410790472926,1.54708833506004,20,FALSE,"physiofeedback_PMC12821712","defensible",21,"complete_case","none",NA,NA
"endpoint","published","lm","permutation",0.0226050369997617,0.0434690899935124,0.6026,267,0.332439473789073,0,276,0.339297588650059,0.0666230405282242,0.0679974515123439,-0.0629807597166894,0.108190833716213,0.504488092927306,0.730727421954986,21,FALSE,"physiofeedback_PMC12821712","defensible",22,"complete_case","none",NA,NA
"change","published","lm","permutation",0.0478599847220973,0.0486530891302813,0.3296,256,0.362790057199112,0,276,0.339297588650059,0.141056070903759,0.131921985656377,-0.0479512733532566,0.143671242797451,0.564762387239778,1.60121185236623,22,FALSE,"physiofeedback_PMC12821712","defensible",23,"complete_case","none",NA,NA
"ancova","published","lm","permutation",0.0449713176111462,0.0397793961761315,0.258,255,0.290799616572891,0,276,0.339297588650059,0.132542402644447,0.154647100780732,-0.0333666677407552,0.123309302963048,0.461765647457617,1.95455702923883,23,FALSE,"physiofeedback_PMC12821712","defensible",24,"complete_case","none",NA,NA
"endpoint","none","lm","model",0.0105794647110364,0.0523425633334735,0.839973110960328,274,0.398766022875067,0,276,0.398766022875067,0.0265305068740797,0.0265305068740797,-0.0924652265750154,0.113624155997088,0.516817809817942,0.251584949502029,24,FALSE,"physiofeedback_PMC12821712","defensible",25,"complete_case","log",NA,NA
"change","none","lm","model",0.0296872002418464,0.0540115454354308,0.583029005236927,263,0.40071146788078,0,276,0.398766022875067,0.0744476674010598,0.0740862256796677,-0.0766628815996283,0.136037282083321,0.533395905070849,0.778360436726493,25,FALSE,"physiofeedback_PMC12821712","defensible",26,"complete_case","log",NA,NA
"ancova","none","lm","model",0.0252451917587054,0.046833144748572,0.590313264685446,262,0.347437145096644,0,276,0.398766022875067,0.0633082818257429,0.0726611766041398,-0.066972066904486,0.117462450421897,0.462513119840619,0.760447334533525,26,FALSE,"physiofeedback_PMC12821712","defensible",27,"complete_case","log",NA,NA
"endpoint","published","lm","model",0.0145279496096584,0.0532375804369962,0.785149490758765,267,0.391519519932721,0,276,0.398766022875067,0.0364322654796745,0.0371065780121382,-0.0902909167994724,0.119346816018789,0.525716136261541,0.348960728725752,27,FALSE,"physiofeedback_PMC12821712","defensible",28,"complete_case","log",NA,NA
"change","published","lm","model",0.0325936563416954,0.0568701104620382,0.567063441810944,256,0.404388166252103,0,276,0.398766022875067,0.0817362926427332,0.0805999261644464,-0.0793991672930311,0.144586479976422,0.561696921052943,0.818417945141528,28,FALSE,"physiofeedback_PMC12821712","defensible",29,"complete_case","log",NA,NA
"ancova","published","lm","model",0.0316676796431635,0.0486357498639657,0.515555734824172,255,0.345835167707128,0,276,0.398766022875067,0.0794141873343228,0.0915687084489376,-0.0641112166365188,0.127446575922846,0.480376415167596,0.955799694436645,29,FALSE,"physiofeedback_PMC12821712","defensible",30,"complete_case","log",NA,NA
"endpoint","none","mixed_ri","model",0.0105794647110368,0.0523425633334747,0.839973110960328,273.999999994302,0.398766022875067,1,276,0.398766022875067,0.0265305068740808,0.0265305068740808,-0.0924652265750268,0.113624155997101,0.516817809818001,0.251584949502029,24,TRUE,"physiofeedback_PMC12821712","defensible",31,"complete_case","log",NA,NA
"change","none","mixed_ri","model",-0.00773275067095619,0.0838462697939462,0.927785555531565,14.448608481626,0.386567456148995,0,276,0.398766022875067,-0.0193916989597152,-0.0200036256233007,-0.187042695293825,0.171577193951913,0.89932408649092,0.108136709494178,30,FALSE,"physiofeedback_PMC12821712","defensible",32,"complete_case","log",NA,NA
"ancova","none","mixed_ri","model",0.0103115100047199,0.065448786231113,0.877323244065921,12.5200055190522,0.339885326794799,0,276,0.398766022875067,0.0258585471509704,0.0303382028931932,-0.131635016107932,0.152258036117372,0.711928890476829,0.188819602627969,31,FALSE,"physiofeedback_PMC12821712","defensible",33,"complete_case","log",NA,NA
"endpoint","published","mixed_ri","model",0.0145279496096565,0.0532375804369963,0.785149490758796,266.999999995829,0.391519519932721,1,276,0.398766022875067,0.0364322654796697,0.0371065780121333,-0.090290916799482,0.119346816018795,0.525716136261579,0.348960728725695,27,TRUE,"physiofeedback_PMC12821712","defensible",34,"complete_case","log",NA,NA
"change","published","mixed_ri","model",-0.00276411092284581,0.0879553208157548,0.975358671917192,14.4787751643007,0.390191147493116,0,276,0.398766022875067,-0.0069316610851567,-0.00708399188603985,-0.190825960336127,0.185297738490435,0.943219023814376,0.0359952513666627,32,FALSE,"physiofeedback_PMC12821712","defensible",35,"complete_case","log",NA,NA
"ancova","published","mixed_ri","model",0.0186026908678616,0.0653118454197339,0.780553881348693,12.1969202906771,0.339721914874225,0,276,0.398766022875067,0.0466506417315544,0.0547585835748891,-0.123445200958151,0.160650582693874,0.712437287419123,0.357429870536187,33,FALSE,"physiofeedback_PMC12821712","defensible",36,"complete_case","log",NA,NA
"endpoint","none","lm","hc3",0.0105794647110364,0.0512099260035641,0.8364834099719,274,0.398766022875067,0,276,0.398766022875067,0.0265305068740797,0.0265305068740797,-0.0902354491899072,0.11139437861198,0.50563442278295,0.257591167401514,34,FALSE,"physiofeedback_PMC12821712","defensible",37,"complete_case","log",NA,NA
"change","none","lm","hc3",0.0296872002418464,0.056356566492319,0.598794221270903,263,0.40071146788078,0,276,0.398766022875067,0.0744476674010598,0.0740862256796677,-0.0812802866249702,0.140654687108663,0.556554372745958,0.739867796310069,35,FALSE,"physiofeedback_PMC12821712","defensible",38,"complete_case","log",NA,NA
"ancova","none","lm","hc3",0.0252451917587054,0.0467731216341001,0.589836735211764,262,0.347437145096644,0,276,0.398766022875067,0.0633082818257429,0.0726611766041398,-0.0668538778077953,0.117344261325206,0.461920345682787,0.761612418202451,36,FALSE,"physiofeedback_PMC12821712","defensible",39,"complete_case","log",NA,NA
"endpoint","published","lm","hc3",0.0145279496096584,0.0530519496107108,0.784416358325049,267,0.391519519932721,0,276,0.398766022875067,0.0364322654796745,0.0371065780121382,-0.0899254303776233,0.11898132959694,0.52388304918349,0.350308472885674,37,FALSE,"physiofeedback_PMC12821712","defensible",40,"complete_case","log",NA,NA
"change","published","lm","hc3",0.0325936563416954,0.0604168810321517,0.590025082839776,256,0.404388166252103,0,276,0.398766022875067,0.0817362926427332,0.0805999261644464,-0.0863837299693548,0.151571042652746,0.596727802701112,0.761151808007179,38,FALSE,"physiofeedback_PMC12821712","defensible",41,"complete_case","log",NA,NA
"ancova","published","lm","hc3",0.0316676796431635,0.0496078036698036,0.523811691473882,255,0.345835167707128,0,276,0.398766022875067,0.0794141873343228,0.0915687084489376,-0.0660254924708182,0.129360851757145,0.48997741286794,0.932879833894632,39,FALSE,"physiofeedback_PMC12821712","defensible",42,"complete_case","log",NA,NA
"endpoint","none","lm","permutation",0.0105794647110364,0.05245155312292,0.8338,274,0.398766022875067,0,276,0.398766022875067,0.0265305068740797,0.0265305068740797,-0.0926797903734158,0.113838719795489,0.517893948636658,0.26222672274106,40,FALSE,"physiofeedback_PMC12821712","defensible",43,"complete_case","log",NA,NA
"change","none","lm","permutation",0.0296872002418464,0.0531335441539772,0.574,263,0.40071146788078,0,276,0.398766022875067,0.0744476674010598,0.0740862256796677,-0.074934075149327,0.13430847563302,0.524725123955463,0.800877357986399,41,FALSE,"physiofeedback_PMC12821712","defensible",44,"complete_case","log",NA,NA
"ancova","none","lm","permutation",0.0252451917587054,0.0469500238093419,0.588,262,0.347437145096644,0,276,0.398766022875067,0.0633082818257429,0.0726611766041398,-0.0672022087546051,0.117692592272016,0.463667389948487,0.766111939825723,42,FALSE,"physiofeedback_PMC12821712","defensible",45,"complete_case","log",NA,NA
"endpoint","published","lm","permutation",0.0145279496096584,0.0520619454229922,0.7802,267,0.391519519932721,0,276,0.398766022875067,0.0364322654796745,0.0371065780121382,-0.0879762223962469,0.117032121615564,0.514106850262013,0.358084096524887,43,FALSE,"physiofeedback_PMC12821712","defensible",46,"complete_case","log",NA,NA
"change","published","lm","permutation",0.0325936563416954,0.0551922260221447,0.5568,256,0.404388166252103,0,276,0.398766022875067,0.0817362926427332,0.0805999261644464,-0.0760949532756893,0.14128226595908,0.545124726694363,0.844768883700721,44,FALSE,"physiofeedback_PMC12821712","defensible",47,"complete_case","log",NA,NA
"ancova","published","lm","permutation",0.0316676796431635,0.0459486779647144,0.4948,255,0.345835167707128,0,276,0.398766022875067,0.0794141873343228,0.0915687084489376,-0.0588195375433767,0.122154896829704,0.453836144484605,1.01508259457308,45,FALSE,"physiofeedback_PMC12821712","defensible",48,"complete_case","log",NA,NA
"ancova","none","lm","model",0.0367937647335037,0.0395531465191934,0.353105162587538,262,0.293392858962572,0,276,0.339297588650059,0.108440985035858,0.125407840066746,-0.0410887426890795,0.114676272156087,0.459080818890868,1.50183018065761,1,FALSE,"physiofeedback_PMC12821712","strict",1,NA,NA,NA,NA
"ancova","published","lm","model",0.0449713176111462,0.0408965823203822,0.272528190073978,255,0.290799616572891,0,276,0.339297588650059,0.132542402644447,0.154647100780732,-0.035566754223118,0.12550938944541,0.474734124428621,1.87552262618517,2,FALSE,"physiofeedback_PMC12821712","strict",2,NA,NA,NA,NA
"ancova","none","mixed_ri","model",0.0305183585262819,0.0527548991081082,0.573599930523763,12.0324433126214,0.28826142105236,0,276,0.339297588650059,0.0899456982518008,0.10587042280881,-0.0843903285363948,0.145427045588959,0.677332765728493,0.801883245591318,3,FALSE,"physiofeedback_PMC12821712","strict",3,NA,NA,NA,NA
"ancova","published","mixed_ri","model",0.0405609292322419,0.0525543723591027,0.455515037392982,11.7235748179573,0.286724699425409,0,276,0.339297588650059,0.119543818137992,0.141462975856371,-0.0742453724303215,0.155367230894805,0.676729251860206,1.13442941404512,4,FALSE,"physiofeedback_PMC12821712","strict",4,NA,NA,NA,NA
"ancova","none","lm","hc3",0.0367937647335037,0.0392610116701441,0.34954043180289,262,0.293392858962572,0,276,0.339297588650059,0.108440985035858,0.125407840066746,-0.040513511726394,0.114101041193401,0.455690102411131,1.51646875119568,5,FALSE,"physiofeedback_PMC12821712","strict",5,NA,NA,NA,NA
"ancova","published","lm","hc3",0.0449713176111462,0.0424102026672411,0.289970927783598,255,0.290799616572891,0,276,0.339297588650059,0.132542402644447,0.154647100780732,-0.038547542770927,0.128490177993219,0.492304473570614,1.78601983066408,6,FALSE,"physiofeedback_PMC12821712","strict",6,NA,NA,NA,NA
"ancova","none","lm","permutation",0.0367937647335037,0.0395025888042075,0.3588,262,0.293392858962572,0,276,0.339297588650059,0.108440985035858,0.125407840066746,-0.0409891915292053,0.114576720996213,0.458494011538242,1.47874820463019,7,FALSE,"physiofeedback_PMC12821712","strict",7,NA,NA,NA,NA
"ancova","published","lm","permutation",0.0449713176111462,0.0391872307080261,0.2608,255,0.290799616572891,0,276,0.339297588650059,0.132542402644447,0.154647100780732,-0.0322005100253152,0.122143145247608,0.454891695184158,1.93898422531837,8,FALSE,"physiofeedback_PMC12821712","strict",8,NA,NA,NA,NA
"endpoint","none","lm","model",0.0167307652042694,0.0445366568464502,0.707458261965408,274,0.33929758865006,0,276,0.339297588650059,0.0493100032653783,0.0493100032653783,-0.0709467531170469,0.104408283525586,0.516817809817942,0.499283059355213,1,FALSE,"physiofeedback_PMC12821712","outlier_arm",1,NA,NA,"none","pooled"
"change","none","lm","model",0.0453545422523312,0.0484465810281454,0.350041236791507,263,0.359425016282881,0,276,0.339297588650059,0.133671867320897,0.126186381575164,-0.0500379856923157,0.140747070196978,0.56229416969439,1.51440320537198,2,FALSE,"physiofeedback_PMC12821712","outlier_arm",2,NA,NA,"none","pooled"
"ancova","none","lm","model",0.0367937647335037,0.0395531465191934,0.353105162587538,262,0.293392858962572,0,276,0.339297588650059,0.108440985035858,0.125407840066746,-0.0410887426890795,0.114676272156087,0.459080818890868,1.50183018065761,3,FALSE,"physiofeedback_PMC12821712","outlier_arm",3,NA,NA,"none","pooled"
"endpoint","published","lm","model",0.0226050369997617,0.045204063463604,0.617440151013583,267,0.332439473789073,0,276,0.339297588650059,0.0666230405282242,0.0679974515123439,-0.066396729242204,0.111606803241727,0.524623629634805,0.695628793040995,4,FALSE,"physiofeedback_PMC12821712","outlier_arm",4,NA,NA,"none","pooled"
"change","published","lm","model",0.0478599847220973,0.0510200652473603,0.349096711737391,256,0.362790057199112,0,276,0.339297588650059,0.141056070903759,0.131921985656377,-0.0526124976180588,0.148332467062253,0.592238116043791,1.51830132717602,5,FALSE,"physiofeedback_PMC12821712","outlier_arm",5,NA,NA,"none","pooled"
"ancova","published","lm","model",0.0449713176111462,0.0408965823203822,0.272528190073978,255,0.290799616572891,0,276,0.339297588650059,0.132542402644447,0.154647100780732,-0.035566754223118,0.12550938944541,0.474734124428621,1.87552262618517,6,FALSE,"physiofeedback_PMC12821712","outlier_arm",6,NA,NA,"none","pooled"
"endpoint","none","lm","model",0.022429638223623,0.0429314367177416,0.6017774319006,274,0.327068396845179,0,276,0.339297588650059,0.0661060938065085,0.068577821764419,-0.0620877480354726,0.106947024482719,0.498190314852276,0.732698091731563,7,FALSE,"physiofeedback_PMC12821712","outlier_arm",7,NA,NA,"sd3_winsor","pooled"
"change","none","lm","model",0.0404697546122385,0.0451620113079351,0.371017913362159,263,0.335056804943407,0,276,0.339297588650059,0.119275102346742,0.120784756540235,-0.0484553735247879,0.129394882749265,0.524171883984362,1.43043925064274,8,FALSE,"physiofeedback_PMC12821712","outlier_arm",8,NA,NA,"sd3_winsor","pooled"
"ancova","none","lm","model",0.0358812038741825,0.0380449018002595,0.34648439819486,262,0.282236099425704,0,276,0.339297588650059,0.105751426106329,0.127131872737732,-0.0390314796315995,0.110793887379964,0.44157510110126,1.52913770400732,9,FALSE,"physiofeedback_PMC12821712","outlier_arm",9,NA,NA,"sd3_winsor","pooled"
"endpoint","published","lm","model",0.0284879018317615,0.0436018249899799,0.514083305540483,267,0.320656300458095,0,276,0.339297588650059,0.0839614037491524,0.0888424827176736,-0.0573592353090352,0.114335038972558,0.506028572041145,0.95992593244904,10,FALSE,"physiofeedback_PMC12821712","outlier_arm",10,NA,NA,"sd3_winsor","pooled"
"change","published","lm","model",0.0433692211573688,0.0475821893476221,0.36291096899655,256,0.338344239886599,0,276,0.339297588650059,0.12782059940337,0.128180758070256,-0.0503331419375563,0.137071584252294,0.55233144136233,1.46231243190376,11,FALSE,"physiofeedback_PMC12821712","outlier_arm",11,NA,NA,"sd3_winsor","pooled"
"ancova","published","lm","model",0.043523418261515,0.039437938738222,0.270810235766982,255,0.28043263080387,0,276,0.339297588650059,0.128275059173508,0.155200976921814,-0.0341421313487574,0.121188967871787,0.457801954439318,1.88464582565249,12,FALSE,"physiofeedback_PMC12821712","outlier_arm",12,NA,NA,"sd3_winsor","pooled"
"endpoint","none","lm","model",0.021254091274606,0.0402179837181819,0.597599331841995,274,0.306396255628112,0,276,0.339297588650059,0.0626414451077245,0.0693679863385899,-0.0579214296104636,0.100429612159676,0.466702526240048,0.742749559793646,13,FALSE,"physiofeedback_PMC12821712","outlier_arm",13,NA,NA,"iqr15_winsor","pooled"
"change","none","lm","model",0.0330842247890444,0.0420940453450753,0.432598613133253,263,0.312295576126958,0,276,0.339297588650059,0.0975079867813808,0.105938819881312,-0.0498000017480258,0.115968451326115,0.48856360498662,1.20889905471226,14,FALSE,"physiofeedback_PMC12821712","outlier_arm",14,NA,NA,"iqr15_winsor","pooled"
"ancova","none","lm","model",0.0300301213169084,0.0360742230358083,0.405911031294069,262,0.267624557087923,0,276,0.339297588650059,0.0885067336799748,0.112209887028576,-0.0410021780220811,0.101062420655898,0.4187020581054,1.30076454672909,15,FALSE,"physiofeedback_PMC12821712","outlier_arm",15,NA,NA,"iqr15_winsor","pooled"
"endpoint","published","lm","model",0.0258253984195275,0.0408168384694719,0.527461700506137,267,0.300174967974948,0,276,0.339297588650059,0.076114299904922,0.0860344838004041,-0.0545384104473663,0.106189207286421,0.473706926044667,0.922861752718451,16,FALSE,"physiofeedback_PMC12821712","outlier_arm",16,NA,NA,"iqr15_winsor","pooled"
"change","published","lm","model",0.0344765659098039,0.0443576181194595,0.437734139366887,256,0.315415175122844,0,276,0.339297588650059,0.101611585413776,0.109305349358592,-0.0528757332601657,0.121828865079773,0.514900795596646,1.19187318914979,17,FALSE,"physiofeedback_PMC12821712","outlier_arm",17,NA,NA,"iqr15_winsor","pooled"
"ancova","published","lm","model",0.0355857795114342,0.0374183833097808,0.342492721343,255,0.266071013817051,0,276,0.339297588650059,0.104880732141413,0.133745420070082,-0.0381026382472113,0.10927419727008,0.434358629260082,1.54585476665052,18,FALSE,"physiofeedback_PMC12821712","outlier_arm",18,NA,NA,"iqr15_winsor","pooled"
"endpoint","none","lm","model",0.0218028386644073,0.0405332333134845,0.591082506682472,274,0.308797949762404,0,276,0.339297588650059,0.0642587492329456,0.0706055162645442,-0.0579933013718309,0.101598978700645,0.470360784783162,0.758568570789677,19,FALSE,"physiofeedback_PMC12821712","outlier_arm",19,NA,NA,"mad_winsor","pooled"
"change","none","lm","model",0.034092681869892,0.0423071544221038,0.421064683697306,263,0.313876631628821,0,276,0.339297588650059,0.100480177314358,0.108618095246443,-0.0492111617620128,0.117396525501797,0.491037050769151,1.24788621864754,20,FALSE,"physiofeedback_PMC12821712","outlier_arm",20,NA,NA,"mad_winsor","pooled"
"ancova","none","lm","model",0.0309746212473634,0.0363318436100532,0.394688969658368,262,0.269535333680209,0,276,0.339297588650059,0.0912904255246848,0.114918592766443,-0.040564948386193,0.10251419088092,0.421692178351082,1.34121189397794,21,FALSE,"physiofeedback_PMC12821712","outlier_arm",21,NA,NA,"mad_winsor","pooled"
"endpoint","published","lm","model",0.0265395321522484,0.041140701914603,0.519421568044011,267,0.302556722733911,0,276,0.339297588650059,0.0782190414551411,0.0877175423915106,-0.0544619277669914,0.107540992071488,0.477465579649504,0.94502217431712,22,FALSE,"physiofeedback_PMC12821712","outlier_arm",22,NA,NA,"mad_winsor","pooled"
"change","published","lm","model",0.0357322747600679,0.0445788803528521,0.423555723080952,256,0.316988511768326,0,276,0.339297588650059,0.105312492500266,0.112724194831966,-0.0520557503488888,0.123520299869024,0.517469195453071,1.23937631157743,23,FALSE,"physiofeedback_PMC12821712","outlier_arm",23,NA,NA,"mad_winsor","pooled"
"ancova","published","lm","model",0.0367631295163852,0.0376855654420954,0.330225492687161,255,0.267971019288897,0,276,0.339297588650059,0.108350694924335,0.137190691791754,-0.0374514528395024,0.110977711872273,0.437460122550002,1.59847659742931,24,FALSE,"physiofeedback_PMC12821712","outlier_arm",24,NA,NA,"mad_winsor","pooled"
"endpoint","none","mixed_ri","model",0.0169101784594342,0.0447232888570167,0.712824757645071,10.5836975435934,0.339242684827316,0,276,0.339297588650059,0.0498387817217138,0.0498468477457131,-0.0819995782928184,0.115819935211687,0.583026582333097,0.488380649846422,25,FALSE,"physiofeedback_PMC12821712","outlier_arm",25,NA,NA,"none","pooled"
"change","none","mixed_ri","model",0.0200246466173864,0.0697911767625022,0.778267971407855,14.3681943864935,0.349934976199602,0,276,0.339297588650059,0.0590179455652991,0.0572239072380247,-0.129303475240314,0.169352768475087,0.880219175454927,0.361661108754569,26,FALSE,"physiofeedback_PMC12821712","outlier_arm",26,NA,NA,"none","pooled"
"ancova","none","mixed_ri","model",0.0305183585262819,0.0527548991081082,0.573599930523763,12.0324433126214,0.28826142105236,0,276,0.339297588650059,0.0899456982518008,0.10587042280881,-0.0843903285363948,0.145427045588959,0.677332765728493,0.801883245591318,27,FALSE,"physiofeedback_PMC12821712","outlier_arm",27,NA,NA,"none","pooled"
"endpoint","published","mixed_ri","model",0.0226050369997621,0.045204063463604,0.617440151013581,266.99999999697,0.332439473789074,1,276,0.339297588650059,0.0666230405282256,0.0679974515123453,-0.0663967292422083,0.111606803241733,0.524623629634833,0.695628793040999,4,TRUE,"physiofeedback_PMC12821712","outlier_arm",28,NA,NA,"none","pooled"
"change","published","mixed_ri","model",0.0251193112240193,0.0743413439308516,0.740261542495212,14.5778672682906,0.352800140654858,0,276,0.339297588650059,0.0740332736343922,0.0711998333600251,-0.13373608538494,0.183974707832979,0.936377987482827,0.433893014150827,28,FALSE,"physiofeedback_PMC12821712","outlier_arm",29,NA,NA,"none","pooled"
"ancova","published","mixed_ri","model",0.0405609292322419,0.0525543723591027,0.455515037392982,11.7235748179573,0.286724699425409,0,276,0.339297588650059,0.119543818137992,0.141462975856371,-0.0742453724303215,0.155367230894805,0.676729251860206,1.13442941404512,29,FALSE,"physiofeedback_PMC12821712","outlier_arm",30,NA,NA,"none","pooled"
"endpoint","none","mixed_ri","model",0.0225535669531679,0.0430723467479675,0.611249212884007,10.6656045803213,0.327026982239498,0,276,0.339297588650059,0.0664713446473352,0.06896546211178,-0.0726119306751654,0.117719064581501,0.560955932560333,0.710167392604202,30,FALSE,"physiofeedback_PMC12821712","outlier_arm",31,NA,NA,"sd3_winsor","pooled"
"change","none","mixed_ri","model",0.0158584809697288,0.0658816181179381,0.813213816451458,14.2224703366061,0.32578705213561,0,276,0.339297588650059,0.0467391502333508,0.0486774439492691,-0.125236458158637,0.156953420098095,0.831688428377762,0.298293368198727,31,FALSE,"physiofeedback_PMC12821712","outlier_arm",32,NA,NA,"sd3_winsor","pooled"
"ancova","none","mixed_ri","model",0.0282301423538342,0.0515329230606054,0.593720041120171,12.1813225145476,0.276913519911273,0,276,0.339297588650059,0.0832017181912537,0.101945699014189,-0.0838653654896081,0.140325650197276,0.660750394893339,0.75214528254431,32,FALSE,"physiofeedback_PMC12821712","outlier_arm",33,NA,NA,"sd3_winsor","pooled"
"endpoint","published","mixed_ri","model",0.028487901831762,0.0436018249899799,0.514083305540484,266.999999996509,0.320656300458095,1,276,0.339297588650059,0.0839614037491538,0.0888424827176752,-0.05735923530904,0.114335038972564,0.506028572041176,0.959925932449038,10,TRUE,"physiofeedback_PMC12821712","outlier_arm",34,NA,NA,"sd3_winsor","pooled"
"change","published","mixed_ri","model",0.0217075839305161,0.0700400555674139,0.761061513352054,14.373419434051,0.328693101163284,0,276,0.339297588650059,0.0639780082637268,0.0660421038765047,-0.12814807983549,0.171563247696522,0.883328787346983,0.393915029566662,33,FALSE,"physiofeedback_PMC12821712","outlier_arm",35,NA,NA,"sd3_winsor","pooled"
"ancova","published","mixed_ri","model",0.0380935509246977,0.0514371633779891,0.473337606610039,11.8731426807294,0.276172468419912,0,276,0.339297588650059,0.112271799738566,0.137933919129033,-0.0741113497499784,0.150298451599374,0.661395214278405,1.07905854632793,34,FALSE,"physiofeedback_PMC12821712","outlier_arm",36,NA,NA,"sd3_winsor","pooled"
"endpoint","none","mixed_ri","model",0.0212540912746081,0.0402179837181823,0.59759933184198,273.999999989035,0.306396255628112,1,276,0.339297588650059,0.0626414451077307,0.0693679863385968,-0.0579214296104764,0.100429612159693,0.466702526240135,0.742749559793682,13,TRUE,"physiofeedback_PMC12821712","outlier_arm",37,NA,NA,"iqr15_winsor","pooled"
"change","none","mixed_ri","model",0.00988204462575746,0.0625301395393041,0.876666509683207,14.1161221860434,0.303025195994372,0,276,0.339297588650059,0.0291250069447133,0.0326112968703137,-0.124128337344072,0.143892426595587,0.789928289811946,0.189899959544961,35,FALSE,"physiofeedback_PMC12821712","outlier_arm",38,NA,NA,"iqr15_winsor","pooled"
"ancova","none","mixed_ri","model",0.0225707861277958,0.048706857744156,0.651295329640889,12.1097666114672,0.262647040541627,0,276,0.339297588650059,0.0665220941227335,0.0859358098277087,-0.0834457513299777,0.128587323585569,0.624917718275419,0.618616213565653,36,FALSE,"physiofeedback_PMC12821712","outlier_arm",39,NA,NA,"iqr15_winsor","pooled"
"endpoint","published","mixed_ri","model",0.0258253984195279,0.0408168384694719,0.52746170050614,266.99999999637,0.300174967974948,1,276,0.339297588650059,0.0761142999049231,0.0860344838004054,-0.054538410447371,0.106189207286427,0.473706926044697,0.922861752718446,16,TRUE,"physiofeedback_PMC12821712","outlier_arm",40,NA,NA,"iqr15_winsor","pooled"
"change","published","mixed_ri","model",0.0137338439152695,0.0662081623248292,0.838641767281609,14.075957598994,0.305992196976164,0,276,0.339297588650059,0.0404772812265229,0.0448829873800324,-0.128196685084492,0.155664372915031,0.836613838397445,0.253873411674788,37,FALSE,"physiofeedback_PMC12821712","outlier_arm",41,NA,NA,"iqr15_winsor","pooled"
"ancova","published","mixed_ri","model",0.0299267509763295,0.0483583096630915,0.548067092425938,11.5078216999122,0.262253836797654,0,276,0.339297588650059,0.0882020738650017,0.114113682155278,-0.0759389219611333,0.135792423913792,0.624028442752355,0.867575581290325,38,FALSE,"physiofeedback_PMC12821712","outlier_arm",42,NA,NA,"iqr15_winsor","pooled"
"endpoint","none","mixed_ri","model",0.0218028386644104,0.0405332333134855,0.591082506682457,273.999999982171,0.308797949762404,1,276,0.339297588650059,0.0642587492329547,0.0706055162645542,-0.0579933013718527,0.101598978700673,0.470360784783309,0.758568570789714,19,TRUE,"physiofeedback_PMC12821712","outlier_arm",43,NA,NA,"mad_winsor","pooled"
"change","none","mixed_ri","model",0.0108214140274142,0.0629413339594644,0.865936906581659,14.1000166285365,0.304515416603282,0,276,0.339297588650059,0.0318935777600679,0.0355365063224768,-0.124084540270062,0.14572736832489,0.795207268252139,0.207666182958183,39,FALSE,"physiofeedback_PMC12821712","outlier_arm",44,NA,NA,"mad_winsor","pooled"
"ancova","none","mixed_ri","model",0.0234717889921122,0.0492054210039653,0.641840819777952,12.1136128736837,0.26445342595576,0,276,0.339297588650059,0.0691775885749669,0.0887558514596013,-0.0836261992408689,0.130569777225093,0.63129236290234,0.639712549863273,40,FALSE,"physiofeedback_PMC12821712","outlier_arm",45,NA,NA,"mad_winsor","pooled"
"endpoint","published","mixed_ri","model",0.0265395321522498,0.0411407019146031,0.519421568043998,266.999999996542,0.302556722733911,1,276,0.339297588650059,0.0782190414551451,0.0877175423915151,-0.0544619277669949,0.107540992071494,0.477465579649533,0.945022174317157,22,TRUE,"physiofeedback_PMC12821712","outlier_arm",46,NA,NA,"mad_winsor","pooled"
"change","published","mixed_ri","model",0.0149875108089921,0.0666142636971717,0.825218860274258,14.0851126572898,0.307475395608198,0,276,0.339297588650059,0.0441721701254108,0.0487437727475599,-0.127804921615317,0.157779943233301,0.841694354459914,0.277151300670717,41,FALSE,"physiofeedback_PMC12821712","outlier_arm",47,NA,NA,"mad_winsor","pooled"
"ancova","published","mixed_ri","model",0.0310900624598113,0.0488709690638259,0.537078299223138,11.5429110696728,0.264054127216764,0,276,0.339297588650059,0.0916306614011235,0.117741247930919,-0.0758601706085036,0.138040295528126,0.630421415571096,0.896795664653735,42,FALSE,"physiofeedback_PMC12821712","outlier_arm",48,NA,NA,"mad_winsor","pooled"
"endpoint","none","lm","hc3",0.0167307652042694,0.0437437113429249,0.702407452978182,274,0.33929758865006,0,276,0.339297588650059,0.0493100032653783,0.0493100032653783,-0.0693857133166676,0.102847243725206,0.507616213033301,0.509619942044817,43,FALSE,"physiofeedback_PMC12821712","outlier_arm",49,NA,NA,"none","pooled"
"change","none","lm","hc3",0.0453545422523312,0.0520822944740785,0.384644111898907,263,0.359425016282881,0,276,0.339297588650059,0.133671867320897,0.126186381575164,-0.0571967962653141,0.147905880769976,0.604491997279788,1.3784038710331,44,FALSE,"physiofeedback_PMC12821712","outlier_arm",50,NA,NA,"none","pooled"
"ancova","none","lm","hc3",0.0367937647335037,0.0392610116701441,0.34954043180289,262,0.293392858962572,0,276,0.339297588650059,0.108440985035858,0.125407840066746,-0.040513511726394,0.114101041193401,0.455690102411131,1.51646875119568,45,FALSE,"physiofeedback_PMC12821712","outlier_arm",51,NA,NA,"none","pooled"
"endpoint","published","lm","hc3",0.0226050369997617,0.0469147988338699,0.63032021530617,267,0.332439473789073,0,276,0.339297588650059,0.0666230405282242,0.0679974515123439,-0.0697649766487421,0.114975050648265,0.544477866854346,0.665843162038982,46,FALSE,"physiofeedback_PMC12821712","outlier_arm",52,NA,NA,"none","pooled"
"change","published","lm","hc3",0.0478599847220973,0.0550194267113643,0.385183991319729,256,0.362790057199112,0,276,0.339297588650059,0.141056070903759,0.131921985656377,-0.0604883357244171,0.156208305168612,0.638662484325884,1.37638035048993,47,FALSE,"physiofeedback_PMC12821712","outlier_arm",53,NA,NA,"none","pooled"
"ancova","published","lm","hc3",0.0449713176111462,0.0424102026672411,0.289970927783598,255,0.290799616572891,0,276,0.339297588650059,0.132542402644447,0.154647100780732,-0.038547542770927,0.128490177993219,0.492304473570614,1.78601983066408,48,FALSE,"physiofeedback_PMC12821712","outlier_arm",54,NA,NA,"none","pooled"
"endpoint","none","lm","hc3",0.022429638223623,0.0409054912281115,0.583912969995843,274,0.327068396845179,0,276,0.339297588650059,0.0661060938065085,0.068577821764419,-0.0580993509405256,0.102958627387772,0.474680586352198,0.776174737959971,49,FALSE,"physiofeedback_PMC12821712","outlier_arm",55,NA,NA,"sd3_winsor","pooled"
"change","none","lm","hc3",0.0404697546122385,0.0466456526105141,0.386404428508183,263,0.335056804943407,0,276,0.339297588650059,0.119275102346742,0.120784756540235,-0.0513767003018803,0.132316209526357,0.541391733902632,1.37181646616351,50,FALSE,"physiofeedback_PMC12821712","outlier_arm",56,NA,NA,"sd3_winsor","pooled"
"ancova","none","lm","hc3",0.0358812038741825,0.0368297595254406,0.33083360289353,262,0.282236099425704,0,276,0.339297588650059,0.105751426106329,0.127131872737732,-0.0366387919299483,0.108401199678313,0.427471330360238,1.59582231785771,51,FALSE,"physiofeedback_PMC12821712","outlier_arm",57,NA,NA,"sd3_winsor","pooled"
"endpoint","published","lm","hc3",0.0284879018317615,0.0433247153796323,0.511397714615744,267,0.320656300458095,0,276,0.339297588650059,0.0839614037491524,0.0888424827176736,-0.0568136373500505,0.113789441013573,0.502812528206849,0.967482381550467,52,FALSE,"physiofeedback_PMC12821712","outlier_arm",58,NA,NA,"sd3_winsor","pooled"
"change","published","lm","hc3",0.0433692211573688,0.0507915390538681,0.393976935770518,256,0.338344239886599,0,276,0.339297588650059,0.12782059940337,0.128180758070256,-0.0566532305168407,0.143391672831578,0.589585396537371,1.34381692110282,53,FALSE,"physiofeedback_PMC12821712","outlier_arm",59,NA,NA,"sd3_winsor","pooled"
"ancova","published","lm","hc3",0.043523418261515,0.0401282015074889,0.279119121943944,255,0.28043263080387,0,276,0.339297588650059,0.128275059173508,0.155200976921814,-0.0355014731162485,0.122548309639279,0.465814636008317,1.8410471306815,54,FALSE,"physiofeedback_PMC12821712","outlier_arm",60,NA,NA,"sd3_winsor","pooled"
"endpoint","none","lm","hc3",0.021254091274606,0.0381211789581616,0.577613569952511,274,0.306396255628112,0,276,0.339297588650059,0.0626414451077245,0.0693679863385899,-0.0537935347305955,0.0963017172798075,0.442370523785851,0.791823458837443,55,FALSE,"physiofeedback_PMC12821712","outlier_arm",61,NA,NA,"iqr15_winsor","pooled"
"change","none","lm","hc3",0.0330842247890444,0.04280710358963,0.44029474980581,263,0.312295576126958,0,276,0.339297588650059,0.0975079867813808,0.105938819881312,-0.0512040312394016,0.11737248081749,0.496839699709025,1.18345845359752,56,FALSE,"physiofeedback_PMC12821712","outlier_arm",62,NA,NA,"iqr15_winsor","pooled"
"ancova","none","lm","hc3",0.0300301213169084,0.0347942030914737,0.388883783560836,262,0.267624557087923,0,276,0.339297588650059,0.0885067336799748,0.112209887028576,-0.038481742314967,0.0985419849487839,0.403845272844166,1.36258901918994,57,FALSE,"physiofeedback_PMC12821712","outlier_arm",63,NA,NA,"iqr15_winsor","pooled"
"endpoint","published","lm","hc3",0.0258253984195275,0.0396317289405774,0.515197540043182,267,0.300174967974948,0,276,0.339297588650059,0.076114299904922,0.0860344838004041,-0.0522050617795697,0.103855858618625,0.459952931051186,0.956802389975156,58,FALSE,"physiofeedback_PMC12821712","outlier_arm",64,NA,NA,"iqr15_winsor","pooled"
"change","published","lm","hc3",0.0344765659098039,0.046967976215596,0.463593617824018,256,0.315415175122844,0,276,0.339297588650059,0.101611585413776,0.109305349358592,-0.0580162433015387,0.126969375121146,0.545201689050237,1.10906738962369,59,FALSE,"physiofeedback_PMC12821712","outlier_arm",65,NA,NA,"iqr15_winsor","pooled"
"ancova","published","lm","hc3",0.0355857795114342,0.0375955916425668,0.3447686491898,255,0.266071013817051,0,276,0.339297588650059,0.104880732141413,0.133745420070082,-0.0384516164900322,0.109623175512901,0.436415692171784,1.53629950292779,60,FALSE,"physiofeedback_PMC12821712","outlier_arm",66,NA,NA,"iqr15_winsor","pooled"
"endpoint","none","lm","hc3",0.0218028386644073,0.0383844365833992,0.570491663901446,274,0.308797949762404,0,276,0.339297588650059,0.0642587492329456,0.0706055162645442,-0.0537630519994904,0.097368729328305,0.445425450646712,0.809722289067376,61,FALSE,"physiofeedback_PMC12821712","outlier_arm",67,NA,NA,"mad_winsor","pooled"
"change","none","lm","hc3",0.034092681869892,0.0429838780117223,0.428405124082646,263,0.313876631628821,0,276,0.339297588650059,0.100480177314358,0.108618095246443,-0.0505436474104012,0.118729011150185,0.49889142812379,1.22295235885986,62,FALSE,"physiofeedback_PMC12821712","outlier_arm",68,NA,NA,"mad_winsor","pooled"
"ancova","none","lm","hc3",0.0309746212473634,0.0349784052048992,0.376679865919497,262,0.269535333680209,0,276,0.339297588650059,0.0912904255246848,0.114918592766443,-0.0378999473455233,0.0998491898402501,0.405983248315518,1.40858917366575,63,FALSE,"physiofeedback_PMC12821712","outlier_arm",69,NA,NA,"mad_winsor","pooled"
"endpoint","published","lm","hc3",0.0265395321522484,0.0399808522220666,0.507387219219038,267,0.302556722733911,0,276,0.339297588650059,0.0782190414551411,0.0877175423915106,-0.052178312903605,0.105257377208102,0.464004742085217,0.978840915654097,64,FALSE,"physiofeedback_PMC12821712","outlier_arm",70,NA,NA,"mad_winsor","pooled"
"change","published","lm","hc3",0.0357322747600679,0.0471988631990694,0.449711350226317,256,0.316988511768326,0,276,0.339297588650059,0.105312492500266,0.112724194831966,-0.0572152141592903,0.128679763679426,0.547881812477136,1.15292879836414,65,FALSE,"physiofeedback_PMC12821712","outlier_arm",71,NA,NA,"mad_winsor","pooled"
"ancova","published","lm","hc3",0.0367631295163852,0.0378494834070605,0.332320286017913,255,0.267971019288897,0,276,0.339297588650059,0.108350694924335,0.137190691791754,-0.0377742582204966,0.111300517253267,0.439362908728227,1.5893537319081,66,FALSE,"physiofeedback_PMC12821712","outlier_arm",72,NA,NA,"mad_winsor","pooled"
"endpoint","none","lm","permutation",0.0167307652042694,0.0448870466901767,0.7022,274,0.33929758865006,0,276,0.339297588650059,0.0493100032653783,0.0493100032653783,-0.0716365514566227,0.105098081865162,0.520883847200171,0.510046098668694,67,FALSE,"physiofeedback_PMC12821712","outlier_arm",73,NA,NA,"none","pooled"
"change","none","lm","permutation",0.0453545422523312,0.0476506052653211,0.3434,263,0.359425016282881,0,276,0.339297588650059,0.133671867320897,0.126186381575164,-0.048470689536693,0.139179774041355,0.553055694632669,1.54203805554732,68,FALSE,"physiofeedback_PMC12821712","outlier_arm",74,NA,NA,"none","pooled"
"ancova","none","lm","permutation",0.0367937647335037,0.0391246938494943,0.3422,262,0.293392858962572,0,276,0.339297588650059,0.108440985035858,0.125407840066746,-0.0402450937972808,0.113832623264288,0.45410790472926,1.54708833506004,69,FALSE,"physiofeedback_PMC12821712","outlier_arm",75,NA,NA,"none","pooled"
"endpoint","published","lm","permutation",0.0226050369997617,0.0434690899935124,0.6026,267,0.332439473789073,0,276,0.339297588650059,0.0666230405282242,0.0679974515123439,-0.0629807597166894,0.108190833716213,0.504488092927306,0.730727421954986,70,FALSE,"physiofeedback_PMC12821712","outlier_arm",76,NA,NA,"none","pooled"
"change","published","lm","permutation",0.0478599847220973,0.0486530891302813,0.3296,256,0.362790057199112,0,276,0.339297588650059,0.141056070903759,0.131921985656377,-0.0479512733532566,0.143671242797451,0.564762387239778,1.60121185236623,71,FALSE,"physiofeedback_PMC12821712","outlier_arm",77,NA,NA,"none","pooled"
"ancova","published","lm","permutation",0.0449713176111462,0.0397793961761315,0.258,255,0.290799616572891,0,276,0.339297588650059,0.132542402644447,0.154647100780732,-0.0333666677407552,0.123309302963048,0.461765647457617,1.95455702923883,72,FALSE,"physiofeedback_PMC12821712","outlier_arm",78,NA,NA,"none","pooled"
"endpoint","none","lm","permutation",0.022429638223623,0.0430849855881081,0.6038,274,0.327068396845179,0,276,0.339297588650059,0.0661060938065085,0.068577821764419,-0.0623900334975626,0.107249309944809,0.499972145741748,0.727857338035824,73,FALSE,"physiofeedback_PMC12821712","outlier_arm",79,NA,NA,"sd3_winsor","pooled"
"change","none","lm","permutation",0.0404697546122385,0.0445155264120322,0.3648,263,0.335056804943407,0,276,0.339297588650059,0.119275102346742,0.120784756540235,-0.0471824286195038,0.128121937843981,0.516668471358598,1.45482236538471,74,FALSE,"physiofeedback_PMC12821712","outlier_arm",80,NA,NA,"sd3_winsor","pooled"
"ancova","none","lm","permutation",0.0358812038741825,0.0381021510257409,0.3476,262,0.282236099425704,0,276,0.339297588650059,0.105751426106329,0.127131872737732,-0.0391442067752245,0.110906614523589,0.442239574692561,1.52450001273505,75,FALSE,"physiofeedback_PMC12821712","outlier_arm",81,NA,NA,"sd3_winsor","pooled"
"endpoint","published","lm","permutation",0.0284879018317615,0.0427235416596656,0.5142,267,0.320656300458095,0,276,0.339297588650059,0.0839614037491524,0.0888424827176736,-0.0556299932526926,0.112605796916216,0.495835501921062,0.959598484715793,76,FALSE,"physiofeedback_PMC12821712","outlier_arm",82,NA,NA,"sd3_winsor","pooled"
"change","published","lm","permutation",0.0433692211573688,0.0461793041711198,0.3474,256,0.338344239886599,0,276,0.339297588650059,0.12782059940337,0.128180758070256,-0.0475704767892853,0.134308919104023,0.536046827261401,1.52533034083906,77,FALSE,"physiofeedback_PMC12821712","outlier_arm",83,NA,NA,"sd3_winsor","pooled"
"ancova","published","lm","permutation",0.043523418261515,0.037477042379368,0.2426,255,0.28043263080387,0,276,0.339297588650059,0.128275059173508,0.155200976921814,-0.030280517422886,0.117327353945916,0.435039553201894,2.04334854442894,78,FALSE,"physiofeedback_PMC12821712","outlier_arm",84,NA,NA,"sd3_winsor","pooled"
"endpoint","none","lm","permutation",0.021254091274606,0.0401455238369173,0.6038,274,0.306396255628112,0,276,0.339297588650059,0.0626414451077245,0.0693679863385899,-0.057778780767533,0.100286963316745,0.465861678278244,0.727857338035824,79,FALSE,"physiofeedback_PMC12821712","outlier_arm",85,NA,NA,"iqr15_winsor","pooled"
"change","none","lm","permutation",0.0330842247890444,0.041507550863087,0.4222,263,0.312295576126958,0,276,0.339297588650059,0.0975079867813808,0.105938819881312,-0.0486451794659345,0.114813629044023,0.481756469771272,1.24400151620229,80,FALSE,"physiofeedback_PMC12821712","outlier_arm",86,NA,NA,"iqr15_winsor","pooled"
"ancova","none","lm","permutation",0.0300301213169084,0.0360161485988838,0.4114,262,0.267624557087923,0,276,0.339297588650059,0.0885067336799748,0.112209887028576,-0.040887825987847,0.100948068621664,0.418028006546771,1.28138630102452,81,FALSE,"physiofeedback_PMC12821712","outlier_arm",87,NA,NA,"iqr15_winsor","pooled"
"endpoint","published","lm","permutation",0.0258253984195275,0.0396230568362101,0.5208,267,0.300174967974948,0,276,0.339297588650059,0.076114299904922,0.0860344838004041,-0.0521879873719484,0.103838784211003,0.459852285433931,0.941198646383814,82,FALSE,"physiofeedback_PMC12821712","outlier_arm",88,NA,NA,"iqr15_winsor","pooled"
"change","published","lm","permutation",0.0344765659098039,0.0424790450331288,0.4188,256,0.315415175122844,0,276,0.339297588650059,0.101611585413776,0.109305349358592,-0.0491763083314448,0.118129440151053,0.493094422356921,1.25566665261864,83,FALSE,"physiofeedback_PMC12821712","outlier_arm",89,NA,NA,"iqr15_winsor","pooled"
"ancova","published","lm","permutation",0.0355857795114342,0.0362273177163168,0.3326,255,0.266071013817051,0,276,0.339297588650059,0.104880732141413,0.133745420070082,-0.035757060184618,0.106928619207486,0.42053254772543,1.58813992626218,84,FALSE,"physiofeedback_PMC12821712","outlier_arm",90,NA,NA,"iqr15_winsor","pooled"
"endpoint","none","lm","permutation",0.0218028386644073,0.040228668852864,0.599,274,0.308797949762404,0,276,0.339297588650059,0.0642587492329456,0.0706055162645442,-0.057393717613936,0.100999394942751,0.466826520008216,0.739372091873301,85,FALSE,"physiofeedback_PMC12821712","outlier_arm",91,NA,NA,"mad_winsor","pooled"
"change","none","lm","permutation",0.034092681869892,0.0428586671877053,0.4238,263,0.313876631628821,0,276,0.339297588650059,0.100480177314358,0.108618095246443,-0.0502971041709087,0.118482467910693,0.497438171468042,1.23854450717728,86,FALSE,"physiofeedback_PMC12821712","outlier_arm",92,NA,NA,"mad_winsor","pooled"
"ancova","none","lm","permutation",0.0309746212473634,0.0360810919797485,0.3908,262,0.269535333680209,0,276,0.339297588650059,0.0912904255246848,0.114918592766443,-0.0400712034524252,0.102020445947152,0.418781783757756,1.35549762758106,87,FALSE,"physiofeedback_PMC12821712","outlier_arm",93,NA,NA,"mad_winsor","pooled"
"endpoint","published","lm","permutation",0.0265395321522484,0.0413646010552859,0.526,267,0.302556722733911,0,276,0.339297588650059,0.0782190414551411,0.0877175423915106,-0.054902760237658,0.107981824542155,0.480064080112891,0.926865295369785,88,FALSE,"physiofeedback_PMC12821712","outlier_arm",94,NA,NA,"mad_winsor","pooled"
"change","published","lm","permutation",0.0357322747600679,0.0431294544666396,0.4008,256,0.316988511768326,0,276,0.339297588650059,0.105312492500266,0.112724194831966,-0.0492014337961794,0.120665983316315,0.500644339349226,1.31904558635424,89,FALSE,"physiofeedback_PMC12821712","outlier_arm",95,NA,NA,"mad_winsor","pooled"
"ancova","published","lm","permutation",0.0367631295163852,0.0359420650542021,0.304,255,0.267971019288897,0,276,0.339297588650059,0.108350694924335,0.137190691791754,-0.0340179590970869,0.107544218129857,0.417221288810711,1.7178567712185,90,FALSE,"physiofeedback_PMC12821712","outlier_arm",96,NA,NA,"mad_winsor","pooled"
"endpoint","none","lm","model",0.0238984884178726,0.0428514741132636,0.577501083603394,274,0.326459210597206,0,276,0.339297588650059,0.0704351849742166,0.0732051283655133,-0.0604614786899986,0.108258455525744,0.497262402857082,0.792104441332214,91,FALSE,"physiofeedback_PMC12821712","outlier_arm",97,NA,NA,"sd3_winsor","armwise"
"change","none","lm","model",0.0436556279542252,0.0452901491038623,0.335976490680878,263,0.336007458806077,0,276,0.339297588650059,0.128664716209493,0.129924579976126,-0.0455218067030828,0.132833062611533,0.525659112474759,1.57356780820688,92,FALSE,"physiofeedback_PMC12821712","outlier_arm",98,NA,NA,"sd3_winsor","armwise"
"ancova","none","lm","model",0.0378169051376894,0.0381532382386846,0.322509917790136,262,0.283028241137376,0,276,0.339297588650059,0.111456451217791,0.133615306323208,-0.0373090992846898,0.112942909560069,0.442832527759941,1.63258456806732,93,FALSE,"physiofeedback_PMC12821712","outlier_arm",99,NA,NA,"sd3_winsor","armwise"
"endpoint","published","lm","model",0.03020711614811,0.0435204268363985,0.48822888916691,267,0.32005768260672,0,276,0.339297588650059,0.08902838439935,0.0943802251584376,-0.055479757094212,0.115893989390432,0.505083891596392,1.03437043101628,94,FALSE,"physiofeedback_PMC12821712","outlier_arm",100,NA,NA,"sd3_winsor","armwise"
"change","published","lm","model",0.0465544017470281,0.0477184085536195,0.330180359429032,256,0.339312858278125,0,276,0.339297588650059,0.137208171541245,0.137201996951347,-0.0474162142735374,0.140525017767594,0.55391266642619,1.59867378989081,95,FALSE,"physiofeedback_PMC12821712","outlier_arm",101,NA,NA,"sd3_winsor","armwise"
"ancova","published","lm","model",0.0454930015947847,0.0395448389191205,0.251050392792447,255,0.281191927579678,0,276,0.339297588650059,0.134079943732535,0.161786300148655,-0.03238306767165,0.123369070861219,0.459042868982801,1.99395111264489,96,FALSE,"physiofeedback_PMC12821712","outlier_arm",102,NA,NA,"sd3_winsor","armwise"
"endpoint","none","lm","model",0.0237538928448793,0.0402502541884507,0.555573054576198,274,0.306642104632553,0,276,0.339297588650059,0.0700090234634067,0.0774645506472227,-0.0554851576122007,0.102992943301959,0.467077003242747,0.847951464920069,97,FALSE,"physiofeedback_PMC12821712","outlier_arm",103,NA,NA,"iqr15_winsor","armwise"
"change","none","lm","model",0.0343941982300328,0.0421502296249064,0.415243836885363,263,0.31271240710377,0,276,0.339297588650059,0.101368826011628,0.109986676091875,-0.0486006565571657,0.117389053017231,0.489215706586095,1.26796933924855,98,FALSE,"physiofeedback_PMC12821712","outlier_arm",104,NA,NA,"iqr15_winsor","armwise"
"ancova","none","lm","model",0.0315779719357361,0.0361935462805405,0.383748051383698,262,0.268511211683116,0,276,0.339297588650059,0.0930686600555379,0.11760392326933,-0.0396892819975493,0.102845225869022,0.420087005138066,1.38176867017969,99,FALSE,"physiofeedback_PMC12821712","outlier_arm",105,NA,NA,"iqr15_winsor","armwise"
"endpoint","published","lm","model",0.0287057603768346,0.0408595938440813,0.48295052211593,267,0.300489399314694,0,276,0.339297588650059,0.084603490673318,0.0955300268239141,-0.0517422290606764,0.109153749814346,0.47420313098943,1.05005270117692,100,FALSE,"physiofeedback_PMC12821712","outlier_arm",106,NA,NA,"iqr15_winsor","armwise"
"change","published","lm","model",0.0360090786134414,0.0444160988968663,0.418278765165852,256,0.315831016311553,0,276,0.339297588650059,0.10612830688455,0.114013750245226,-0.0514583852245221,0.123476542451405,0.515579637249793,1.25746333660788,101,FALSE,"physiofeedback_PMC12821712","outlier_arm",107,NA,NA,"iqr15_winsor","armwise"
"ancova","published","lm","model",0.0373622132168342,0.0375471414197784,0.320643195665794,255,0.266986014920782,0,276,0.339297588650059,0.110116353509864,0.139940712729541,-0.0365797692487834,0.111304195682452,0.435853274170357,1.64095930266058,102,FALSE,"physiofeedback_PMC12821712","outlier_arm",108,NA,NA,"iqr15_winsor","armwise"
"endpoint","none","lm","model",0.0234251818541338,0.0405753603313036,0.56419379503919,274,0.309118889782943,0,276,0.339297588650059,0.0690402249757626,0.0757804929701402,-0.0564538919413533,0.103304255649621,0.470849640360232,0.825737295527889,103,FALSE,"physiofeedback_PMC12821712","outlier_arm",109,NA,NA,"mad_winsor","armwise"
"change","none","lm","model",0.0299836020972452,0.0422906141319039,0.478958978758688,263,0.31375391927331,0,276,0.339297588650059,0.0883696291993672,0.0955640718901317,-0.0532876732901803,0.113254877484671,0.490845076257284,1.06202599566009,104,FALSE,"physiofeedback_PMC12821712","outlier_arm",110,NA,NA,"mad_winsor","armwise"
"ancova","none","lm","model",0.029625852292309,0.0362852686095173,0.414972805723779,262,0.269200144360421,0,276,0.339297588650059,0.0873152456231103,0.110051398236415,-0.0418220083839542,0.101073712968572,0.421151597101105,1.2689112989891,105,FALSE,"physiofeedback_PMC12821712","outlier_arm",111,NA,NA,"mad_winsor","armwise"
"endpoint","published","lm","model",0.0284148932019012,0.0411899271819335,0.490887334913732,267,0.302918734922963,0,276,0.339297588650059,0.0837462279497878,0.0938036837144707,-0.0526834857861226,0.109513272189925,0.478036872060804,1.02653614980259,106,FALSE,"physiofeedback_PMC12821712","outlier_arm",112,NA,NA,"mad_winsor","armwise"
"change","published","lm","model",0.031688354343301,0.0445594557631527,0.477640161053927,256,0.31685038869902,0,276,0.339297588650059,0.0933939862920257,0.100010463845137,-0.0560614184283432,0.119438127114945,0.517243715882381,1.06600394815608,107,FALSE,"physiofeedback_PMC12821712","outlier_arm",113,NA,NA,"mad_winsor","armwise"
"ancova","published","lm","model",0.0356757159441762,0.0376432955542845,0.344163697475078,255,0.267656946508878,0,276,0.339297588650059,0.105145798666347,0.133288959653408,-0.0384556238748592,0.109807055763211,0.436969446873918,1.53883316553588,108,FALSE,"physiofeedback_PMC12821712","outlier_arm",114,NA,NA,"mad_winsor","armwise"
"endpoint","none","mixed_ri","model",0.024225128385462,0.0432317741186325,0.586833256523482,10.6482072220778,0.326346774916302,0,276,0.339297588650059,0.0713978796072346,0.0742312480081194,-0.071312315863481,0.119762572634405,0.563148383276471,0.768977462352602,109,FALSE,"physiofeedback_PMC12821712","outlier_arm",115,NA,NA,"sd3_winsor","armwise"
"change","none","mixed_ri","model",0.0180757228423232,0.0667108169675987,0.790298745840416,14.2917084429379,0.326315640686358,0,276,0.339297588650059,0.0532739502047152,0.0553933694514413,-0.124731250799945,0.160882696484591,0.84178006811333,0.339529976192776,110,FALSE,"physiofeedback_PMC12821712","outlier_arm",116,NA,NA,"sd3_winsor","armwise"
"ancova","none","mixed_ri","model",0.0298650189445946,0.0519964682085979,0.57611800291266,12.2471291438965,0.277531995004509,0,276,0.339297588650059,0.0880201331916816,0.107609282829208,-0.0831725289126803,0.14290256680187,0.666303278529092,0.795563754086354,111,FALSE,"physiofeedback_PMC12821712","outlier_arm",117,NA,NA,"sd3_winsor","armwise"
"endpoint","published","mixed_ri","model",0.0302071161481109,0.0435204268363986,0.488228889166905,266.999999996926,0.32005768260672,1,276,0.339297588650059,0.0890283843993527,0.0943802251584404,-0.0554797570942157,0.115893989390438,0.50508389159642,1.0343704310163,94,TRUE,"physiofeedback_PMC12821712","outlier_arm",118,NA,NA,"sd3_winsor","armwise"
"change","published","mixed_ri","model",0.0240006648077033,0.0708819786314495,0.739784306642832,14.4391220231118,0.329239141180788,0,276,0.339297588650059,0.0707363258996127,0.072897361843513,-0.127593448231796,0.175594777847203,0.893576129689791,0.434823398600506,112,FALSE,"physiofeedback_PMC12821712","outlier_arm",119,NA,NA,"sd3_winsor","armwise"
"ancova","published","mixed_ri","model",0.0397999378066596,0.051901744242783,0.458069562608273,11.9451196512611,0.276774217596591,0,276,0.339297588650059,0.117300974536863,0.143799296597306,-0.0733418983313263,0.152941773944645,0.666918008985184,1.12636139174106,113,FALSE,"physiofeedback_PMC12821712","outlier_arm",120,NA,NA,"sd3_winsor","armwise"
"endpoint","none","mixed_ri","model",0.0237538928448813,0.0402502541884513,0.5555730545762,273.999999983991,0.306642104632552,1,276,0.339297588650059,0.0700090234634126,0.0774645506472293,-0.0554851576122205,0.102992943301983,0.467077003242875,0.847951464920065,97,TRUE,"physiofeedback_PMC12821712","outlier_arm",121,NA,NA,"iqr15_winsor","armwise"
"change","none","mixed_ri","model",0.0109471127395819,0.0629060666526715,0.864313051712325,14.1464391184683,0.303248919391679,0,276,0.339297588650059,0.0322640452092113,0.0360994286856552,-0.1238420708926,0.145736296371764,0.794518959998852,0.210374147831937,114,FALSE,"physiofeedback_PMC12821712","outlier_arm",122,NA,NA,"iqr15_winsor","armwise"
"ancova","none","mixed_ri","model",0.0238384458892965,0.0492016851356363,0.636626050080157,12.1765768082071,0.263353411118232,0,276,0.339297588650059,0.0702582237148837,0.0905188422966516,-0.0831906550400582,0.130867546818651,0.63088630458698,0.651481903115331,115,FALSE,"physiofeedback_PMC12821712","outlier_arm",123,NA,NA,"iqr15_winsor","armwise"
"endpoint","published","mixed_ri","model",0.0287057603768355,0.0408595938440814,0.482950522115921,266.99999999773,0.300489399314694,1,276,0.339297588650059,0.0846034906733208,0.0955300268239174,-0.0517422290606787,0.10915374981435,0.474203130989449,1.05005270117695,100,TRUE,"physiofeedback_PMC12821712","outlier_arm",124,NA,NA,"iqr15_winsor","armwise"
"change","published","mixed_ri","model",0.0151236768919542,0.0665767167399139,0.823555099168355,14.115705700421,0.306220876426513,0,276,0.339297588650059,0.0445734876929888,0.0493881314312795,-0.127559448138143,0.157806801922052,0.841050038685989,0.280062919571144,116,FALSE,"physiofeedback_PMC12821712","outlier_arm",125,NA,NA,"iqr15_winsor","armwise"
"ancova","published","mixed_ri","model",0.0314715950595549,0.0488765573084437,0.532168054577904,11.5974532036835,0.263002104271181,0,276,0.339297588650059,0.0927551391825944,0.119662902115432,-0.0754326837998255,0.138375873918935,0.63015053708288,0.910046185213622,117,FALSE,"physiofeedback_PMC12821712","outlier_arm",126,NA,NA,"iqr15_winsor","armwise"
"endpoint","none","mixed_ri","model",0.0234251818541351,0.0405753603313037,0.564193795039177,273.999999996409,0.309118889782943,1,276,0.339297588650059,0.0690402249757662,0.0757804929701442,-0.0564538919413569,0.103304255649627,0.47084964036026,0.825737295527924,103,TRUE,"physiofeedback_PMC12821712","outlier_arm",127,NA,NA,"mad_winsor","armwise"
"change","none","mixed_ri","model",0.00753919996386301,0.0623200546923953,0.905423213704382,14.0525436513498,0.304762774346339,0,276,0.339297588650059,0.0222200222343422,0.0247379292961,-0.12607715157651,0.141155551504236,0.787605665410022,0.143335799272597,118,FALSE,"physiofeedback_PMC12821712","outlier_arm",128,NA,NA,"mad_winsor","armwise"
"ancova","none","mixed_ri","model",0.0221073725042099,0.0491524196212507,0.660808185560153,12.1280091059954,0.264122316975625,0,276,0.339297588650059,0.0651562912432328,0.0837012667363889,-0.0848613169944524,0.129076062002872,0.630530207563522,0.597696537073863,119,FALSE,"physiofeedback_PMC12821712","outlier_arm",129,NA,NA,"mad_winsor","armwise"
"endpoint","published","mixed_ri","model",0.0284148932019019,0.0411899271819336,0.490887334913728,266.999999997298,0.302918734922963,1,276,0.339297588650059,0.0837462279497897,0.093803683714473,-0.0526834857861258,0.10951327218993,0.478036872060826,1.0265361498026,106,TRUE,"physiofeedback_PMC12821712","outlier_arm",130,NA,NA,"mad_winsor","armwise"
"change","published","mixed_ri","model",0.011871763195491,0.0658530238963541,0.859504448025885,14.0794059675766,0.307758672221417,0,276,0.339297588650059,0.0349892353869191,0.0385749103666194,-0.129294230270644,0.153037756661626,0.832107260342066,0.218422989066188,120,FALSE,"physiofeedback_PMC12821712","outlier_arm",131,NA,NA,"mad_winsor","armwise"
"ancova","published","mixed_ri","model",0.0300258956042719,0.048757902448885,0.549918921045016,11.5895662096584,0.26376445302766,0,276,0.339297588650059,0.0884942793838705,0.113836020205207,-0.0766272135739268,0.136679004782471,0.628670009725281,0.862709168666296,121,FALSE,"physiofeedback_PMC12821712","outlier_arm",132,NA,NA,"mad_winsor","armwise"
"endpoint","none","lm","hc3",0.0238984884178726,0.040562416577477,0.556227236016164,274,0.326459210597206,0,276,0.339297588650059,0.0704351849742166,0.0732051283655133,-0.055955103532015,0.10375208036776,0.470699436843013,0.846253706003862,122,FALSE,"physiofeedback_PMC12821712","outlier_arm",133,NA,NA,"sd3_winsor","armwise"
"change","none","lm","hc3",0.0436556279542252,0.047075694943046,0.35459527908885,263,0.336007458806077,0,276,0.339297588650059,0.128664716209493,0.129924579976126,-0.0490375910524844,0.136348846960935,0.546383010710462,1.49575476587141,123,FALSE,"physiofeedback_PMC12821712","outlier_arm",134,NA,NA,"sd3_winsor","armwise"
"ancova","none","lm","hc3",0.0378169051376894,0.036861892387728,0.305881257121297,262,0.283028241137376,0,276,0.339297588650059,0.111456451217791,0.133615306323208,-0.0347663621911075,0.110400172466486,0.427844286294984,1.70895638644364,124,FALSE,"physiofeedback_PMC12821712","outlier_arm",135,NA,NA,"sd3_winsor","armwise"
"endpoint","published","lm","hc3",0.03020711614811,0.0429572458700085,0.482549897157817,267,0.32005768260672,0,276,0.339297588650059,0.08902838439935,0.0943802251584376,-0.0543709164971065,0.114785148793327,0.498547796827684,1.05124996564612,125,FALSE,"physiofeedback_PMC12821712","outlier_arm",136,NA,NA,"sd3_winsor","armwise"
"change","published","lm","hc3",0.0465544017470281,0.0511124676074832,0.363245555104883,256,0.339312858278125,0,276,0.339297588650059,0.137208171541245,0.137201996951347,-0.0541000461482607,0.147208849642317,0.593310717566581,1.46098295062148,126,FALSE,"physiofeedback_PMC12821712","outlier_arm",137,NA,NA,"sd3_winsor","armwise"
"ancova","published","lm","hc3",0.0454930015947847,0.0401559200203201,0.258316565147247,255,0.281191927579678,0,276,0.339297588650059,0.134079943732535,0.161786300148655,-0.0335864761432779,0.124572479332847,0.466136396976417,1.95278793230835,127,FALSE,"physiofeedback_PMC12821712","outlier_arm",138,NA,NA,"sd3_winsor","armwise"
"endpoint","none","lm","hc3",0.0237538928448793,0.0378143828963952,0.530415255946163,274,0.306642104632553,0,276,0.339297588650059,0.0700090234634067,0.0774645506472227,-0.0506897561393443,0.098197541829103,0.438810362787473,0.914805823657552,128,FALSE,"physiofeedback_PMC12821712","outlier_arm",139,NA,NA,"iqr15_winsor","armwise"
"change","none","lm","hc3",0.0343941982300328,0.0427590838220563,0.421908815931651,263,0.31271240710377,0,276,0.339297588650059,0.101368826011628,0.109986676091875,-0.0497995056768195,0.118587902136885,0.496282359340237,1.2449968613998,129,FALSE,"physiofeedback_PMC12821712","outlier_arm",140,NA,NA,"iqr15_winsor","armwise"
"ancova","none","lm","hc3",0.0315779719357361,0.0347326524756032,0.364094665002818,262,0.268511211683116,0,276,0.339297588650059,0.0930686600555379,0.11760392326933,-0.0368126948579795,0.0999686387294517,0.403130874379726,1.4576144934358,130,FALSE,"physiofeedback_PMC12821712","outlier_arm",141,NA,NA,"iqr15_winsor","armwise"
"endpoint","published","lm","hc3",0.0287057603768346,0.0393216625667144,0.466015476279683,267,0.300489399314694,0,276,0.339297588650059,0.084603490673318,0.0955300268239141,-0.0487142136665596,0.106125734420229,0.456354401759351,1.1015502276018,131,FALSE,"physiofeedback_PMC12821712","outlier_arm",142,NA,NA,"iqr15_winsor","armwise"
"change","published","lm","hc3",0.0360090786134414,0.0469560159696132,0.44386646554811,256,0.315831016311553,0,276,0.339297588650059,0.10612830688455,0.114013750245226,-0.0564601775977734,0.128478334824656,0.545062855171568,1.17180237882397,132,FALSE,"physiofeedback_PMC12821712","outlier_arm",143,NA,NA,"iqr15_winsor","armwise"
"ancova","published","lm","hc3",0.0373622132168342,0.0375817081556562,0.321087633364329,255,0.266986014920782,0,276,0.339297588650059,0.110116353509864,0.139940712729541,-0.0366478418871128,0.111372268320781,0.43625453041624,1.63896099390816,133,FALSE,"physiofeedback_PMC12821712","outlier_arm",144,NA,NA,"iqr15_winsor","armwise"
"endpoint","none","lm","hc3",0.0234251818541338,0.0382004037407277,0.540240768620135,274,0.309118889782943,0,276,0.339297588650059,0.0690402249757626,0.0757804929701402,-0.051778410782081,0.0986287744903487,0.443289873856295,0.888325579685482,134,FALSE,"physiofeedback_PMC12821712","outlier_arm",145,NA,NA,"mad_winsor","armwise"
"change","none","lm","hc3",0.0299836020972452,0.0425644573647012,0.481789465976547,263,0.31375391927331,0,276,0.339297588650059,0.0883696291993672,0.0955640718901317,-0.0538268774544927,0.113794081648983,0.494023431673588,1.05352524458523,135,FALSE,"physiofeedback_PMC12821712","outlier_arm",146,NA,NA,"mad_winsor","armwise"
"ancova","none","lm","hc3",0.029625852292309,0.0348349895112585,0.395844541954701,262,0.269200144360421,0,276,0.339297588650059,0.0873152456231103,0.110051398236415,-0.0389663222356942,0.0982180268203122,0.404318667874454,1.3369941357571,136,FALSE,"physiofeedback_PMC12821712","outlier_arm",147,NA,NA,"mad_winsor","armwise"
"endpoint","published","lm","hc3",0.0284148932019012,0.0397991583596189,0.475877333216419,267,0.302918734922963,0,276,0.339297588650059,0.0837462279497878,0.0938036837144707,-0.04994521687541,0.106775003279212,0.461896062327336,1.07133835657946,137,FALSE,"physiofeedback_PMC12821712","outlier_arm",148,NA,NA,"mad_winsor","armwise"
"change","published","lm","hc3",0.031688354343301,0.0468082125633693,0.499028142063044,256,0.31685038869902,0,276,0.339297588650059,0.0933939862920257,0.100010463845137,-0.0604898364791955,0.123866545165798,0.543347161347298,1.00280691806236,138,FALSE,"physiofeedback_PMC12821712","outlier_arm",149,NA,NA,"mad_winsor","armwise"
"ancova","published","lm","hc3",0.0356757159441762,0.0377353943429366,0.345340542085973,255,0.267656946508878,0,276,0.339297588650059,0.105145798666347,0.133288959653408,-0.0386369949928219,0.109988426881174,0.438038544468654,1.53390838208915,139,FALSE,"physiofeedback_PMC12821712","outlier_arm",150,NA,NA,"mad_winsor","armwise"
"endpoint","none","lm","permutation",0.0238984884178726,0.0428339734338712,0.5914,274,0.326459210597206,0,276,0.339297588650059,0.0704351849742166,0.0732051283655133,-0.0604270258090076,0.108224002644753,0.497059319297732,0.757793851429125,140,FALSE,"physiofeedback_PMC12821712","outlier_arm",151,NA,NA,"sd3_winsor","armwise"
"change","none","lm","permutation",0.0436556279542252,0.0443265561988818,0.3204,263,0.336007458806077,0,276,0.339297588650059,0.128664716209493,0.129924579976126,-0.0436244682085002,0.130935724116951,0.514475192765035,1.64205394714074,141,FALSE,"physiofeedback_PMC12821712","outlier_arm",152,NA,NA,"sd3_winsor","armwise"
"ancova","none","lm","permutation",0.0378169051376894,0.0384690356726816,0.324,262,0.283028241137376,0,276,0.339297588650059,0.111456451217791,0.133615306323208,-0.0379309232901548,0.113564733565534,0.446497888353507,1.62593428177746,142,FALSE,"physiofeedback_PMC12821712","outlier_arm",153,NA,NA,"sd3_winsor","armwise"
"endpoint","published","lm","permutation",0.03020711614811,0.0421188127574624,0.4776,267,0.32005768260672,0,276,0.339297588650059,0.08902838439935,0.0943802251584376,-0.0527201350811299,0.11313436737735,0.488817215348786,1.06612525828464,143,FALSE,"physiofeedback_PMC12821712","outlier_arm",154,NA,NA,"sd3_winsor","armwise"
"change","published","lm","permutation",0.0465544017470281,0.0458156871457206,0.3036,256,0.339312858278125,0,276,0.339297588650059,0.137208171541245,0.137201996951347,-0.0436692346856731,0.136778038179729,0.531825980795607,1.71975630413398,144,FALSE,"physiofeedback_PMC12821712","outlier_arm",155,NA,NA,"sd3_winsor","armwise"
"ancova","published","lm","permutation",0.0454930015947847,0.0381687818417998,0.2296,255,0.281191927579678,0,276,0.339297588650059,0.134079943732535,0.161786300148655,-0.0296731839245657,0.120659187114135,0.443069376463352,2.12280545287376,145,FALSE,"physiofeedback_PMC12821712","outlier_arm",156,NA,NA,"sd3_winsor","armwise"
"endpoint","none","lm","permutation",0.0237538928448793,0.0399461333263418,0.5616,274,0.306642104632553,0,276,0.339297588650059,0.0700090234634067,0.0774645506472227,-0.0548864471487867,0.102394232838545,0.463547886128794,0.832385159244889,146,FALSE,"physiofeedback_PMC12821712","outlier_arm",157,NA,NA,"iqr15_winsor","armwise"
"change","none","lm","permutation",0.0343941982300328,0.0417054830494609,0.4128,263,0.31271240710377,0,276,0.339297588650059,0.101368826011628,0.109986676091875,-0.0477249394430555,0.116513335903121,0.484053765308561,1.2764851241262,147,FALSE,"physiofeedback_PMC12821712","outlier_arm",158,NA,NA,"iqr15_winsor","armwise"
"ancova","none","lm","permutation",0.0315779719357361,0.0362498380485867,0.3914,262,0.268511211683116,0,276,0.339297588650059,0.0930686600555379,0.11760392326933,-0.0398001238503096,0.102956067721782,0.420740365824779,1.35328433892265,148,FALSE,"physiofeedback_PMC12821712","outlier_arm",159,NA,NA,"iqr15_winsor","armwise"
"endpoint","published","lm","permutation",0.0287057603768346,0.0401493622455616,0.4674,267,0.300489399314694,0,276,0.339297588650059,0.084603490673318,0.0955300268239141,-0.0503438621470469,0.107755382900716,0.465960414504511,1.09727036076662,149,FALSE,"physiofeedback_PMC12821712","outlier_arm",160,NA,NA,"iqr15_winsor","armwise"
"change","published","lm","permutation",0.0360090786134414,0.0429353707811329,0.404,256,0.315831016311553,0,276,0.339297588650059,0.10612830688455,0.114013750245226,-0.0485424260085294,0.120560583235412,0.498391426584375,1.30757280191029,150,FALSE,"physiofeedback_PMC12821712","outlier_arm",161,NA,NA,"iqr15_winsor","armwise"
"ancova","published","lm","permutation",0.0373622132168342,0.035810366642467,0.2966,255,0.266986014920782,0,276,0.339297588650059,0.110116353509864,0.139940712729541,-0.0331595203223754,0.107883946756044,0.415692512403579,1.75340949709482,151,FALSE,"physiofeedback_PMC12821712","outlier_arm",162,NA,NA,"iqr15_winsor","armwise"
"endpoint","none","lm","permutation",0.0234251818541338,0.0401531098923268,0.5602,274,0.309118889782943,0,276,0.339297588650059,0.0690402249757626,0.0757804929701402,-0.0556226245490294,0.102472988257297,0.465949709325465,0.835986111474943,152,FALSE,"physiofeedback_PMC12821712","outlier_arm",163,NA,NA,"mad_winsor","armwise"
"change","none","lm","permutation",0.0299836020972452,0.0424957414048828,0.479,263,0.31375391927331,0,276,0.339297588650059,0.0883696291993672,0.0955640718901317,-0.0536915740135045,0.113658778207995,0.493225881407896,1.06190243892591,153,FALSE,"physiofeedback_PMC12821712","outlier_arm",164,NA,NA,"mad_winsor","armwise"
"ancova","none","lm","permutation",0.029625852292309,0.0361020034099007,0.4202,262,0.269200144360421,0,276,0.339297588650059,0.0873152456231103,0.110051398236415,-0.0414611482621806,0.100712852846799,0.41902449609099,1.2508519328764,154,FALSE,"physiofeedback_PMC12821712","outlier_arm",165,NA,NA,"mad_winsor","armwise"
"endpoint","published","lm","permutation",0.0284148932019012,0.0398278599665767,0.4814,267,0.302918734922963,0,276,0.339297588650059,0.0837462279497878,0.0938036837144707,-0.0500017271427954,0.106831513546598,0.462229163824521,1.05469195307495,155,FALSE,"physiofeedback_PMC12821712","outlier_arm",166,NA,NA,"mad_winsor","armwise"
"change","published","lm","permutation",0.031688354343301,0.0423406011120283,0.4594,256,0.31685038869902,0,276,0.339297588650059,0.0933939862920257,0.100010463845137,-0.0516918858989429,0.115068594585545,0.491487372922297,1.12217723817153,156,FALSE,"physiofeedback_PMC12821712","outlier_arm",167,NA,NA,"mad_winsor","armwise"
"ancova","published","lm","permutation",0.0356757159441762,0.0360843386254998,0.3224,255,0.267656946508878,0,276,0.339297588650059,0.105145798666347,0.133288959653408,-0.0353855535170627,0.106736985405415,0.418872823375878,1.63307635102148,157,FALSE,"physiofeedback_PMC12821712","outlier_arm",168,NA,NA,"mad_winsor","armwise"
"endpoint","none","lm","model",-0.442857142857142,0.513798024693445,0.396317769779613,27,1.38262077651112,0,29,1.38262077651112,-0.320302681965072,-0.320302681965072,-1.49708360923044,0.61136932351616,1.52496835615839,1.33527043972331,1,FALSE,"mulligan_PMC13092435","principled",1,NA,NA,NA,NA
"change","none","lm","model",-0.161904761904762,0.517505759682223,0.756793910705457,27,1.39259822131025,0,29,1.38262077651112,-0.117099905234543,-0.116260928261441,-1.22373887207506,0.899929348265536,1.53597302775922,0.402027614336882,2,FALSE,"mulligan_PMC13092435","principled",2,NA,NA,NA,NA
"ancova","none","lm","model",-0.303641872963238,0.408237584260213,0.463674421802157,26,1.09480940604985,0,29,1.38262077651112,-0.219613272215859,-0.277346788660503,-1.14278624537056,0.53550249944408,1.21384603307467,1.10881595100215,3,FALSE,"mulligan_PMC13092435","principled",3,NA,NA,NA,NA
"endpoint","none","lm","hc3",-0.442857142857142,0.534341718691568,0.414490110052281,27,1.38262077651112,0,29,1.38262077651112,-0.320302681965072,-0.320302681965072,-1.53923578749703,0.653521501782741,1.58594267244626,1.27059041620313,4,FALSE,"mulligan_PMC13092435","principled",4,NA,NA,NA,NA
"change","none","lm","hc3",-0.161904761904762,0.525802453802057,0.760506611521707,27,1.39259822131025,0,29,1.38262077651112,-0.117099905234543,-0.116260928261441,-1.24076228225604,0.916952758446514,1.56059787134639,0.394967304704693,5,FALSE,"mulligan_PMC13092435","principled",5,NA,NA,NA,NA
"ancova","none","lm","hc3",-0.303641872963238,0.434781517714251,0.491140595925633,26,1.09480940604985,0,29,1.38262077651112,-0.219613272215859,-0.277346788660503,-1.19734808200271,0.590064336076232,1.29277127065114,1.0257920194117,6,FALSE,"mulligan_PMC13092435","principled",6,NA,NA,NA,NA
"endpoint","none","lm","permutation",-0.442857142857142,0.517677075667711,0.4042,27,1.38262077651112,0,29,1.38262077651112,-0.320302681965072,-0.320302681965072,-1.50504276439443,0.619328478680142,1.53648149887865,1.30685877316971,7,FALSE,"mulligan_PMC13092435","principled",7,NA,NA,NA,NA
"change","none","lm","permutation",-0.161904761904762,0.50966042719052,0.7576,27,1.39259822131025,0,29,1.38262077651112,-0.117099905234543,-0.116260928261441,-1.20764157945665,0.883832055647127,1.51268783938092,0.400491764081064,8,FALSE,"mulligan_PMC13092435","principled",8,NA,NA,NA,NA
"ancova","none","lm","permutation",-0.303641872963238,0.41269006582596,0.4972,26,1.09480940604985,0,29,1.38262077651112,-0.219613272215859,-0.277346788660503,-1.15193845230396,0.544654706377487,1.22708495887253,1.00810179849696,9,FALSE,"mulligan_PMC13092435","principled",9,NA,NA,NA,NA
"endpoint","none","lm","model",-0.442857142857142,0.513798024693445,0.396317769779613,27,1.38262077651112,0,29,1.38262077651112,-0.320302681965072,-0.320302681965072,-1.49708360923044,0.61136932351616,1.52496835615839,1.33527043972331,1,FALSE,"mulligan_PMC13092435","defensible",1,"complete_case","none",NA,NA
"change","none","lm","model",-0.161904761904762,0.517505759682223,0.756793910705457,27,1.39259822131025,0,29,1.38262077651112,-0.117099905234543,-0.116260928261441,-1.22373887207506,0.899929348265536,1.53597302775922,0.402027614336882,2,FALSE,"mulligan_PMC13092435","defensible",2,"complete_case","none",NA,NA
"ancova","none","lm","model",-0.303641872963238,0.408237584260213,0.463674421802157,26,1.09480940604985,0,29,1.38262077651112,-0.219613272215859,-0.277346788660503,-1.14278624537056,0.53550249944408,1.21384603307467,1.10881595100215,3,FALSE,"mulligan_PMC13092435","defensible",3,"complete_case","none",NA,NA
"endpoint","none","lm","hc3",-0.442857142857142,0.534341718691568,0.414490110052281,27,1.38262077651112,0,29,1.38262077651112,-0.320302681965072,-0.320302681965072,-1.53923578749703,0.653521501782741,1.58594267244626,1.27059041620313,4,FALSE,"mulligan_PMC13092435","defensible",4,"complete_case","none",NA,NA
"change","none","lm","hc3",-0.161904761904762,0.525802453802057,0.760506611521707,27,1.39259822131025,0,29,1.38262077651112,-0.117099905234543,-0.116260928261441,-1.24076228225604,0.916952758446514,1.56059787134639,0.394967304704693,5,FALSE,"mulligan_PMC13092435","defensible",5,"complete_case","none",NA,NA
"ancova","none","lm","hc3",-0.303641872963238,0.434781517714251,0.491140595925633,26,1.09480940604985,0,29,1.38262077651112,-0.219613272215859,-0.277346788660503,-1.19734808200271,0.590064336076232,1.29277127065114,1.0257920194117,6,FALSE,"mulligan_PMC13092435","defensible",6,"complete_case","none",NA,NA
"endpoint","none","lm","permutation",-0.442857142857142,0.517677075667711,0.4042,27,1.38262077651112,0,29,1.38262077651112,-0.320302681965072,-0.320302681965072,-1.50504276439443,0.619328478680142,1.53648149887865,1.30685877316971,7,FALSE,"mulligan_PMC13092435","defensible",7,"complete_case","none",NA,NA
"change","none","lm","permutation",-0.161904761904762,0.50966042719052,0.7576,27,1.39259822131025,0,29,1.38262077651112,-0.117099905234543,-0.116260928261441,-1.20764157945665,0.883832055647127,1.51268783938092,0.400491764081064,8,FALSE,"mulligan_PMC13092435","defensible",8,"complete_case","none",NA,NA
"ancova","none","lm","permutation",-0.303641872963238,0.41269006582596,0.4972,26,1.09480940604985,0,29,1.38262077651112,-0.219613272215859,-0.277346788660503,-1.15193845230396,0.544654706377487,1.22708495887253,1.00810179849696,9,FALSE,"mulligan_PMC13092435","defensible",9,"complete_case","none",NA,NA
"endpoint","none","lm","model",-0.231663712768911,0.209209712624856,0.277920170811738,27,0.562979383767833,0,29,0.562979383767833,-0.411495908106729,-0.411495908106729,-0.66092658547666,0.197599159938838,1.52496835615839,1.84725754903539,10,FALSE,"mulligan_PMC13092435","defensible",10,"complete_case","log",NA,NA
"change","none","lm","model",-0.185458661996311,0.161528308578304,0.260978016641966,27,0.434669626393196,0,29,0.562979383767833,-0.329423540796642,-0.426665795664656,-0.516887374812719,0.145970050820096,1.17740976800346,1.93799980769887,11,FALSE,"mulligan_PMC13092435","defensible",11,"complete_case","log",NA,NA
"ancova","none","lm","model",-0.185287286286964,0.164975005452073,0.271649241010346,26,0.442947742806562,0,29,0.562979383767833,-0.329119132297347,-0.418305069381244,-0.524398266633969,0.15382369406004,1.20470123817838,1.88018307877133,12,FALSE,"mulligan_PMC13092435","defensible",12,"complete_case","log",NA,NA
"endpoint","none","lm","hc3",-0.231663712768911,0.218280624130631,0.29795000614164,27,0.562979383767833,0,29,0.562979383767833,-0.411495908106729,-0.411495908106729,-0.679538558516502,0.216211132978681,1.59108791071572,1.74685781769756,13,FALSE,"mulligan_PMC13092435","defensible",13,"complete_case","log",NA,NA
"change","none","lm","hc3",-0.185458661996311,0.167160576488382,0.277014316677659,27,0.434669626393196,0,29,0.562979383767833,-0.329423540796642,-0.426665795664656,-0.528443833987609,0.157526509994987,1.21846441230516,1.85196755519732,14,FALSE,"mulligan_PMC13092435","defensible",14,"complete_case","log",NA,NA
"ancova","none","lm","hc3",-0.185287286286964,0.177274711970752,0.305551776980768,26,0.442947742806562,0,29,0.562979383767833,-0.329119132297347,-0.418305069381244,-0.549680675469781,0.179106102895852,1.29451770238567,1.71051122363531,15,FALSE,"mulligan_PMC13092435","defensible",15,"complete_case","log",NA,NA
"endpoint","none","lm","permutation",-0.231663712768911,0.20987282429741,0.2698,27,0.562979383767833,0,29,0.562979383767833,-0.411495908106729,-0.411495908106729,-0.662287178242241,0.198959752704419,1.52980189999609,1.89003774660118,16,FALSE,"mulligan_PMC13092435","defensible",16,"complete_case","log",NA,NA
"change","none","lm","permutation",-0.185458661996311,0.161477530749502,0.2592,27,0.434669626393196,0,29,0.562979383767833,-0.329423540796642,-0.426665795664656,-0.516783187314022,0.1458658633214,1.17703963900158,1.94786237666482,17,FALSE,"mulligan_PMC13092435","defensible",17,"complete_case","log",NA,NA
"ancova","none","lm","permutation",-0.185287286286964,0.17225712132825,0.292,26,0.442947742806562,0,29,0.562979383767833,-0.329119132297347,-0.418305069381244,-0.53936687019306,0.168792297619131,1.25787762079797,1.77595972578207,18,FALSE,"mulligan_PMC13092435","defensible",18,"complete_case","log",NA,NA
"ancova","none","lm","model",-0.303641872963238,0.408237584260213,0.463674421802157,26,1.09480940604985,0,29,1.38262077651112,-0.219613272215859,-0.277346788660503,-1.14278624537056,0.53550249944408,1.21384603307467,1.10881595100215,1,FALSE,"mulligan_PMC13092435","strict",1,NA,NA,NA,NA
"ancova","none","lm","hc3",-0.303641872963238,0.434781517714251,0.491140595925633,26,1.09480940604985,0,29,1.38262077651112,-0.219613272215859,-0.277346788660503,-1.19734808200271,0.590064336076232,1.29277127065114,1.0257920194117,2,FALSE,"mulligan_PMC13092435","strict",2,NA,NA,NA,NA
"ancova","none","lm","permutation",-0.303641872963238,0.416444832027428,0.4922,26,1.09480940604985,0,29,1.38262077651112,-0.219613272215859,-0.277346788660503,-1.1596564847663,0.552372738839826,1.23824931079528,1.02268343709129,3,FALSE,"mulligan_PMC13092435","strict",3,NA,NA,NA,NA
"endpoint","none","lm","model",-0.442857142857142,0.513798024693445,0.396317769779613,27,1.38262077651112,0,29,1.38262077651112,-0.320302681965072,-0.320302681965072,-1.49708360923044,0.61136932351616,1.52496835615839,1.33527043972331,1,FALSE,"mulligan_PMC13092435","outlier_arm",1,NA,NA,"none","pooled"
"change","none","lm","model",-0.161904761904762,0.517505759682223,0.756793910705457,27,1.39259822131025,0,29,1.38262077651112,-0.117099905234543,-0.116260928261441,-1.22373887207506,0.899929348265536,1.53597302775922,0.402027614336882,2,FALSE,"mulligan_PMC13092435","outlier_arm",2,NA,NA,"none","pooled"
"ancova","none","lm","model",-0.303641872963238,0.408237584260213,0.463674421802157,26,1.09480940604985,0,29,1.38262077651112,-0.219613272215859,-0.277346788660503,-1.14278624537056,0.53550249944408,1.21384603307467,1.10881595100215,3,FALSE,"mulligan_PMC13092435","outlier_arm",3,NA,NA,"none","pooled"
"endpoint","none","lm","hc3",-0.442857142857142,0.534341718691568,0.414490110052281,27,1.38262077651112,0,29,1.38262077651112,-0.320302681965072,-0.320302681965072,-1.53923578749703,0.653521501782741,1.58594267244626,1.27059041620313,4,FALSE,"mulligan_PMC13092435","outlier_arm",4,NA,NA,"none","pooled"
"change","none","lm","hc3",-0.161904761904762,0.525802453802057,0.760506611521707,27,1.39259822131025,0,29,1.38262077651112,-0.117099905234543,-0.116260928261441,-1.24076228225604,0.916952758446514,1.56059787134639,0.394967304704693,5,FALSE,"mulligan_PMC13092435","outlier_arm",5,NA,NA,"none","pooled"
"ancova","none","lm","hc3",-0.303641872963238,0.434781517714251,0.491140595925633,26,1.09480940604985,0,29,1.38262077651112,-0.219613272215859,-0.277346788660503,-1.19734808200271,0.590064336076232,1.29277127065114,1.0257920194117,6,FALSE,"mulligan_PMC13092435","outlier_arm",6,NA,NA,"none","pooled"
"endpoint","none","lm","permutation",-0.442857142857142,0.517677075667711,0.4042,27,1.38262077651112,0,29,1.38262077651112,-0.320302681965072,-0.320302681965072,-1.50504276439443,0.619328478680142,1.53648149887865,1.30685877316971,7,FALSE,"mulligan_PMC13092435","outlier_arm",7,NA,NA,"none","pooled"
"change","none","lm","permutation",-0.161904761904762,0.50966042719052,0.7576,27,1.39259822131025,0,29,1.38262077651112,-0.117099905234543,-0.116260928261441,-1.20764157945665,0.883832055647127,1.51268783938092,0.400491764081064,8,FALSE,"mulligan_PMC13092435","outlier_arm",8,NA,NA,"none","pooled"
"ancova","none","lm","permutation",-0.303641872963238,0.41269006582596,0.4972,26,1.09480940604985,0,29,1.38262077651112,-0.219613272215859,-0.277346788660503,-1.15193845230396,0.544654706377487,1.22708495887253,1.00810179849696,9,FALSE,"mulligan_PMC13092435","outlier_arm",9,NA,NA,"none","pooled"
"endpoint","none","lm","model",-1.2,0.483136681107509,0.0175259456575388,38,1.52781233347417,0,40,1.52781233347417,-0.785436780230237,-0.785436780230238,-2.17805907760584,-0.221940922394159,1.28033928798281,5.83436389911178,1,FALSE,"lytras_fms_PMC12942207","principled",1,NA,NA,NA,NA
"change","none","lm","model",-1.55,0.520500771019197,0.00503163158979553,38,1.64596796029443,0,40,1.52781233347417,-1.01452250779739,-0.941695122499675,-2.60369872316294,-0.496301276837055,1.37935622075636,7.63475799102846,2,FALSE,"lytras_fms_PMC12942207","principled",2,NA,NA,NA,NA
"ancova","none","lm","model",-1.35009985022466,0.438487116585112,0.0039018908436352,37,1.37821470980414,0,40,1.52781233347417,-0.883681732791487,-0.97960052277814,-2.23855914098478,-0.46164055946454,1.16304767450045,8.00161086590247,3,FALSE,"lytras_fms_PMC12942207","principled",3,NA,NA,NA,NA
"endpoint","none","lm","hc3",-1.2,0.495687775914572,0.020368697770724,38,1.52781233347417,0,40,1.52781233347417,-0.785436780230237,-0.785436780230238,-2.20346744068396,-0.196532559316034,1.31360039279448,5.61750244215493,4,FALSE,"lytras_fms_PMC12942207","principled",4,NA,NA,NA,NA
"change","none","lm","hc3",-1.55,0.534022523309328,0.00613103042248939,38,1.64596796029443,0,40,1.52781233347417,-1.01452250779739,-0.941695122499675,-2.63107207958494,-0.468927920415052,1.41518962231001,7.34965472127039,5,FALSE,"lytras_fms_PMC12942207","principled",5,NA,NA,NA,NA
"ancova","none","lm","hc3",-1.35009985022466,0.466355369446273,0.00632648948660513,37,1.37821470980414,0,40,1.52781233347417,-0.883681732791487,-0.97960052277814,-2.29502558488985,-0.405174115559467,1.23696571098687,7.30437910177893,6,FALSE,"lytras_fms_PMC12942207","principled",6,NA,NA,NA,NA
"endpoint","none","lm","permutation",-1.2,0.508993378178416,0.0246,38,1.52781233347417,0,40,1.52781233347417,-0.785436780230237,-0.785436780230238,-2.23040322425422,-0.169596775745775,1.34886098466182,5.34519787421021,7,FALSE,"lytras_fms_PMC12942207","principled",7,NA,NA,NA,NA
"change","none","lm","permutation",-1.55,0.573188469466472,0.0048,38,1.64596796029443,0,40,1.52781233347417,-1.01452250779739,-0.941695122499675,-2.71035939240956,-0.389640607590439,1.51898157514013,7.70274987882829,8,FALSE,"lytras_fms_PMC12942207","principled",8,NA,NA,NA,NA
"ancova","none","lm","permutation",-1.35009985022466,0.490602442447327,0.0034,37,1.37821470980414,0,40,1.52781233347417,-0.883681732791487,-0.97960052277814,-2.34415482145511,-0.356044878994214,1.30127889329184,8.20024953829911,9,FALSE,"lytras_fms_PMC12942207","principled",9,NA,NA,NA,NA
"endpoint","none","lm","model",-1.2,0.483136681107509,0.0175259456575388,38,1.52781233347417,0,40,1.52781233347417,-0.785436780230237,-0.785436780230238,-2.17805907760584,-0.221940922394159,1.28033928798281,5.83436389911178,1,FALSE,"lytras_fms_PMC12942207","defensible",1,"complete_case","none",NA,NA
"change","none","lm","model",-1.55,0.520500771019197,0.00503163158979553,38,1.64596796029443,0,40,1.52781233347417,-1.01452250779739,-0.941695122499675,-2.60369872316294,-0.496301276837055,1.37935622075636,7.63475799102846,2,FALSE,"lytras_fms_PMC12942207","defensible",2,"complete_case","none",NA,NA
"ancova","none","lm","model",-1.35009985022466,0.438487116585112,0.0039018908436352,37,1.37821470980414,0,40,1.52781233347417,-0.883681732791487,-0.97960052277814,-2.23855914098478,-0.46164055946454,1.16304767450045,8.00161086590247,3,FALSE,"lytras_fms_PMC12942207","defensible",3,"complete_case","none",NA,NA
"endpoint","none","lm","hc3",-1.2,0.495687775914572,0.020368697770724,38,1.52781233347417,0,40,1.52781233347417,-0.785436780230237,-0.785436780230238,-2.20346744068396,-0.196532559316034,1.31360039279448,5.61750244215493,4,FALSE,"lytras_fms_PMC12942207","defensible",4,"complete_case","none",NA,NA
"change","none","lm","hc3",-1.55,0.534022523309328,0.00613103042248939,38,1.64596796029443,0,40,1.52781233347417,-1.01452250779739,-0.941695122499675,-2.63107207958494,-0.468927920415052,1.41518962231001,7.34965472127039,5,FALSE,"lytras_fms_PMC12942207","defensible",5,"complete_case","none",NA,NA
"ancova","none","lm","hc3",-1.35009985022466,0.466355369446273,0.00632648948660513,37,1.37821470980414,0,40,1.52781233347417,-0.883681732791487,-0.97960052277814,-2.29502558488985,-0.405174115559467,1.23696571098687,7.30437910177893,6,FALSE,"lytras_fms_PMC12942207","defensible",6,"complete_case","none",NA,NA
"endpoint","none","lm","permutation",-1.2,0.508993378178416,0.0246,38,1.52781233347417,0,40,1.52781233347417,-0.785436780230237,-0.785436780230238,-2.23040322425422,-0.169596775745775,1.34886098466182,5.34519787421021,7,FALSE,"lytras_fms_PMC12942207","defensible",7,"complete_case","none",NA,NA
"change","none","lm","permutation",-1.55,0.573188469466472,0.0048,38,1.64596796029443,0,40,1.52781233347417,-1.01452250779739,-0.941695122499675,-2.71035939240956,-0.389640607590439,1.51898157514013,7.70274987882829,8,FALSE,"lytras_fms_PMC12942207","defensible",8,"complete_case","none",NA,NA
"ancova","none","lm","permutation",-1.35009985022466,0.490602442447327,0.0034,37,1.37821470980414,0,40,1.52781233347417,-0.883681732791487,-0.97960052277814,-2.34415482145511,-0.356044878994214,1.30127889329184,8.20024953829911,9,FALSE,"lytras_fms_PMC12942207","defensible",9,"complete_case","none",NA,NA
"ancova","none","lm","model",-1.35009985022466,0.438487116585112,0.0039018908436352,37,1.37821470980414,0,40,1.52781233347417,-0.883681732791487,-0.97960052277814,-2.23855914098478,-0.46164055946454,1.16304767450045,8.00161086590247,1,FALSE,"lytras_fms_PMC12942207","strict",1,NA,NA,NA,NA
"ancova","none","lm","hc3",-1.35009985022466,0.466355369446273,0.00632648948660513,37,1.37821470980414,0,40,1.52781233347417,-0.883681732791487,-0.97960052277814,-2.29502558488985,-0.405174115559467,1.23696571098687,7.30437910177893,2,FALSE,"lytras_fms_PMC12942207","strict",2,NA,NA,NA,NA
"ancova","none","lm","permutation",-1.35009985022466,0.483806989676258,0.0048,37,1.37821470980414,0,40,1.52781233347417,-0.883681732791487,-0.97960052277814,-2.3303859262675,-0.369813774181826,1.2832545654527,7.70274987882829,3,FALSE,"lytras_fms_PMC12942207","strict",3,NA,NA,NA,NA
"endpoint","none","lm","model",-1.2,0.483136681107509,0.0175259456575388,38,1.52781233347417,0,40,1.52781233347417,-0.785436780230237,-0.785436780230238,-2.17805907760584,-0.221940922394159,1.28033928798281,5.83436389911178,1,FALSE,"lytras_fms_PMC12942207","outlier_arm",1,NA,NA,"none","pooled"
"change","none","lm","model",-1.55,0.520500771019197,0.00503163158979553,38,1.64596796029443,0,40,1.52781233347417,-1.01452250779739,-0.941695122499675,-2.60369872316294,-0.496301276837055,1.37935622075636,7.63475799102846,2,FALSE,"lytras_fms_PMC12942207","outlier_arm",2,NA,NA,"none","pooled"
"ancova","none","lm","model",-1.35009985022466,0.438487116585112,0.0039018908436352,37,1.37821470980414,0,40,1.52781233347417,-0.883681732791487,-0.97960052277814,-2.23855914098478,-0.46164055946454,1.16304767450045,8.00161086590247,3,FALSE,"lytras_fms_PMC12942207","outlier_arm",3,NA,NA,"none","pooled"
"endpoint","none","lm","hc3",-1.2,0.495687775914572,0.020368697770724,38,1.52781233347417,0,40,1.52781233347417,-0.785436780230237,-0.785436780230238,-2.20346744068396,-0.196532559316034,1.31360039279448,5.61750244215493,4,FALSE,"lytras_fms_PMC12942207","outlier_arm",4,NA,NA,"none","pooled"
"change","none","lm","hc3",-1.55,0.534022523309328,0.00613103042248939,38,1.64596796029443,0,40,1.52781233347417,-1.01452250779739,-0.941695122499675,-2.63107207958494,-0.468927920415052,1.41518962231001,7.34965472127039,5,FALSE,"lytras_fms_PMC12942207","outlier_arm",5,NA,NA,"none","pooled"
"ancova","none","lm","hc3",-1.35009985022466,0.466355369446273,0.00632648948660513,37,1.37821470980414,0,40,1.52781233347417,-0.883681732791487,-0.97960052277814,-2.29502558488985,-0.405174115559467,1.23696571098687,7.30437910177893,6,FALSE,"lytras_fms_PMC12942207","outlier_arm",6,NA,NA,"none","pooled"
"endpoint","none","lm","permutation",-1.2,0.508993378178416,0.0246,38,1.52781233347417,0,40,1.52781233347417,-0.785436780230237,-0.785436780230238,-2.23040322425422,-0.169596775745775,1.34886098466182,5.34519787421021,7,FALSE,"lytras_fms_PMC12942207","outlier_arm",7,NA,NA,"none","pooled"
"change","none","lm","permutation",-1.55,0.573188469466472,0.0048,38,1.64596796029443,0,40,1.52781233347417,-1.01452250779739,-0.941695122499675,-2.71035939240956,-0.389640607590439,1.51898157514013,7.70274987882829,8,FALSE,"lytras_fms_PMC12942207","outlier_arm",8,NA,NA,"none","pooled"
"ancova","none","lm","permutation",-1.35009985022466,0.490602442447327,0.0034,37,1.37821470980414,0,40,1.52781233347417,-0.883681732791487,-0.97960052277814,-2.34415482145511,-0.356044878994214,1.30127889329184,8.20024953829911,9,FALSE,"lytras_fms_PMC12942207","outlier_arm",9,NA,NA,"none","pooled"
"endpoint","none","lm","model",4.93034055727554,10.6295084071061,0.645721816380539,34,31.8392765043282,0,36,31.8392765043282,0.154850897965766,0.154850897965766,-16.6714195398123,26.5321006543633,1.35692531167605,0.631015324032067,1,FALSE,"clusterset_PMC13140343","principled",1,NA,NA,NA,NA
"change","none","lm","model",1.72600619195047,1.82947451805174,0.352110181865849,34,5.47994721928357,0,36,31.8392765043282,0.0542099689895853,0.314967667184232,-1.99193335229687,5.4439457361978,0.23354422288722,1.5059011490979,2,FALSE,"clusterset_PMC13140343","principled",2,NA,NA,NA,NA
"ancova","none","lm","model",1.68261123265956,1.85416505453259,0.370734301504165,33,5.54606500415978,0,36,31.8392765043282,0.0528470310068392,0.303388299884248,-2.08971593478298,5.4549384001021,0.236960608506901,1.43154249086988,3,FALSE,"clusterset_PMC13140343","principled",3,NA,NA,NA,NA
"endpoint","published","lm","model",5.43524416135882,5.39337985752162,0.320901256160203,33,16.1544363957762,0,36,31.8392765043282,0.170708783556057,0.33645520203849,-5.53766966372405,16.4081579864417,0.689269043132385,1.63979865786176,4,FALSE,"clusterset_PMC13140343","principled",4,NA,NA,NA,NA
"change","published","lm","model",1.74893842887474,1.80791297158448,0.34039095820014,33,5.41512296187143,0,36,31.8392765043282,0.0549302189274617,0.322972985320783,-1.92928816827098,5.42716502602045,0.231049634349932,1.55473537964101,5,FALSE,"clusterset_PMC13140343","principled",5,NA,NA,NA,NA
"ancova","published","lm","model",2.0273235640226,1.79862045317292,0.268058388512045,32,5.35118542864094,0,36,31.8392765043282,0.0636736693356399,0.37885503895489,-1.63634640927463,5.69099353731983,0.230135252778071,1.89938081195853,6,FALSE,"clusterset_PMC13140343","principled",6,NA,NA,NA,NA
"endpoint","none","lm","hc3",4.93034055727554,10.9439128325976,0.655202667306347,34,31.8392765043282,0,36,31.8392765043282,0.154850897965766,0.154850897965766,-17.3103662072227,27.1710473217738,1.39706106459265,0.609986864737185,7,FALSE,"clusterset_PMC13140343","principled",7,NA,NA,NA,NA
"change","none","lm","hc3",1.72600619195047,1.84446446766955,0.355987764115424,34,5.47994721928357,0,36,31.8392765043282,0.0542099689895853,0.314967667184232,-2.02239659510261,5.47440897900354,0.235457786645593,1.49010044064336,8,FALSE,"clusterset_PMC13140343","principled",8,NA,NA,NA,NA
"ancova","none","lm","hc3",1.68261123265956,1.97316679437515,0.399946885861709,33,5.54606500415978,0,36,31.8392765043282,0.0528470310068392,0.303388299884248,-2.33182679491576,5.69704926023488,0.252168922684509,1.32211967636703,9,FALSE,"clusterset_PMC13140343","principled",9,NA,NA,NA,NA
"endpoint","published","lm","hc3",5.43524416135882,5.63757164031872,0.342002649634191,33,16.1544363957762,0,36,31.8392765043282,0.170708783556057,0.33645520203849,-6.03448158133617,16.9049699040538,0.720476531000056,1.54792059258525,10,FALSE,"clusterset_PMC13140343","principled",10,NA,NA,NA,NA
"change","published","lm","hc3",1.74893842887474,1.84426257603516,0.349863414079302,33,5.41512296187143,0,36,31.8392765043282,0.0549302189274617,0.322972985320783,-2.00324199458213,5.5011188523316,0.235695080756423,1.51513628794332,11,FALSE,"clusterset_PMC13140343","principled",11,NA,NA,NA,NA
"ancova","published","lm","hc3",2.0273235640226,1.98519705113945,0.314808936678607,32,5.35118542864094,0,36,31.8392765043282,0.0636736693356399,0.37885503895489,-2.01639050278201,6.07103763082722,0.254007911659357,1.66745159877224,12,FALSE,"clusterset_PMC13140343","principled",12,NA,NA,NA,NA
"endpoint","none","lm","permutation",4.93034055727554,10.519383571715,0.6386,34,31.8392765043282,0,36,31.8392765043282,0.154850897965766,0.154850897965766,-16.4476189477492,26.3083000623003,1.34286716610025,0.647015541979356,13,FALSE,"clusterset_PMC13140343","principled",13,NA,NA,NA,NA
"change","none","lm","permutation",1.72600619195047,1.83331144681844,0.3446,34,5.47994721928357,0,36,31.8392765043282,0.0542099689895853,0.314967667184232,-1.99973092971562,5.45174331361655,0.234034031593627,1.5370053933245,14,FALSE,"clusterset_PMC13140343","principled",14,NA,NA,NA,NA
"ancova","none","lm","permutation",1.68261123265956,1.88122471793543,0.3924,33,5.54606500415978,0,36,31.8392765043282,0.0528470310068392,0.303388299884248,-2.14476923391989,5.50999169923901,0.240418808892165,1.34960305333021,15,FALSE,"clusterset_PMC13140343","principled",15,NA,NA,NA,NA
"endpoint","published","lm","permutation",5.43524416135882,5.48153727885101,0.3284,33,16.1544363957762,0,36,31.8392765043282,0.170708783556057,0.33645520203849,-5.71702728600239,16.58751560872,0.700535481441934,1.60647396777164,16,FALSE,"clusterset_PMC13140343","principled",16,NA,NA,NA,NA
"change","published","lm","permutation",1.74893842887474,1.82016385494943,0.3492,33,5.41512296187143,0,36,31.8392765043282,0.0549302189274617,0.322972985320783,-1.95421277788423,5.45208963563371,0.232615286107746,1.51787453592001,17,FALSE,"clusterset_PMC13140343","principled",17,NA,NA,NA,NA
"ancova","published","lm","permutation",2.0273235640226,1.85786528487001,0.2822,32,5.35118542864094,0,36,31.8392765043282,0.0636736693356399,0.37885503895489,-1.75702418238612,5.81167131043133,0.237715687157293,1.82521010695219,18,FALSE,"clusterset_PMC13140343","principled",18,NA,NA,NA,NA
"endpoint","none","lm","model",4.93034055727554,10.6295084071061,0.645721816380539,34,31.8392765043282,0,36,31.8392765043282,0.154850897965766,0.154850897965766,-16.6714195398123,26.5321006543633,1.35692531167605,0.631015324032067,1,FALSE,"clusterset_PMC13140343","defensible",1,"complete_case","none",NA,NA
"change","none","lm","model",1.72600619195047,1.82947451805174,0.352110181865849,34,5.47994721928357,0,36,31.8392765043282,0.0542099689895853,0.314967667184232,-1.99193335229687,5.4439457361978,0.23354422288722,1.5059011490979,2,FALSE,"clusterset_PMC13140343","defensible",2,"complete_case","none",NA,NA
"ancova","none","lm","model",1.68261123265956,1.85416505453259,0.370734301504165,33,5.54606500415978,0,36,31.8392765043282,0.0528470310068392,0.303388299884248,-2.08971593478298,5.4549384001021,0.236960608506901,1.43154249086988,3,FALSE,"clusterset_PMC13140343","defensible",3,"complete_case","none",NA,NA
"endpoint","published","lm","model",5.43524416135882,5.39337985752162,0.320901256160203,33,16.1544363957762,0,36,31.8392765043282,0.170708783556057,0.33645520203849,-5.53766966372405,16.4081579864417,0.689269043132385,1.63979865786176,4,FALSE,"clusterset_PMC13140343","defensible",4,"complete_case","none",NA,NA
"change","published","lm","model",1.74893842887474,1.80791297158448,0.34039095820014,33,5.41512296187143,0,36,31.8392765043282,0.0549302189274617,0.322972985320783,-1.92928816827098,5.42716502602045,0.231049634349932,1.55473537964101,5,FALSE,"clusterset_PMC13140343","defensible",5,"complete_case","none",NA,NA
"ancova","published","lm","model",2.0273235640226,1.79862045317292,0.268058388512045,32,5.35118542864094,0,36,31.8392765043282,0.0636736693356399,0.37885503895489,-1.63634640927463,5.69099353731983,0.230135252778071,1.89938081195853,6,FALSE,"clusterset_PMC13140343","defensible",6,"complete_case","none",NA,NA
"endpoint","none","lm","hc3",4.93034055727554,10.9439128325976,0.655202667306347,34,31.8392765043282,0,36,31.8392765043282,0.154850897965766,0.154850897965766,-17.3103662072227,27.1710473217738,1.39706106459265,0.609986864737185,7,FALSE,"clusterset_PMC13140343","defensible",7,"complete_case","none",NA,NA
"change","none","lm","hc3",1.72600619195047,1.84446446766955,0.355987764115424,34,5.47994721928357,0,36,31.8392765043282,0.0542099689895853,0.314967667184232,-2.02239659510261,5.47440897900354,0.235457786645593,1.49010044064336,8,FALSE,"clusterset_PMC13140343","defensible",8,"complete_case","none",NA,NA
"ancova","none","lm","hc3",1.68261123265956,1.97316679437515,0.399946885861709,33,5.54606500415978,0,36,31.8392765043282,0.0528470310068392,0.303388299884248,-2.33182679491576,5.69704926023488,0.252168922684509,1.32211967636703,9,FALSE,"clusterset_PMC13140343","defensible",9,"complete_case","none",NA,NA
"endpoint","published","lm","hc3",5.43524416135882,5.63757164031872,0.342002649634191,33,16.1544363957762,0,36,31.8392765043282,0.170708783556057,0.33645520203849,-6.03448158133617,16.9049699040538,0.720476531000056,1.54792059258525,10,FALSE,"clusterset_PMC13140343","defensible",10,"complete_case","none",NA,NA
"change","published","lm","hc3",1.74893842887474,1.84426257603516,0.349863414079302,33,5.41512296187143,0,36,31.8392765043282,0.0549302189274617,0.322972985320783,-2.00324199458213,5.5011188523316,0.235695080756423,1.51513628794332,11,FALSE,"clusterset_PMC13140343","defensible",11,"complete_case","none",NA,NA
"ancova","published","lm","hc3",2.0273235640226,1.98519705113945,0.314808936678607,32,5.35118542864094,0,36,31.8392765043282,0.0636736693356399,0.37885503895489,-2.01639050278201,6.07103763082722,0.254007911659357,1.66745159877224,12,FALSE,"clusterset_PMC13140343","defensible",12,"complete_case","none",NA,NA
"endpoint","none","lm","permutation",4.93034055727554,10.519383571715,0.6386,34,31.8392765043282,0,36,31.8392765043282,0.154850897965766,0.154850897965766,-16.4476189477492,26.3083000623003,1.34286716610025,0.647015541979356,13,FALSE,"clusterset_PMC13140343","defensible",13,"complete_case","none",NA,NA
"change","none","lm","permutation",1.72600619195047,1.83331144681844,0.3446,34,5.47994721928357,0,36,31.8392765043282,0.0542099689895853,0.314967667184232,-1.99973092971562,5.45174331361655,0.234034031593627,1.5370053933245,14,FALSE,"clusterset_PMC13140343","defensible",14,"complete_case","none",NA,NA
"ancova","none","lm","permutation",1.68261123265956,1.88122471793543,0.3924,33,5.54606500415978,0,36,31.8392765043282,0.0528470310068392,0.303388299884248,-2.14476923391989,5.50999169923901,0.240418808892165,1.34960305333021,15,FALSE,"clusterset_PMC13140343","defensible",15,"complete_case","none",NA,NA
"endpoint","published","lm","permutation",5.43524416135882,5.48153727885101,0.3284,33,16.1544363957762,0,36,31.8392765043282,0.170708783556057,0.33645520203849,-5.71702728600239,16.58751560872,0.700535481441934,1.60647396777164,16,FALSE,"clusterset_PMC13140343","defensible",16,"complete_case","none",NA,NA
"change","published","lm","permutation",1.74893842887474,1.82016385494943,0.3492,33,5.41512296187143,0,36,31.8392765043282,0.0549302189274617,0.322972985320783,-1.95421277788423,5.45208963563371,0.232615286107746,1.51787453592001,17,FALSE,"clusterset_PMC13140343","defensible",17,"complete_case","none",NA,NA
"ancova","published","lm","permutation",2.0273235640226,1.85786528487001,0.2822,32,5.35118542864094,0,36,31.8392765043282,0.0636736693356399,0.37885503895489,-1.75702418238612,5.81167131043133,0.237715687157293,1.82521010695219,18,FALSE,"clusterset_PMC13140343","defensible",18,"complete_case","none",NA,NA
"endpoint","none","lm","model",0.0454773310164599,0.0933970357775612,0.629436109932711,34,0.279758379495559,0,36,0.279758379495559,0.162559316716309,0.162559316716309,-0.144328282129039,0.235282944161959,1.35692531167605,0.667868148334771,19,FALSE,"clusterset_PMC13140343","defensible",19,"complete_case","log",NA,NA
"change","none","lm","model",0.0159073240250537,0.0205660043578608,0.444585135485943,34,0.0616027265100422,0,36,0.279758379495559,0.0568609385489602,0.258224350223533,-0.0258878254098131,0.0577024734599205,0.298794620631053,1.16946838160841,20,FALSE,"clusterset_PMC13140343","defensible",20,"complete_case","log",NA,NA
"ancova","none","lm","model",0.0181972919077619,0.0193926316053678,0.35487650920797,33,0.0580121407798962,0,36,0.279758379495559,0.0650464588069677,0.313680751358655,-0.0212573137511583,0.0576518975666822,0.28206201172642,1.49461101547528,21,FALSE,"clusterset_PMC13140343","defensible",21,"complete_case","log",NA,NA
"endpoint","published","lm","model",0.0500859212193651,0.0413779270678164,0.234704935844939,33,0.123936586827628,0,36,0.279758379495559,0.179032782895285,0.40412538784068,-0.0340981043768504,0.134269946815581,0.601833809217871,2.09107991282969,22,FALSE,"clusterset_PMC13140343","defensible",22,"complete_case","log",NA,NA
"change","published","lm","model",0.0157435525914135,0.0206549708121762,0.451344848405922,33,0.0618664772473941,0,36,0.279758379495559,0.0562755354095243,0.254476305939605,-0.0262793014943287,0.0577664066771556,0.300422487158489,1.14769795414311,23,FALSE,"clusterset_PMC13140343","defensible",23,"complete_case","log",NA,NA
"ancova","published","lm","model",0.0233895277045257,0.0180681767590389,0.204751360408886,32,0.0537058754052011,0,36,0.279758379495559,0.0836061738229258,0.435511525099554,-0.0134141439914915,0.060193199400543,0.263110415226018,2.28805505743557,24,FALSE,"clusterset_PMC13140343","defensible",24,"complete_case","log",NA,NA
"endpoint","none","lm","hc3",0.0454773310164599,0.0962850856761439,0.639716361993738,34,0.279758379495559,0,36,0.279758379495559,0.162559316716309,0.162559316716309,-0.15019750567807,0.241152167710989,1.39888454492306,0.644495711412325,25,FALSE,"clusterset_PMC13140343","defensible",25,"complete_case","log",NA,NA
"change","none","lm","hc3",0.0159073240250537,0.0204770217706564,0.442625880087661,34,0.0616027265100422,0,36,0.279758379495559,0.0568609385489602,0.258224350223533,-0.0257069910355422,0.0575216390856495,0.297501830941629,1.17584028771011,26,FALSE,"clusterset_PMC13140343","defensible",26,"complete_case","log",NA,NA
"ancova","none","lm","hc3",0.0181972919077619,0.02131184849243,0.399339602812725,33,0.0580121407798962,0,36,0.279758379495559,0.0650464588069677,0.313680751358655,-0.0251619898670096,0.0615565736825335,0.309976643794935,1.32431194265499,27,FALSE,"clusterset_PMC13140343","defensible",27,"complete_case","log",NA,NA
"endpoint","published","lm","hc3",0.0500859212193651,0.0433532834778619,0.256265662810111,33,0.123936586827628,0,36,0.279758379495559,0.179032782895285,0.40412538784068,-0.0381169972110026,0.138288839649733,0.630564979604251,1.9642879108823,28,FALSE,"clusterset_PMC13140343","defensible",28,"complete_case","log",NA,NA
"change","published","lm","hc3",0.0157435525914135,0.0208766486180983,0.456123370500932,33,0.0618664772473941,0,36,0.279758379495559,0.0562755354095243,0.254476305939605,-0.0267303083815822,0.0582174135644091,0.303646747236537,1.13250400309114,29,FALSE,"clusterset_PMC13140343","defensible",29,"complete_case","log",NA,NA
"ancova","published","lm","hc3",0.0233895277045257,0.0214644989664891,0.283990415016747,32,0.0537058754052011,0,36,0.279758379495559,0.0836061738229258,0.435511525099554,-0.0203322259409808,0.0671112813500323,0.312567964715428,1.81608585685164,30,FALSE,"clusterset_PMC13140343","defensible",30,"complete_case","log",NA,NA
"endpoint","none","lm","permutation",0.0454773310164599,0.0935657829898872,0.6266,34,0.279758379495559,0,36,0.279758379495559,0.162559316716309,0.162559316716309,-0.144671217724751,0.235625879757671,1.35937696725349,0.674383325178395,31,FALSE,"clusterset_PMC13140343","defensible",31,"complete_case","log",NA,NA
"change","none","lm","permutation",0.0159073240250537,0.0205575587309067,0.4992,34,0.0616027265100422,0,36,0.279758379495559,0.0568609385489602,0.258224350223533,-0.025870661830808,0.0576853098809154,0.29867191775412,1.0023101606872,32,FALSE,"clusterset_PMC13140343","defensible",32,"complete_case","log",NA,NA
"ancova","none","lm","permutation",0.0181972919077619,0.0194389796661345,0.385,33,0.0580121407798962,0,36,0.279758379495559,0.0650464588069677,0.313680751358655,-0.0213516095897953,0.0577461934053191,0.282736135152549,1.37706964907982,33,FALSE,"clusterset_PMC13140343","defensible",33,"complete_case","log",NA,NA
"endpoint","published","lm","permutation",0.0500859212193651,0.042415972247609,0.2496,33,0.123936586827628,0,36,0.279758379495559,0.179032782895285,0.40412538784068,-0.0362100231745821,0.136381865613312,0.616931972150755,2.0023101606872,34,FALSE,"clusterset_PMC13140343","defensible",34,"complete_case","log",NA,NA
"change","published","lm","permutation",0.0157435525914135,0.0209480750815932,0.511,33,0.0618664772473941,0,36,0.279758379495559,0.0562755354095243,0.254476305939605,-0.0268756266142052,0.0583627317970321,0.304685631096853,0.968604803724466,35,FALSE,"clusterset_PMC13140343","defensible",35,"complete_case","log",NA,NA
"ancova","published","lm","permutation",0.0233895277045257,0.0189749672886363,0.2326,32,0.0537058754052011,0,36,0.279758379495559,0.0836061738229258,0.435511525099554,-0.0152612158567622,0.0620402712658137,0.276315180485248,2.10407699807623,36,FALSE,"clusterset_PMC13140343","defensible",36,"complete_case","log",NA,NA
"ancova","none","lm","model",1.68261123265956,1.85416505453259,0.370734301504165,33,5.54606500415978,0,36,31.8392765043282,0.0528470310068392,0.303388299884248,-2.08971593478298,5.4549384001021,0.236960608506901,1.43154249086988,1,FALSE,"clusterset_PMC13140343","strict",1,NA,NA,NA,NA
"ancova","published","lm","model",2.0273235640226,1.79862045317292,0.268058388512045,32,5.35118542864094,0,36,31.8392765043282,0.0636736693356399,0.37885503895489,-1.63634640927463,5.69099353731983,0.230135252778071,1.89938081195853,2,FALSE,"clusterset_PMC13140343","strict",2,NA,NA,NA,NA
"ancova","none","lm","hc3",1.68261123265956,1.97316679437515,0.399946885861709,33,5.54606500415978,0,36,31.8392765043282,0.0528470310068392,0.303388299884248,-2.33182679491576,5.69704926023488,0.252168922684509,1.32211967636703,3,FALSE,"clusterset_PMC13140343","strict",3,NA,NA,NA,NA
"ancova","published","lm","hc3",2.0273235640226,1.98519705113945,0.314808936678607,32,5.35118542864094,0,36,31.8392765043282,0.0636736693356399,0.37885503895489,-2.01639050278201,6.07103763082722,0.254007911659357,1.66745159877224,4,FALSE,"clusterset_PMC13140343","strict",4,NA,NA,NA,NA
"ancova","none","lm","permutation",1.68261123265956,1.90755597636337,0.391,33,5.54606500415978,0,36,31.8392765043282,0.0528470310068392,0.303388299884248,-2.19834058199262,5.56356304731174,0.243783919783768,1.35475948735473,5,FALSE,"clusterset_PMC13140343","strict",5,NA,NA,NA,NA
"ancova","published","lm","permutation",2.0273235640226,1.86213985296744,0.2814,32,5.35118542864094,0,36,31.8392765043282,0.0636736693356399,0.37885503895489,-1.76573119267266,5.82037832071787,0.238262622341914,1.82930576631292,6,FALSE,"clusterset_PMC13140343","strict",6,NA,NA,NA,NA
"endpoint","none","lm","model",4.93034055727554,10.6295084071061,0.645721816380539,34,31.8392765043282,0,36,31.8392765043282,0.154850897965766,0.154850897965766,-16.6714195398123,26.5321006543633,1.35692531167605,0.631015324032067,1,FALSE,"clusterset_PMC13140343","outlier_arm",1,NA,NA,"none","pooled"
"change","none","lm","model",1.72600619195047,1.82947451805174,0.352110181865849,34,5.47994721928357,0,36,31.8392765043282,0.0542099689895853,0.314967667184232,-1.99193335229687,5.4439457361978,0.23354422288722,1.5059011490979,2,FALSE,"clusterset_PMC13140343","outlier_arm",2,NA,NA,"none","pooled"
"ancova","none","lm","model",1.68261123265956,1.85416505453259,0.370734301504165,33,5.54606500415978,0,36,31.8392765043282,0.0528470310068392,0.303388299884248,-2.08971593478298,5.4549384001021,0.236960608506901,1.43154249086988,3,FALSE,"clusterset_PMC13140343","outlier_arm",3,NA,NA,"none","pooled"
"endpoint","published","lm","model",5.43524416135882,5.39337985752162,0.320901256160203,33,16.1544363957762,0,36,31.8392765043282,0.170708783556057,0.33645520203849,-5.53766966372405,16.4081579864417,0.689269043132385,1.63979865786176,4,FALSE,"clusterset_PMC13140343","outlier_arm",4,NA,NA,"none","pooled"
"change","published","lm","model",1.74893842887474,1.80791297158448,0.34039095820014,33,5.41512296187143,0,36,31.8392765043282,0.0549302189274617,0.322972985320783,-1.92928816827098,5.42716502602045,0.231049634349932,1.55473537964101,5,FALSE,"clusterset_PMC13140343","outlier_arm",5,NA,NA,"none","pooled"
"ancova","published","lm","model",2.0273235640226,1.79862045317292,0.268058388512045,32,5.35118542864094,0,36,31.8392765043282,0.0636736693356399,0.37885503895489,-1.63634640927463,5.69099353731983,0.230135252778071,1.89938081195853,6,FALSE,"clusterset_PMC13140343","outlier_arm",6,NA,NA,"none","pooled"
"endpoint","none","lm","hc3",4.93034055727554,10.9439128325976,0.655202667306347,34,31.8392765043282,0,36,31.8392765043282,0.154850897965766,0.154850897965766,-17.3103662072227,27.1710473217738,1.39706106459265,0.609986864737185,7,FALSE,"clusterset_PMC13140343","outlier_arm",7,NA,NA,"none","pooled"
"change","none","lm","hc3",1.72600619195047,1.84446446766955,0.355987764115424,34,5.47994721928357,0,36,31.8392765043282,0.0542099689895853,0.314967667184232,-2.02239659510261,5.47440897900354,0.235457786645593,1.49010044064336,8,FALSE,"clusterset_PMC13140343","outlier_arm",8,NA,NA,"none","pooled"
"ancova","none","lm","hc3",1.68261123265956,1.97316679437515,0.399946885861709,33,5.54606500415978,0,36,31.8392765043282,0.0528470310068392,0.303388299884248,-2.33182679491576,5.69704926023488,0.252168922684509,1.32211967636703,9,FALSE,"clusterset_PMC13140343","outlier_arm",9,NA,NA,"none","pooled"
"endpoint","published","lm","hc3",5.43524416135882,5.63757164031872,0.342002649634191,33,16.1544363957762,0,36,31.8392765043282,0.170708783556057,0.33645520203849,-6.03448158133617,16.9049699040538,0.720476531000056,1.54792059258525,10,FALSE,"clusterset_PMC13140343","outlier_arm",10,NA,NA,"none","pooled"
"change","published","lm","hc3",1.74893842887474,1.84426257603516,0.349863414079302,33,5.41512296187143,0,36,31.8392765043282,0.0549302189274617,0.322972985320783,-2.00324199458213,5.5011188523316,0.235695080756423,1.51513628794332,11,FALSE,"clusterset_PMC13140343","outlier_arm",11,NA,NA,"none","pooled"
"ancova","published","lm","hc3",2.0273235640226,1.98519705113945,0.314808936678607,32,5.35118542864094,0,36,31.8392765043282,0.0636736693356399,0.37885503895489,-2.01639050278201,6.07103763082722,0.254007911659357,1.66745159877224,12,FALSE,"clusterset_PMC13140343","outlier_arm",12,NA,NA,"none","pooled"
"endpoint","none","lm","permutation",4.93034055727554,10.519383571715,0.6386,34,31.8392765043282,0,36,31.8392765043282,0.154850897965766,0.154850897965766,-16.4476189477492,26.3083000623003,1.34286716610025,0.647015541979356,13,FALSE,"clusterset_PMC13140343","outlier_arm",13,NA,NA,"none","pooled"
"change","none","lm","permutation",1.72600619195047,1.83331144681844,0.3446,34,5.47994721928357,0,36,31.8392765043282,0.0542099689895853,0.314967667184232,-1.99973092971562,5.45174331361655,0.234034031593627,1.5370053933245,14,FALSE,"clusterset_PMC13140343","outlier_arm",14,NA,NA,"none","pooled"
"ancova","none","lm","permutation",1.68261123265956,1.88122471793543,0.3924,33,5.54606500415978,0,36,31.8392765043282,0.0528470310068392,0.303388299884248,-2.14476923391989,5.50999169923901,0.240418808892165,1.34960305333021,15,FALSE,"clusterset_PMC13140343","outlier_arm",15,NA,NA,"none","pooled"
"endpoint","published","lm","permutation",5.43524416135882,5.48153727885101,0.3284,33,16.1544363957762,0,36,31.8392765043282,0.170708783556057,0.33645520203849,-5.71702728600239,16.58751560872,0.700535481441934,1.60647396777164,16,FALSE,"clusterset_PMC13140343","outlier_arm",16,NA,NA,"none","pooled"
"change","published","lm","permutation",1.74893842887474,1.82016385494943,0.3492,33,5.41512296187143,0,36,31.8392765043282,0.0549302189274617,0.322972985320783,-1.95421277788423,5.45208963563371,0.232615286107746,1.51787453592001,17,FALSE,"clusterset_PMC13140343","outlier_arm",17,NA,NA,"none","pooled"
"ancova","published","lm","permutation",2.0273235640226,1.85786528487001,0.2822,32,5.35118542864094,0,36,31.8392765043282,0.0636736693356399,0.37885503895489,-1.75702418238612,5.81167131043133,0.237715687157293,1.82521010695219,18,FALSE,"clusterset_PMC13140343","outlier_arm",18,NA,NA,"none","pooled"
"endpoint","none","lm","model",71.3371794871794,14.7972998355055,4.61410103670404e-06,110,78.0999506788404,0,112,78.0999506788403,0.913408764885518,0.913408764885518,42.0124044038715,100.661954570487,0.750955021825715,17.725518973722,1,FALSE,"tereco_PMC8318721","principled",1,NA,NA,NA,NA
"change","none","lm","model",63.1102564102564,13.0954005867025,4.6464742342316e-06,110,69.1173491995531,0,112,78.0999506788403,0.80807037471478,0.91308849574145,37.1582461719134,89.0622666485993,0.664584548716601,17.7154321615273,2,FALSE,"tereco_PMC8318721","principled",2,NA,NA,NA,NA
"ancova","none","lm","model",66.5020720370234,11.2665545838271,4.10966482571787e-08,109,59.3972306283111,0,112,78.0999506788403,0.851499539487428,1.11961570149915,44.1721271305365,88.8320169435103,0.571829936188084,24.5364040230978,3,FALSE,"tereco_PMC8318721","principled",3,NA,NA,NA,NA
"endpoint","strat","lm","model",70.3827004219408,13.7915564567576,1.42363782234402e-06,109,72.7817802960677,0,112,78.0999506788403,0.90118751433488,0.967037356542149,43.0482838917821,97.7171169520996,0.699985500440642,19.4219864022101,4,FALSE,"tereco_PMC8318721","principled",4,NA,NA,NA,NA
"change","strat","lm","model",61.9230168776371,11.1992211283802,2.22410304943338e-07,109,59.101324365276,0,112,78.0999506788403,0.792868834607522,1.04774330427727,39.7265246908176,84.1195090644565,0.568412450811781,22.1002730301689,5,FALSE,"tereco_PMC8318721","principled",5,NA,NA,NA,NA
"ancova","strat","lm","model",65.1428443137441,9.33420626257571,2.5115368789297e-10,108,49.1996401530545,0,112,78.0999506788403,0.834095844459903,1.32405123515319,46.6408281723416,83.6448604551466,0.473803529466639,31.8907104894488,6,FALSE,"tereco_PMC8318721","principled",6,NA,NA,NA,NA
"endpoint","none","lm","hc3",71.3371794871794,14.583135694,3.43841378560614e-06,110,78.0999506788404,0,112,78.0999506788403,0.913408764885518,0.913408764885518,42.4368274641848,100.237531510174,0.740086306631296,18.149825397248,7,FALSE,"tereco_PMC8318721","principled",7,NA,NA,NA,NA
"change","none","lm","hc3",63.1102564102564,13.3636619040699,6.91613023995379e-06,110,69.1173491995531,0,112,78.0999506788403,0.80807037471478,0.91308849574145,36.6266152066157,89.593897613897,0.678198666540666,17.141603532217,8,FALSE,"tereco_PMC8318721","principled",8,NA,NA,NA,NA
"ancova","none","lm","hc3",66.5020720370234,11.4037317302571,5.68895838947188e-08,109,59.3972306283111,0,112,78.0999506788403,0.851499539487428,1.11961570149915,43.9002464859775,89.1038975880693,0.578792313044813,24.0672602302761,9,FALSE,"tereco_PMC8318721","principled",9,NA,NA,NA,NA
"endpoint","strat","lm","hc3",70.3827004219408,13.5808735168186,1.01425650629026e-06,109,72.7817802960677,0,112,78.0999506788403,0.90118751433488,0.967037356542149,43.4658506293831,97.2995502144986,0.68929236340351,19.9111460120966,10,FALSE,"tereco_PMC8318721","principled",10,NA,NA,NA,NA
"change","strat","lm","hc3",61.9230168776371,11.3826514773709,3.30078692886498e-07,109,59.101324365276,0,112,78.0999506788403,0.792868834607522,1.04774330427727,39.3629717024869,84.4830620527872,0.577722392371814,21.5306866509438,11,FALSE,"tereco_PMC8318721","principled",11,NA,NA,NA,NA
"ancova","strat","lm","hc3",65.1428443137441,9.35538320120306,2.7137328036768e-10,108,49.1996401530545,0,112,78.0999506788403,0.834095844459903,1.32405123515319,46.5988518061369,83.6868368213514,0.474878469100785,31.7790022700429,12,FALSE,"tereco_PMC8318721","principled",12,NA,NA,NA,NA
"endpoint","none","lm","permutation",71.3371794871794,16.1250749895404,2e-04,110,78.0999506788404,0,112,78.0999506788403,0.913408764885518,0.913408764885518,39.3810657011271,103.293293273232,0.818338897996517,12.2877123795494,13,FALSE,"tereco_PMC8318721","principled",13,NA,NA,NA,NA
"change","none","lm","permutation",63.1102564102564,14.4597588885688,2e-04,110,69.1173491995531,0,112,78.0999506788403,0.80807037471478,0.91308849574145,34.4544082568857,91.7661045636271,0.733824999997968,12.2877123795494,14,FALSE,"tereco_PMC8318721","principled",14,NA,NA,NA,NA
"ancova","none","lm","permutation",66.5020720370234,12.9593264067786,2e-04,109,59.3972306283111,0,112,78.0999506788403,0.851499539487428,1.11961570149915,40.8171084099046,92.1870356641421,0.657745962804496,12.2877123795494,15,FALSE,"tereco_PMC8318721","principled",15,NA,NA,NA,NA
"endpoint","strat","lm","permutation",70.3827004219408,15.5968100358986,2e-04,109,72.7817802960677,0,112,78.0999506788403,0.90118751433488,0.967037356542149,39.4703299871941,101.295070856688,0.791610498241244,12.2877123795494,16,FALSE,"tereco_PMC8318721","principled",16,NA,NA,NA,NA
"change","strat","lm","permutation",61.9230168776371,12.6334372933444,2e-04,109,59.101324365276,0,112,78.0999506788403,0.792868834607522,1.04774330427727,36.8839548786039,86.9620788766702,0.641205577760166,12.2877123795494,17,FALSE,"tereco_PMC8318721","principled",17,NA,NA,NA,NA
"ancova","strat","lm","permutation",65.1428443137441,11.2793538507977,2e-04,108,49.1996401530545,0,112,78.0999506788403,0.834095844459903,1.32405123515319,42.785208201848,87.5004804256402,0.572539058413348,12.2877123795494,18,FALSE,"tereco_PMC8318721","principled",18,NA,NA,NA,NA
"endpoint","none","lm","model",71.3371794871794,14.7972998355055,4.61410103670404e-06,110,78.0999506788404,0,112,78.0999506788403,0.913408764885518,0.913408764885518,42.0124044038715,100.661954570487,0.750955021825715,17.725518973722,1,FALSE,"tereco_PMC8318721","defensible",1,"complete_case","none",NA,NA
"change","none","lm","model",63.1102564102564,13.0954005867025,4.6464742342316e-06,110,69.1173491995531,0,112,78.0999506788403,0.80807037471478,0.91308849574145,37.1582461719134,89.0622666485993,0.664584548716601,17.7154321615273,2,FALSE,"tereco_PMC8318721","defensible",2,"complete_case","none",NA,NA
"ancova","none","lm","model",66.5020720370234,11.2665545838271,4.10966482571787e-08,109,59.3972306283111,0,112,78.0999506788403,0.851499539487428,1.11961570149915,44.1721271305365,88.8320169435103,0.571829936188084,24.5364040230978,3,FALSE,"tereco_PMC8318721","defensible",3,"complete_case","none",NA,NA
"endpoint","strat","lm","model",70.3827004219408,13.7915564567576,1.42363782234402e-06,109,72.7817802960677,0,112,78.0999506788403,0.90118751433488,0.967037356542149,43.0482838917821,97.7171169520996,0.699985500440642,19.4219864022101,4,FALSE,"tereco_PMC8318721","defensible",4,"complete_case","none",NA,NA
"change","strat","lm","model",61.9230168776371,11.1992211283802,2.22410304943338e-07,109,59.101324365276,0,112,78.0999506788403,0.792868834607522,1.04774330427727,39.7265246908176,84.1195090644565,0.568412450811781,22.1002730301689,5,FALSE,"tereco_PMC8318721","defensible",5,"complete_case","none",NA,NA
"ancova","strat","lm","model",65.1428443137441,9.33420626257571,2.5115368789297e-10,108,49.1996401530545,0,112,78.0999506788403,0.834095844459903,1.32405123515319,46.6408281723416,83.6448604551466,0.473803529466639,31.8907104894488,6,FALSE,"tereco_PMC8318721","defensible",6,"complete_case","none",NA,NA
"endpoint","none","lm","hc3",71.3371794871794,14.583135694,3.43841378560614e-06,110,78.0999506788404,0,112,78.0999506788403,0.913408764885518,0.913408764885518,42.4368274641848,100.237531510174,0.740086306631296,18.149825397248,7,FALSE,"tereco_PMC8318721","defensible",7,"complete_case","none",NA,NA
"change","none","lm","hc3",63.1102564102564,13.3636619040699,6.91613023995379e-06,110,69.1173491995531,0,112,78.0999506788403,0.80807037471478,0.91308849574145,36.6266152066157,89.593897613897,0.678198666540666,17.141603532217,8,FALSE,"tereco_PMC8318721","defensible",8,"complete_case","none",NA,NA
"ancova","none","lm","hc3",66.5020720370234,11.4037317302571,5.68895838947188e-08,109,59.3972306283111,0,112,78.0999506788403,0.851499539487428,1.11961570149915,43.9002464859775,89.1038975880693,0.578792313044813,24.0672602302761,9,FALSE,"tereco_PMC8318721","defensible",9,"complete_case","none",NA,NA
"endpoint","strat","lm","hc3",70.3827004219408,13.5808735168186,1.01425650629026e-06,109,72.7817802960677,0,112,78.0999506788403,0.90118751433488,0.967037356542149,43.4658506293831,97.2995502144986,0.68929236340351,19.9111460120966,10,FALSE,"tereco_PMC8318721","defensible",10,"complete_case","none",NA,NA
"change","strat","lm","hc3",61.9230168776371,11.3826514773709,3.30078692886498e-07,109,59.101324365276,0,112,78.0999506788403,0.792868834607522,1.04774330427727,39.3629717024869,84.4830620527872,0.577722392371814,21.5306866509438,11,FALSE,"tereco_PMC8318721","defensible",11,"complete_case","none",NA,NA
"ancova","strat","lm","hc3",65.1428443137441,9.35538320120306,2.7137328036768e-10,108,49.1996401530545,0,112,78.0999506788403,0.834095844459903,1.32405123515319,46.5988518061369,83.6868368213514,0.474878469100785,31.7790022700429,12,FALSE,"tereco_PMC8318721","defensible",12,"complete_case","none",NA,NA
"endpoint","none","lm","permutation",71.3371794871794,16.1250749895404,2e-04,110,78.0999506788404,0,112,78.0999506788403,0.913408764885518,0.913408764885518,39.3810657011271,103.293293273232,0.818338897996517,12.2877123795494,13,FALSE,"tereco_PMC8318721","defensible",13,"complete_case","none",NA,NA
"change","none","lm","permutation",63.1102564102564,14.4597588885688,2e-04,110,69.1173491995531,0,112,78.0999506788403,0.80807037471478,0.91308849574145,34.4544082568857,91.7661045636271,0.733824999997968,12.2877123795494,14,FALSE,"tereco_PMC8318721","defensible",14,"complete_case","none",NA,NA
"ancova","none","lm","permutation",66.5020720370234,12.9593264067786,2e-04,109,59.3972306283111,0,112,78.0999506788403,0.851499539487428,1.11961570149915,40.8171084099046,92.1870356641421,0.657745962804496,12.2877123795494,15,FALSE,"tereco_PMC8318721","defensible",15,"complete_case","none",NA,NA
"endpoint","strat","lm","permutation",70.3827004219408,15.5968100358986,2e-04,109,72.7817802960677,0,112,78.0999506788403,0.90118751433488,0.967037356542149,39.4703299871941,101.295070856688,0.791610498241244,12.2877123795494,16,FALSE,"tereco_PMC8318721","defensible",16,"complete_case","none",NA,NA
"change","strat","lm","permutation",61.9230168776371,12.6334372933444,2e-04,109,59.101324365276,0,112,78.0999506788403,0.792868834607522,1.04774330427727,36.8839548786039,86.9620788766702,0.641205577760166,12.2877123795494,17,FALSE,"tereco_PMC8318721","defensible",17,"complete_case","none",NA,NA
"ancova","strat","lm","permutation",65.1428443137441,11.2793538507977,2e-04,108,49.1996401530545,0,112,78.0999506788403,0.834095844459903,1.32405123515319,42.785208201848,87.5004804256402,0.572539058413348,12.2877123795494,18,FALSE,"tereco_PMC8318721","defensible",18,"complete_case","none",NA,NA
"endpoint","none","lm","model",71.2138418079095,14.3114911884212,2.343593627689e-06,112.958102776342,77.402517184617,0,119,78.0999506788403,0.911829536240712,0.920045554049016,42.8600827365322,99.5676008792868,0.726089039107658,18.7028461369974,19,FALSE,"tereco_PMC8318721","defensible",19,"mi","none",NA,NA
"change","none","lm","model",56.6718926553671,13.1576934489845,3.55217546906646e-05,112.53687072232,71.0500177507834,0,119,78.0999506788403,0.725632886612325,0.79763375787112,30.6029677691714,82.7408175415629,0.667578523663744,14.7809376252658,20,FALSE,"tereco_PMC8318721","defensible",20,"mi","none",NA,NA
"ancova","none","lm","model",63.0645101325921,11.1378270699437,1.1943366181374e-07,110.653390475972,59.7436920993502,0,119,78.0999506788403,0.807484634554042,1.0555844126225,40.9934004376183,85.1356198275658,0.565201629530695,22.9972871535102,21,FALSE,"tereco_PMC8318721","defensible",21,"mi","none",NA,NA
"endpoint","strat","lm","model",71.6305508173417,13.3671303002352,4.55659922568722e-07,111.658474484004,72.2058988344547,0,119,78.0999506788403,0.917165122317403,0.992031841907653,45.1444109457562,98.1166906889273,0.678262652956103,21.0655391798782,22,FALSE,"tereco_PMC8318721","defensible",22,"mi","none",NA,NA
"change","strat","lm","model",57.2082693674484,11.3322044675023,1.76746101111207e-06,110.601949890121,60.9784146977144,0,119,78.0999506788403,0.732500710566362,0.938172460714901,34.7518591327283,79.6646796021685,0.575068486971637,19.1098901787284,23,FALSE,"tereco_PMC8318721","defensible",23,"mi","none",NA,NA
"ancova","strat","lm","model",63.0378323548664,9.30744477789743,6.86515630220257e-10,107.991403475516,49.6349726267425,0,119,78.0999506788403,0.807143049476282,1.27002855081465,44.5888454812406,81.4868192284923,0.472445544799152,30.4399883816192,24,FALSE,"tereco_PMC8318721","defensible",24,"mi","none",NA,NA
"endpoint","none","lm","hc3",71.2138418079095,14.3923087079421,2.63666489893282e-06,112.983502100638,77.402517184617,0,119,78.0999506788403,0.911829536240712,0.920045554049016,42.7000374092681,99.7276462065509,0.730187513584863,18.5328543425919,25,FALSE,"tereco_PMC8318721","defensible",25,"mi","none",NA,NA
"change","none","lm","hc3",56.6718926553671,13.2888192970383,4.18496522274387e-05,112.59095262254,71.0500177507834,0,119,78.0999506788403,0.725632886612325,0.79763375787112,30.3433096791683,83.000475631566,0.674227902766961,14.5444248404744,26,FALSE,"tereco_PMC8318721","defensible",26,"mi","none",NA,NA
"ancova","none","lm","hc3",63.0645101325921,11.1415680343218,1.20458901396486e-07,110.655946047828,59.7436920993502,0,119,78.0999506788403,0.807484634554042,1.0555844126225,40.9859928476259,85.1430274175583,0.5653913246567,22.9849556577163,27,FALSE,"tereco_PMC8318721","defensible",27,"mi","none",NA,NA
"endpoint","strat","lm","hc3",71.6305508173417,13.5159301582593,5.89831455863447e-07,111.715677828517,72.2058988344547,0,119,78.0999506788403,0.917165122317403,0.992031841907653,44.8497234611554,98.4113781735281,0.685809072180171,20.6931939004621,28,FALSE,"tereco_PMC8318721","defensible",28,"mi","none",NA,NA
"change","strat","lm","hc3",57.2082693674484,11.5011695119857,2.41655785781333e-06,110.71444023864,60.9784146977144,0,119,78.0999506788403,0.732500710566362,0.938172460714901,34.4172864376519,79.9992522972448,0.583636295073134,18.6586150327911,29,FALSE,"tereco_PMC8318721","defensible",29,"mi","none",NA,NA
"ancova","strat","lm","hc3",63.0378323548664,9.3157875916391,7.06798590494424e-10,108.001848916366,49.6349726267425,0,119,78.0999506788403,0.807143049476282,1.27002855081465,44.5723287958021,81.5033359139308,0.472868507561484,30.3979817860197,30,FALSE,"tereco_PMC8318721","defensible",30,"mi","none",NA,NA
"endpoint","none","lm","model",68.1367231638417,14.6004822972248,8.20901747826267e-06,117,79.6334171928253,0,119,78.0999506788403,0.872429784802694,0.855629779127205,39.2212330586832,97.0522132690002,0.740473965830367,16.8943590104225,31,FALSE,"tereco_PMC8318721","defensible",31,"locf","none",NA,NA
"change","none","lm","model",53.5947740112993,12.74298681183,5.11905208016158e-05,117,69.5023331703231,0,119,78.0999506788403,0.686233135174307,0.771121940323348,28.3579563797564,78.8315916428422,0.646269745683215,14.2537637903563,32,FALSE,"tereco_PMC8318721","defensible",32,"locf","none",NA,NA
"ancova","none","lm","model",59.4581557649842,11.0270110777176,3.71986324003477e-07,116,59.9370193332579,0,119,78.0999506788403,0.761308493131907,0.992010554185032,37.6177708950523,81.2985406349161,0.559293179575569,21.3582470822735,33,FALSE,"tereco_PMC8318721","defensible",33,"locf","none",NA,NA
"endpoint","strat","lm","model",68.5416488983652,13.7377522344185,2.14987505427553e-06,116,74.9259326856827,0,119,78.0999506788403,0.87761449658553,0.914792067866545,41.3322996075354,95.750998189195,0.696782752212458,18.8273157531444,34,FALSE,"tereco_PMC8318721","defensible",34,"locf","none",NA,NA
"change","strat","lm","model",54.1193674484718,10.9386784059909,2.56737142966556e-06,116,59.6597367554938,0,119,78.0999506788403,0.692950084834489,0.907133862663049,32.4539365650284,75.7847983319152,0.554812921010287,18.5712765391014,35,FALSE,"tereco_PMC8318721","defensible",35,"locf","none",NA,NA
"ancova","strat","lm","model",59.4318876144884,9.23956893314014,2.98626299367499e-09,115,50.2214220436431,0,119,78.0999506788403,0.760972152964372,1.18339714799078,41.130079795175,77.7336954338018,0.468676552551829,28.31901162791,36,FALSE,"tereco_PMC8318721","defensible",36,"locf","none",NA,NA
"endpoint","none","lm","hc3",68.1367231638417,14.6935632260836,9.26437345956926e-06,117,79.6334171928253,0,119,78.0999506788403,0.872429784802694,0.855629779127205,39.0368911566417,97.2365551710417,0.745194632116048,16.7198751578139,37,FALSE,"tereco_PMC8318721","defensible",37,"locf","none",NA,NA
"change","none","lm","hc3",53.5947740112993,12.8684544364781,5.98878765615103e-05,117,69.5023331703231,0,119,78.0999506788403,0.686233135174307,0.771121940323348,28.1094743238095,79.0800736987892,0.65263292655048,14.0273764947084,38,FALSE,"tereco_PMC8318721","defensible",38,"locf","none",NA,NA
"ancova","none","lm","hc3",59.4581557649842,11.1601297764418,4.94756445322123e-07,116,59.9370193332579,0,119,78.0999506788403,0.761308493131907,0.992010554185032,37.3541125389457,81.5621989910227,0.566044998336399,20.9467781624492,39,FALSE,"tereco_PMC8318721","defensible",39,"locf","none",NA,NA
"endpoint","strat","lm","hc3",68.5416488983652,13.8958872896567,2.73586642086914e-06,116,74.9259326856827,0,119,78.0999506788403,0.87761449658553,0.914792067866545,41.0190932052303,96.0642045915,0.704803407784777,18.479570777205,40,FALSE,"tereco_PMC8318721","defensible",40,"locf","none",NA,NA
"change","strat","lm","hc3",54.1193674484718,11.114624948401,3.57265186922966e-06,116,59.6597367554938,0,119,78.0999506788403,0.692950084834489,0.907133862663049,32.1054522680882,76.1332826288554,0.563736980344798,18.0945732294299,41,FALSE,"tereco_PMC8318721","defensible",41,"locf","none",NA,NA
"ancova","strat","lm","hc3",59.4318876144884,9.34215029739839,4.19934273986993e-09,115,50.2214220436431,0,119,78.0999506788403,0.760972152964372,1.18339714799078,40.9268858552755,77.9368893737013,0.473879985796878,27.8271893118406,42,FALSE,"tereco_PMC8318721","defensible",42,"locf","none",NA,NA
"endpoint","none","lm","permutation",68.1367231638417,15.7564158410165,2e-04,117,79.6334171928253,0,119,78.0999506788403,0.872429784802694,0.855629779127205,36.9319672476435,99.3414790800399,0.799097967283417,12.2877123795494,43,FALSE,"tereco_PMC8318721","defensible",43,"locf","none",NA,NA
"change","none","lm","permutation",53.5947740112993,13.3153983830991,2e-04,117,69.5023331703231,0,119,78.0999506788403,0.686233135174307,0.771121940323348,27.2243252579779,79.9652227646207,0.67530001041258,12.2877123795494,44,FALSE,"tereco_PMC8318721","defensible",44,"locf","none",NA,NA
"ancova","none","lm","permutation",59.4581557649842,12.3239352677806,2e-04,116,59.9370193332579,0,119,78.0999506788403,0.761308493131907,0.992010554185032,35.0490491209952,83.8672624089732,0.625073548237263,12.2877123795494,45,FALSE,"tereco_PMC8318721","defensible",45,"locf","none",NA,NA
"endpoint","strat","lm","permutation",68.5416488983652,15.1483031712104,2e-04,116,74.9259326856827,0,119,78.0999506788403,0.87761449658553,0.914792067866545,38.5385257443324,98.544772052398,0.768326302212673,12.2877123795494,46,FALSE,"tereco_PMC8318721","defensible",46,"locf","none",NA,NA
"change","strat","lm","permutation",54.1193674484718,11.9704524152289,2e-04,116,59.6597367554938,0,119,78.0999506788403,0.692950084834489,0.907133862663049,30.4103781336703,77.8283567632733,0.607144796090761,12.2877123795494,47,FALSE,"tereco_PMC8318721","defensible",47,"locf","none",NA,NA
"ancova","strat","lm","permutation",59.4318876144884,10.7152301712061,2e-04,115,50.2214220436431,0,119,78.0999506788403,0.760972152964372,1.18339714799078,38.2070788866992,80.6566963422776,0.543529375967702,12.2877123795494,48,FALSE,"tereco_PMC8318721","defensible",48,"locf","none",NA,NA
"endpoint","none","lm","model",0.143937677621515,0.0346244810687811,6.40349629396106e-05,110,0.182747548121158,0,112,0.182747548121158,0.78763123829211,0.78763123829211,0.0753200831275548,0.212555272115475,0.750955021825714,13.9307806460931,49,FALSE,"tereco_PMC8318721","defensible",49,"complete_case","log",NA,NA
"change","none","lm","model",0.11639484160034,0.026395138186922,2.42094853164434e-05,110,0.139313186424282,0,112,0.182747548121158,0.636916023207997,0.835490484338333,0.0640858731244118,0.168703810076269,0.572472451901226,15.3340680658686,50,FALSE,"tereco_PMC8318721","defensible",50,"complete_case","log",NA,NA
"ancova","none","lm","model",0.125817907514961,0.0227480717852671,2.2073335281383e-07,109,0.119804535535632,0,112,0.182747548121158,0.688479319194732,1.05019319137163,0.0807319687823704,0.170903846247553,0.493423186205486,22.1111920268748,51,FALSE,"tereco_PMC8318721","defensible",51,"complete_case","log",NA,NA
"endpoint","strat","lm","model",0.141963937789306,0.0328387681583336,3.41578260364394e-05,109,0.17329907735847,0,112,0.182747548121158,0.77683087542814,0.819184613981829,0.0768785668964948,0.207049308682116,0.712298157342832,14.8374243164062,52,FALSE,"tereco_PMC8318721","defensible",52,"complete_case","log",NA,NA
"change","strat","lm","model",0.114085812931514,0.0228671752870193,2.31044373091741e-06,109,0.120676279936195,0,112,0.182747548121158,0.624280949892017,0.94538722101671,0.0687638149305359,0.159407810932492,0.496006632832416,18.7233986151216,53,FALSE,"tereco_PMC8318721","defensible",53,"complete_case","log",NA,NA
"ancova","strat","lm","model",0.123190312865423,0.01889270376788,2.31443813081847e-09,108,0.0994807171456401,0,112,0.182747548121158,0.674101043389926,1.23833358262861,0.0857416964287437,0.160638929302103,0.409839878254914,28.6866908567288,54,FALSE,"tereco_PMC8318721","defensible",54,"complete_case","log",NA,NA
"endpoint","none","lm","hc3",0.143937677621515,0.0333780212655867,3.53711908974202e-05,110,0.182747548121158,0,112,0.182747548121158,0.78763123829211,0.78763123829211,0.0777902738910991,0.21008508135193,0.723921107675395,14.7870656811011,55,FALSE,"tereco_PMC8318721","defensible",55,"complete_case","log",NA,NA
"change","none","lm","hc3",0.11639484160034,0.0268777113990813,3.29660644406425e-05,110,0.139313186424282,0,112,0.182747548121158,0.636916023207997,0.835490484338333,0.0631295262864673,0.169660156914213,0.582938768388388,14.8886588091716,56,FALSE,"tereco_PMC8318721","defensible",56,"complete_case","log",NA,NA
"ancova","none","lm","hc3",0.125817907514961,0.0228962389577741,2.58776479993591e-07,109,0.119804535535632,0,112,0.182747548121158,0.688479319194732,1.05019319137163,0.0804383062634152,0.171197508766508,0.496637046221386,21.8817901664275,57,FALSE,"tereco_PMC8318721","defensible",57,"complete_case","log",NA,NA
"endpoint","strat","lm","hc3",0.141963937789306,0.0314664850212567,1.63131100131145e-05,109,0.17329907735847,0,112,0.182747548121158,0.77683087542814,0.819184613981829,0.0795983874608948,0.204329488117716,0.682532279853775,15.9036086235472,58,FALSE,"tereco_PMC8318721","defensible",58,"complete_case","log",NA,NA
"change","strat","lm","hc3",0.114085812931514,0.0232467351198574,3.25082131299166e-06,109,0.120676279936195,0,112,0.182747548121158,0.624280949892017,0.94538722101671,0.0680115396814412,0.160160086181586,0.504239577753746,18.2307643113413,59,FALSE,"tereco_PMC8318721","defensible",59,"complete_case","log",NA,NA
"ancova","strat","lm","hc3",0.123190312865423,0.0187676614867219,1.87974202271107e-09,108,0.0994807171456401,0,112,0.182747548121158,0.674101043389926,1.23833358262861,0.0859895519227477,0.160391073808099,0.407127333035543,28.9868181751118,60,FALSE,"tereco_PMC8318721","defensible",60,"complete_case","log",NA,NA
"endpoint","none","lm","permutation",0.143937677621515,0.0366874182727957,2e-04,110,0.182747548121158,0,112,0.182747548121158,0.78763123829211,0.78763123829211,0.0712318257974195,0.21664352944561,0.795697152400564,12.2877123795494,61,FALSE,"tereco_PMC8318721","defensible",61,"complete_case","log",NA,NA
"change","none","lm","permutation",0.11639484160034,0.0286474717021228,2e-04,110,0.139313186424282,0,112,0.182747548121158,0.636916023207997,0.835490484338333,0.0596222767602036,0.173167406440477,0.621322315115248,12.2877123795494,62,FALSE,"tereco_PMC8318721","defensible",62,"complete_case","log",NA,NA
"ancova","none","lm","permutation",0.125817907514961,0.0257242168563171,2e-04,109,0.119804535535632,0,112,0.182747548121158,0.688479319194732,1.05019319137163,0.0748333460068098,0.176802469023113,0.557978063534399,12.2877123795494,63,FALSE,"tereco_PMC8318721","defensible",63,"complete_case","log",NA,NA
"endpoint","strat","lm","permutation",0.141963937789306,0.0356194486963259,2e-04,109,0.17329907735847,0,112,0.182747548121158,0.77683087542814,0.819184613981829,0.0713673484708512,0.21256052710776,0.77261325850074,12.2877123795494,64,FALSE,"tereco_PMC8318721","defensible",64,"complete_case","log",NA,NA
"change","strat","lm","permutation",0.114085812931514,0.0252841791881381,2e-04,109,0.120676279936195,0,112,0.182747548121158,0.624280949892017,0.94538722101671,0.0639733917759523,0.164198234087075,0.548433307814755,12.2877123795494,65,FALSE,"tereco_PMC8318721","defensible",65,"complete_case","log",NA,NA
"ancova","strat","lm","permutation",0.123190312865423,0.0223280058561452,2e-04,108,0.0994807171456401,0,112,0.182747548121158,0.674101043389926,1.23833358262861,0.0789323317222327,0.167448294008614,0.484361969265366,12.2877123795494,66,FALSE,"tereco_PMC8318721","defensible",66,"complete_case","log",NA,NA
"endpoint","none","lm","model",0.14457543304997,0.0331645248976918,2.89061783104973e-05,112.99061743339,0.179396903771317,0,119,0.182747548121158,0.79112105489984,0.805897036184441,0.0788704686462858,0.210280397453654,0.719079025455631,15.0782625919086,67,FALSE,"tereco_PMC8318721","defensible",67,"mi","log",NA,NA
"change","none","lm","model",0.105538689496385,0.0261820161067975,0.000101847839942229,111.581807810475,0.140902325298481,0,119,0.182747548121158,0.577510837116209,0.749020211503369,0.0536602575296624,0.157417121463107,0.567760634822066,13.2612969965719,68,FALSE,"tereco_PMC8318721","defensible",68,"mi","log",NA,NA
"ancova","none","lm","model",0.119583817489481,0.0224191029971609,5.25112800816424e-07,109.114791040618,0.119513076915027,0,119,0.182747548121158,0.654366193795386,1.00059190656186,0.0751504088516426,0.16401722612732,0.48628185816622,20.8608692991505,69,FALSE,"tereco_PMC8318721","defensible",69,"mi","log",NA,NA
"endpoint","strat","lm","model",0.145425595373572,0.0315144650435352,1.05679805418659e-05,111.783973246211,0.170322398009238,0,119,0.182747548121158,0.795773168333604,0.853825433843903,0.0829824048223561,0.207868785924788,0.683381979054703,16.5299407590774,70,FALSE,"tereco_PMC8318721","defensible",70,"mi","log",NA,NA
"change","strat","lm","model",0.106563985969667,0.0228582460434828,8.89516527605488e-06,109.405702535586,0.122500507966684,0,119,0.182747548121158,0.583121289808044,0.869906482335967,0.0612615709386135,0.151866401000721,0.495792315648681,16.7785471576789,71,FALSE,"tereco_PMC8318721","defensible",71,"mi","log",NA,NA
"ancova","strat","lm","model",0.119839072128325,0.0188438770014682,5.26197631003543e-09,105.734067307966,0.0996682064741866,0,119,0.182747548121158,0.655762954744947,1.20238014074591,0.0824781683520469,0.157199975904603,0.40887994569983,27.5017481006309,72,FALSE,"tereco_PMC8318721","defensible",72,"mi","log",NA,NA
"endpoint","none","lm","hc3",0.14457543304997,0.0332669567939463,3.04591202673345e-05,113.004338125226,0.179396903771317,0,119,0.182747548121158,0.79112105489984,0.805897036184441,0.0786676190142782,0.210483247085662,0.721299023853345,15.0027662005132,73,FALSE,"tereco_PMC8318721","defensible",73,"mi","log",NA,NA
"change","none","lm","hc3",0.105538689496385,0.0264291902982506,0.000117052631005803,111.65413621958,0.140902325298481,0,119,0.182747548121158,0.577510837116209,0.749020211503369,0.0531708653536287,0.157906513639141,0.573116571807981,13.0605550171084,74,FALSE,"tereco_PMC8318721","defensible",74,"mi","log",NA,NA
"ancova","none","lm","hc3",0.119583817489481,0.0221420968823007,3.92743961119908e-07,108.971268704451,0.119513076915027,0,119,0.182747548121158,0.654366193795386,1.00059190656186,0.0756987714478272,0.163468863531136,0.480280545406379,21.2799075715803,75,FALSE,"tereco_PMC8318721","defensible",75,"mi","log",NA,NA
"endpoint","strat","lm","hc3",0.145425595373572,0.0318218405019912,1.26428328243686e-05,111.831412286723,0.170322398009238,0,119,0.182747548121158,0.795773168333604,0.853825433843903,0.0823736595432519,0.208477531203892,0.690044123475931,16.27132071632,76,FALSE,"tereco_PMC8318721","defensible",76,"mi","log",NA,NA
"change","strat","lm","hc3",0.106563985969667,0.023258499962574,1.22740602618985e-05,109.58667447558,0.122500507966684,0,119,0.182747548121158,0.583121289808044,0.869906482335967,0.060469164860566,0.152658807078769,0.504464454741045,16.314027902638,77,FALSE,"tereco_PMC8318721","defensible",77,"mi","log",NA,NA
"ancova","strat","lm","hc3",0.119839072128325,0.0186393923336187,3.80508589002435e-09,105.542503072785,0.0996682064741866,0,119,0.182747548121158,0.655762954744947,1.20238014074591,0.0828828145008716,0.156795329755778,0.404451474259475,27.9694238347611,78,FALSE,"tereco_PMC8318721","defensible",78,"mi","log",NA,NA
"endpoint","none","lm","model",0.137261310655433,0.0334974355233766,7.7267447907618e-05,117,0.18270048917698,0,119,0.182747548121158,0.751097960364599,0.751291423869532,0.07092139491111,0.203601226399757,0.726027970567805,13.6597797269536,79,FALSE,"tereco_PMC8318721","defensible",79,"locf","log",NA,NA
"change","none","lm","model",0.0982245671018483,0.0255922475874104,0.000201616999824105,117,0.139584301911568,0,119,0.182747548121158,0.537487742580969,0.703693508200353,0.0475404618224502,0.148908672381246,0.554689852755731,12.2760950912675,80,FALSE,"tereco_PMC8318721","defensible",80,"locf","log",NA,NA
"ancova","none","lm","model",0.111573271509405,0.0221496904773358,1.75175494689208e-06,116,0.120279146562429,0,119,0.182747548121158,0.610532248757908,0.9276194144884,0.0677030186035729,0.155443524415236,0.480118648450995,19.1227675989687,81,FALSE,"tereco_PMC8318721","defensible",81,"locf","log",NA,NA
"endpoint","strat","lm","model",0.138105573236758,0.0318981654537639,3.18767354098824e-05,116,0.173973133071769,0,119,0.182747548121158,0.755717790233751,0.793832764854475,0.0749272373082907,0.201283909165225,0.69142745364311,14.9371365881805,82,FALSE,"tereco_PMC8318721","defensible",82,"locf","log",NA,NA
"change","strat","lm","model",0.0992439638328532,0.022225606602736,1.86610914134225e-05,116,0.121218833750902,0,119,0.182747548121158,0.543065911708191,0.818717362326667,0.0552233494750479,0.143264578190659,0.481764213094892,15.7096071082533,83,FALSE,"tereco_PMC8318721","defensible",83,"locf","log",NA,NA
"ancova","strat","lm","model",0.111827789971523,0.0185507494255958,2.05249821755804e-08,115,0.100735680367294,0,119,0.182747548121158,0.611924981326607,1.11011103080642,0.0750823256161738,0.148573254326872,0.40214454019364,25.5380437899686,84,FALSE,"tereco_PMC8318721","defensible",84,"locf","log",NA,NA
"endpoint","none","lm","hc3",0.137261310655433,0.0336195454036395,8.17264035068106e-05,117,0.18270048917698,0,119,0.182747548121158,0.751097960364599,0.751291423869532,0.0706795626919679,0.203843058618899,0.728674596710026,13.5788382264892,85,FALSE,"tereco_PMC8318721","defensible",85,"locf","log",NA,NA
"change","none","lm","hc3",0.0982245671018483,0.0258366431068888,0.000229783370910601,117,0.139584301911568,0,119,0.182747548121158,0.537487742580969,0.703693508200353,0.0470564493027703,0.149392684900926,0.559986914463601,12.0874379835362,86,FALSE,"tereco_PMC8318721","defensible",86,"locf","log",NA,NA
"ancova","none","lm","hc3",0.111573271509405,0.0221549211195422,1.76069980575622e-06,116,0.120279146562429,0,119,0.182747548121158,0.610532248757908,0.9276194144884,0.0676926586576093,0.1554538843612,0.480232028313762,19.115419614536,87,FALSE,"tereco_PMC8318721","defensible",87,"locf","log",NA,NA
"endpoint","strat","lm","hc3",0.138105573236758,0.0322191807713097,3.77074308561637e-05,116,0.173973133071769,0,119,0.182747548121158,0.755717790233751,0.793832764854475,0.0742914260231718,0.201919720450344,0.698385810038648,14.6947916166472,88,FALSE,"tereco_PMC8318721","defensible",88,"locf","log",NA,NA
"change","strat","lm","hc3",0.0992439638328532,0.0226434264495049,2.58611593889148e-05,116,0.121218833750902,0,119,0.182747548121158,0.543065911708191,0.818717362326667,0.054395804622194,0.144092123043512,0.49082091302178,15.2388535199714,89,FALSE,"tereco_PMC8318721","defensible",89,"locf","log",NA,NA
"ancova","strat","lm","hc3",0.111827789971523,0.0185660518603367,2.10097055874796e-08,115,0.100735680367294,0,119,0.182747548121158,0.611924981326607,1.11011103080642,0.0750520144380417,0.148603565505004,0.402476267523979,25.5043688136733,90,FALSE,"tereco_PMC8318721","defensible",90,"locf","log",NA,NA
"endpoint","none","lm","permutation",0.137261310655433,0.0355429960166939,2e-04,117,0.18270048917698,0,119,0.182747548121158,0.751097960364599,0.751291423869532,0.0668702695441581,0.207652351766709,0.770363726736375,12.2877123795494,91,FALSE,"tereco_PMC8318721","defensible",91,"locf","log",NA,NA
"change","none","lm","permutation",0.0982245671018483,0.0263960454291901,4e-04,117,0.139584301911568,0,119,0.182747548121158,0.537487742580969,0.703693508200353,0.0459485823168706,0.150500551886826,0.572111476432172,11.2877123795494,92,FALSE,"tereco_PMC8318721","defensible",92,"locf","log",NA,NA
"ancova","none","lm","permutation",0.111573271509405,0.0243755069664987,2e-04,116,0.120279146562429,0,119,0.182747548121158,0.610532248757908,0.9276194144884,0.0632945085884346,0.159852034430375,0.52836564339525,12.2877123795494,93,FALSE,"tereco_PMC8318721","defensible",93,"locf","log",NA,NA
"endpoint","strat","lm","permutation",0.138105573236758,0.0344173857210596,2e-04,116,0.173973133071769,0,119,0.182747548121158,0.755717790233751,0.793832764854475,0.0699376041409629,0.206273542332553,0.746034294814186,12.2877123795494,94,FALSE,"tereco_PMC8318721","defensible",94,"locf","log",NA,NA
"change","strat","lm","permutation",0.0992439638328532,0.0238595123104487,2e-04,116,0.121218833750902,0,119,0.182747548121158,0.543065911708191,0.818717362326667,0.0519871933447859,0.146500734320921,0.517180897625363,12.2877123795494,95,FALSE,"tereco_PMC8318721","defensible",95,"locf","log",NA,NA
"ancova","strat","lm","permutation",0.111827789971523,0.0211324874581213,2e-04,115,0.100735680367294,0,119,0.182747548121158,0.611924981326607,1.11011103080642,0.0699683994521925,0.153687180490854,0.458111651288241,12.2877123795494,96,FALSE,"tereco_PMC8318721","defensible",96,"locf","log",NA,NA
"ancova","none","lm","model",66.5020720370234,11.2665545838271,4.10966482571787e-08,109,59.3972306283111,0,112,78.0999506788403,0.851499539487428,1.11961570149915,44.1721271305365,88.8320169435103,0.571829936188084,24.5364040230978,1,FALSE,"tereco_PMC8318721","strict",1,NA,NA,NA,NA
"ancova","strat","lm","model",65.1428443137441,9.33420626257571,2.5115368789297e-10,108,49.1996401530545,0,112,78.0999506788403,0.834095844459903,1.32405123515319,46.6408281723416,83.6448604551466,0.473803529466639,31.8907104894488,2,FALSE,"tereco_PMC8318721","strict",2,NA,NA,NA,NA
"ancova","none","lm","hc3",66.5020720370234,11.4037317302571,5.68895838947188e-08,109,59.3972306283111,0,112,78.0999506788403,0.851499539487428,1.11961570149915,43.9002464859775,89.1038975880693,0.578792313044813,24.0672602302761,3,FALSE,"tereco_PMC8318721","strict",3,NA,NA,NA,NA
"ancova","strat","lm","hc3",65.1428443137441,9.35538320120306,2.7137328036768e-10,108,49.1996401530545,0,112,78.0999506788403,0.834095844459903,1.32405123515319,46.5988518061369,83.6868368213514,0.474878469100785,31.7790022700429,4,FALSE,"tereco_PMC8318721","strict",4,NA,NA,NA,NA
"ancova","none","lm","permutation",66.5020720370234,13.0081294136963,2e-04,109,59.3972306283111,0,112,78.0999506788403,0.851499539487428,1.11961570149915,40.7203824367923,92.2837616372544,0.66022294191323,12.2877123795494,5,FALSE,"tereco_PMC8318721","strict",5,NA,NA,NA,NA
"ancova","strat","lm","permutation",65.1428443137441,11.4637307931375,2e-04,108,49.1996401530545,0,112,78.0999506788403,0.834095844459903,1.32405123515319,42.4197411158086,87.8659475116796,0.581898016590986,12.2877123795494,6,FALSE,"tereco_PMC8318721","strict",6,NA,NA,NA,NA
"endpoint","none","lm","model",71.3371794871794,14.7972998355055,4.61410103670404e-06,110,78.0999506788404,0,112,78.0999506788403,0.913408764885518,0.913408764885518,42.0124044038715,100.661954570487,0.750955021825715,17.725518973722,1,FALSE,"tereco_PMC8318721","outlier_arm",1,NA,NA,"none","pooled"
"change","none","lm","model",63.1102564102564,13.0954005867025,4.6464742342316e-06,110,69.1173491995531,0,112,78.0999506788403,0.80807037471478,0.91308849574145,37.1582461719134,89.0622666485993,0.664584548716601,17.7154321615273,2,FALSE,"tereco_PMC8318721","outlier_arm",2,NA,NA,"none","pooled"
"ancova","none","lm","model",66.5020720370234,11.2665545838271,4.10966482571787e-08,109,59.3972306283111,0,112,78.0999506788403,0.851499539487428,1.11961570149915,44.1721271305365,88.8320169435103,0.571829936188084,24.5364040230978,3,FALSE,"tereco_PMC8318721","outlier_arm",3,NA,NA,"none","pooled"
"endpoint","strat","lm","model",70.3827004219408,13.7915564567576,1.42363782234402e-06,109,72.7817802960677,0,112,78.0999506788403,0.90118751433488,0.967037356542149,43.0482838917821,97.7171169520996,0.699985500440642,19.4219864022101,4,FALSE,"tereco_PMC8318721","outlier_arm",4,NA,NA,"none","pooled"
"change","strat","lm","model",61.9230168776371,11.1992211283802,2.22410304943338e-07,109,59.101324365276,0,112,78.0999506788403,0.792868834607522,1.04774330427727,39.7265246908176,84.1195090644565,0.568412450811781,22.1002730301689,5,FALSE,"tereco_PMC8318721","outlier_arm",5,NA,NA,"none","pooled"
"ancova","strat","lm","model",65.1428443137441,9.33420626257571,2.5115368789297e-10,108,49.1996401530545,0,112,78.0999506788403,0.834095844459903,1.32405123515319,46.6408281723416,83.6448604551466,0.473803529466639,31.8907104894488,6,FALSE,"tereco_PMC8318721","outlier_arm",6,NA,NA,"none","pooled"
"endpoint","none","lm","model",68.6791003369813,13.6838562529941,2.01447715806488e-06,110,72.2232103380685,0,112,78.0999506788403,0.879374439292553,0.950928379055741,41.5609090891076,95.797291584855,0.694448357832852,18.9211631223054,7,FALSE,"tereco_PMC8318721","outlier_arm",7,NA,NA,"sd3_winsor","pooled"
"change","none","lm","model",62.5250282920463,13.1095446035498,5.70655754557289e-06,110,69.1920011313549,0,112,78.0999506788403,0.800577052207873,0.903645324166127,36.5449879321655,88.505068651927,0.665302349977528,17.4189478604457,8,FALSE,"tereco_PMC8318721","outlier_arm",8,NA,NA,"sd3_winsor","pooled"
"ancova","none","lm","model",65.408444398934,10.9283083014535,2.80850268515234e-08,109,57.6389042124497,0,112,78.0999506788403,0.837496615944153,1.13479680595326,43.748892627636,87.0679961702321,0.554662367467187,25.0856235768503,9,FALSE,"tereco_PMC8318721","outlier_arm",9,NA,NA,"sd3_winsor","pooled"
"endpoint","strat","lm","model",67.7649971575685,12.678632178892,5.01666389060746e-07,109,66.9085773307795,0,112,78.0999506788403,0.867670165839529,1.01279985109465,42.6363603646776,92.8936339504593,0.643499427963121,20.9267683814008,10,FALSE,"tereco_PMC8318721","outlier_arm",10,NA,NA,"sd3_winsor","pooled"
"change","strat","lm","model",61.346678300463,11.2475841010305,3.10173428181998e-07,109,59.3565488760802,0,112,78.0999506788403,0.785489334720972,1.03352838839296,39.0543322741436,83.6390243267825,0.570867096139131,21.620421564788,11,FALSE,"tereco_PMC8318721","outlier_arm",11,NA,NA,"sd3_winsor","pooled"
"ancova","strat","lm","model",64.1064164081172,9.06563198049978,1.59467868344332e-10,108,47.8048624804095,0,112,78.0999506788403,0.820825312319762,1.34100200443811,46.136761086944,82.0760717292903,0.460170721363636,32.5460151885211,12,FALSE,"tereco_PMC8318721","outlier_arm",12,NA,NA,"sd3_winsor","pooled"
"endpoint","none","lm","model",66.3288461538461,13.0895039885927,1.64080101292392e-06,110,69.0862270335721,0,112,78.0999506788403,0.84928153702172,0.960087835186222,40.3885215889199,92.2691707187723,0.664285299528472,19.2171682817673,13,FALSE,"tereco_PMC8318721","outlier_arm",13,NA,NA,"iqr15_winsor","pooled"
"change","none","lm","model",60.6352564102563,13.1527463598265,1.09151916149053e-05,110,69.4200194233378,0,112,78.0999506788403,0.776380213856963,0.873454904132047,34.5696003096593,86.7009125108534,0.667494815913093,16.483303017544,14,FALSE,"tereco_PMC8318721","outlier_arm",14,NA,NA,"iqr15_winsor","pooled"
"ancova","none","lm","model",63.5017283738533,10.6443888328211,3.0729727740101e-08,109,56.1464962645662,0,112,78.0999506788403,0.813082822996684,1.1310007319892,42.4048957590878,84.5985609886189,0.54025213668877,24.9557897741318,15,FALSE,"tereco_PMC8318721","outlier_arm",15,NA,NA,"iqr15_winsor","pooled"
"endpoint","strat","lm","model",65.4504430379746,12.1181494629693,3.92101273259549e-07,109,63.9507581739687,0,112,78.0999506788403,0.838034370944963,1.02345061898916,41.4326647666019,89.4682213093473,0.615052328781556,21.282270337526,16,FALSE,"tereco_PMC8318721","outlier_arm",16,NA,NA,"iqr15_winsor","pooled"
"change","strat","lm","model",59.4856118143459,11.3979949592011,8.66775688436953e-07,109,60.1503077290302,0,112,78.0999506788403,0.761660043281722,0.988949417886959,36.895156357029,82.0760672716627,0.57850114528785,20.13783797532,17,FALSE,"tereco_PMC8318721","outlier_arm",17,NA,NA,"iqr15_winsor","pooled"
"ancova","strat","lm","model",62.2574777630784,8.88492980762804,2.1875345862513e-10,108,46.8563139950771,0,112,78.0999506788403,0.797151307035919,1.32868918732317,44.6460054973477,79.8689500288091,0.450998294176956,32.0899751218629,18,FALSE,"tereco_PMC8318721","outlier_arm",18,NA,NA,"iqr15_winsor","pooled"
"endpoint","none","lm","model",67.6830094871794,13.4003277286673,1.75991488943957e-06,110,70.7267505776979,0,112,78.0999506788403,0.866620387066605,0.956964782551762,41.1267052253109,94.2393137490479,0.680059437452716,19.1160629083891,19,FALSE,"tereco_PMC8318721","outlier_arm",19,NA,NA,"mad_winsor","pooled"
"change","none","lm","model",61.5416197435897,13.1999917910382,8.84001319400144e-06,110,69.6693801775599,0,112,78.0999506788403,0.787985385505028,0.883338126257823,35.3823342876779,87.7009051995014,0.669892496180515,16.7875200464375,20,FALSE,"tereco_PMC8318721","outlier_arm",20,NA,NA,"mad_winsor","pooled"
"ancova","none","lm","model",64.5453642228051,10.8165295464881,3.05116707080421e-08,109,57.049496387722,0,112,78.0999506788403,0.826445646402853,1.13139235768427,43.1073543098917,85.9833741357186,0.548989076857936,24.9660635802896,21,FALSE,"tereco_PMC8318721","outlier_arm",21,NA,NA,"mad_winsor","pooled"
"endpoint","strat","lm","model",66.7840368016876,12.4066160254857,4.24524531643554e-07,109,65.4730743854608,0,112,78.0999506788403,0.855109846052457,1.0200229243629,42.1945271815314,91.3735464218439,0.629693345678854,21.1676487402144,22,FALSE,"tereco_PMC8318721","outlier_arm",22,NA,NA,"mad_winsor","pooled"
"change","strat","lm","model",60.3782076033754,11.4058634596793,6.27192260791515e-07,109,60.1918319380533,0,112,78.0999506788403,0.773088933841462,1.00309636140521,37.7721570339178,82.984258172833,0.57890050820691,20.6045889067141,23,FALSE,"tereco_PMC8318721","outlier_arm",23,NA,NA,"mad_winsor","pooled"
"ancova","strat","lm","model",63.2687675894895,9.01148723139414,2.04402786384608e-10,108,47.519469188776,0,112,78.0999506788403,0.810099968560299,1.33142833178855,45.4064365542539,81.1310986247251,0.457422338426011,32.1878660858865,24,FALSE,"tereco_PMC8318721","outlier_arm",24,NA,NA,"mad_winsor","pooled"
"endpoint","none","lm","hc3",71.3371794871794,14.583135694,3.43841378560614e-06,110,78.0999506788404,0,112,78.0999506788403,0.913408764885518,0.913408764885518,42.4368274641848,100.237531510174,0.740086306631296,18.149825397248,25,FALSE,"tereco_PMC8318721","outlier_arm",25,NA,NA,"none","pooled"
"change","none","lm","hc3",63.1102564102564,13.3636619040699,6.91613023995379e-06,110,69.1173491995531,0,112,78.0999506788403,0.80807037471478,0.91308849574145,36.6266152066157,89.593897613897,0.678198666540666,17.141603532217,26,FALSE,"tereco_PMC8318721","outlier_arm",26,NA,NA,"none","pooled"
"ancova","none","lm","hc3",66.5020720370234,11.4037317302571,5.68895838947188e-08,109,59.3972306283111,0,112,78.0999506788403,0.851499539487428,1.11961570149915,43.9002464859775,89.1038975880693,0.578792313044813,24.0672602302761,27,FALSE,"tereco_PMC8318721","outlier_arm",27,NA,NA,"none","pooled"
"endpoint","strat","lm","hc3",70.3827004219408,13.5808735168186,1.01425650629026e-06,109,72.7817802960677,0,112,78.0999506788403,0.90118751433488,0.967037356542149,43.4658506293831,97.2995502144986,0.68929236340351,19.9111460120966,28,FALSE,"tereco_PMC8318721","outlier_arm",28,NA,NA,"none","pooled"
"change","strat","lm","hc3",61.9230168776371,11.3826514773709,3.30078692886498e-07,109,59.101324365276,0,112,78.0999506788403,0.792868834607522,1.04774330427727,39.3629717024869,84.4830620527872,0.577722392371814,21.5306866509438,29,FALSE,"tereco_PMC8318721","outlier_arm",29,NA,NA,"none","pooled"
"ancova","strat","lm","hc3",65.1428443137441,9.35538320120306,2.7137328036768e-10,108,49.1996401530545,0,112,78.0999506788403,0.834095844459903,1.32405123515319,46.5988518061369,83.6868368213514,0.474878469100785,31.7790022700429,30,FALSE,"tereco_PMC8318721","outlier_arm",30,NA,NA,"none","pooled"
"endpoint","none","lm","hc3",68.6791003369813,13.5923501767419,1.74555440442236e-06,110,72.2232103380685,0,112,78.0999506788403,0.879374439292553,0.950928379055741,41.7422526541284,95.6159480198341,0.689804473593627,19.1278832466545,31,FALSE,"tereco_PMC8318721","outlier_arm",31,NA,NA,"sd3_winsor","pooled"
"change","none","lm","hc3",62.5250282920463,13.375863806674,8.41223028979629e-06,110,69.1920011313549,0,112,78.0999506788403,0.800577052207873,0.903645324166127,36.0172057814488,89.0328508026438,0.678817906546496,16.859080224081,32,FALSE,"tereco_PMC8318721","outlier_arm",32,NA,NA,"sd3_winsor","pooled"
"ancova","none","lm","hc3",65.408444398934,11.1048499669961,4.35299039410488e-08,109,57.6389042124497,0,112,78.0999506788403,0.837496615944153,1.13479680595326,43.3989927859465,87.4178960119216,0.563622676370028,24.4534179226148,33,FALSE,"tereco_PMC8318721","outlier_arm",33,NA,NA,"sd3_winsor","pooled"
"endpoint","strat","lm","hc3",67.7649971575685,12.6141220656103,4.45086794053879e-07,109,66.9085773307795,0,112,78.0999506788403,0.867670165839529,1.01279985109465,42.7642173119612,92.7657770031757,0.640225240305581,21.0994099682644,34,FALSE,"tereco_PMC8318721","outlier_arm",34,NA,NA,"sd3_winsor","pooled"
"change","strat","lm","hc3",61.346678300463,11.4245774184622,4.49877195823803e-07,109,59.3565488760802,0,112,78.0999506788403,0.785489334720972,1.03352838839296,38.7035372730934,83.9898193278327,0.579850328471575,21.0839654253358,35,FALSE,"tereco_PMC8318721","outlier_arm",35,NA,NA,"sd3_winsor","pooled"
"ancova","strat","lm","hc3",64.1064164081172,9.13104794730237,2.04598129765303e-10,108,47.8048624804095,0,112,78.0999506788403,0.820825312319762,1.34100200443811,46.007095292163,82.2057375240714,0.463491230369185,32.186487991428,36,FALSE,"tereco_PMC8318721","outlier_arm",36,NA,NA,"sd3_winsor","pooled"
"endpoint","none","lm","hc3",66.3288461538461,13.0669091778473,1.58071823276612e-06,110,69.0862270335721,0,112,78.0999506788403,0.84928153702172,0.960087835186222,40.4332992004114,92.2243931072808,0.663138625014538,19.2709883429429,37,FALSE,"tereco_PMC8318721","outlier_arm",37,NA,NA,"iqr15_winsor","pooled"
"change","none","lm","hc3",60.6352564102563,13.4131460967838,1.56210116644483e-05,110,69.4200194233378,0,112,78.0999506788403,0.776380213856963,0.873454904132047,34.0535491514809,87.2169636690317,0.680709962752312,15.966152584592,38,FALSE,"tereco_PMC8318721","outlier_arm",38,NA,NA,"iqr15_winsor","pooled"
"ancova","none","lm","hc3",63.5017283738533,10.85689945777,5.2548602533752e-08,109,56.1464962645662,0,112,78.0999506788403,0.813082822996684,1.1310007319892,41.9837066092156,85.019750138491,0.551038037222925,24.1817723611233,39,FALSE,"tereco_PMC8318721","outlier_arm",39,NA,NA,"iqr15_winsor","pooled"
"endpoint","strat","lm","hc3",65.4504430379746,12.1308312525545,4.01952835187439e-07,109,63.9507581739687,0,112,78.0999506788403,0.838034370944963,1.02345061898916,41.4075298719323,89.4933562040168,0.615695988462544,21.2464704375167,40,FALSE,"tereco_PMC8318721","outlier_arm",40,NA,NA,"iqr15_winsor","pooled"
"change","strat","lm","hc3",59.4856118143459,11.5555436425467,1.17711637474636e-06,109,60.1503077290302,0,112,78.0999506788403,0.761660043281722,0.988949417886959,36.5828999885872,82.3883236401045,0.586497472192737,19.6963116109106,41,FALSE,"tereco_PMC8318721","outlier_arm",41,NA,NA,"iqr15_winsor","pooled"
"ancova","strat","lm","hc3",62.2574777630784,8.98051704237258,3.15285589821344e-10,108,46.8563139950771,0,112,78.0999506788403,0.797151307035919,1.32868918732317,44.4565350152944,80.0584205108625,0.455850294220656,31.5626217159547,42,FALSE,"tereco_PMC8318721","outlier_arm",42,NA,NA,"iqr15_winsor","pooled"
"endpoint","none","lm","hc3",67.6830094871794,13.3413688441382,1.60053059789257e-06,110,70.7267505776979,0,112,78.0999506788403,0.866620387066605,0.956964782551762,41.2435478957437,94.1224710786151,0.677067305718515,19.253018311681,43,FALSE,"tereco_PMC8318721","outlier_arm",43,NA,NA,"mad_winsor","pooled"
"change","none","lm","hc3",61.5416197435897,13.453939528143,1.26063751490428e-05,110,69.6693801775599,0,112,78.0999506788403,0.787985385505028,0.883338126257823,34.8790694788076,88.2041700083718,0.682780207491368,16.2754869732579,44,FALSE,"tereco_PMC8318721","outlier_arm",44,NA,NA,"mad_winsor","pooled"
"ancova","none","lm","hc3",64.5453642228051,11.0038051729066,4.86695930302984e-08,109,57.049496387722,0,112,78.0999506788403,0.826445646402853,1.13139235768427,42.7361801067101,86.3545483389002,0.558494184094378,24.2924040480869,45,FALSE,"tereco_PMC8318721","outlier_arm",45,NA,NA,"mad_winsor","pooled"
"endpoint","strat","lm","hc3",66.7840368016876,12.3792395982803,4.02904572979791e-07,109,65.4730743854608,0,112,78.0999506788403,0.855109846052457,1.0200229243629,42.2487863702376,91.3192872331377,0.628303864936943,21.2430584839972,46,FALSE,"tereco_PMC8318721","outlier_arm",46,NA,NA,"mad_winsor","pooled"
"change","strat","lm","hc3",60.3782076033754,11.5602741032072,8.5211597888901e-07,109,60.1918319380533,0,112,78.0999506788403,0.773088933841462,1.00309636140521,37.4661201583761,83.2902950483747,0.586737565026578,20.1624468596047,47,FALSE,"tereco_PMC8318721","outlier_arm",47,NA,NA,"mad_winsor","pooled"
"ancova","strat","lm","hc3",63.2687675894895,9.08213695210892,2.67221736869791e-10,108,47.519469188776,0,112,78.0999506788403,0.810099968560299,1.33142833178855,45.2663965512499,81.271138627729,0.461008512342555,31.8012435817849,48,FALSE,"tereco_PMC8318721","outlier_arm",48,NA,NA,"mad_winsor","pooled"
"endpoint","none","lm","permutation",71.3371794871794,16.1250749895404,2e-04,110,78.0999506788404,0,112,78.0999506788403,0.913408764885518,0.913408764885518,39.3810657011271,103.293293273232,0.818338897996517,12.2877123795494,49,FALSE,"tereco_PMC8318721","outlier_arm",49,NA,NA,"none","pooled"
"change","none","lm","permutation",63.1102564102564,14.4597588885688,2e-04,110,69.1173491995531,0,112,78.0999506788403,0.80807037471478,0.91308849574145,34.4544082568857,91.7661045636271,0.733824999997968,12.2877123795494,50,FALSE,"tereco_PMC8318721","outlier_arm",50,NA,NA,"none","pooled"
"ancova","none","lm","permutation",66.5020720370234,12.9593264067786,2e-04,109,59.3972306283111,0,112,78.0999506788403,0.851499539487428,1.11961570149915,40.8171084099046,92.1870356641421,0.657745962804496,12.2877123795494,51,FALSE,"tereco_PMC8318721","outlier_arm",51,NA,NA,"none","pooled"
"endpoint","strat","lm","permutation",70.3827004219408,15.5968100358986,2e-04,109,72.7817802960677,0,112,78.0999506788403,0.90118751433488,0.967037356542149,39.4703299871941,101.295070856688,0.791610498241244,12.2877123795494,52,FALSE,"tereco_PMC8318721","outlier_arm",52,NA,NA,"none","pooled"
"change","strat","lm","permutation",61.9230168776371,12.6334372933444,2e-04,109,59.101324365276,0,112,78.0999506788403,0.792868834607522,1.04774330427727,36.8839548786039,86.9620788766702,0.641205577760166,12.2877123795494,53,FALSE,"tereco_PMC8318721","outlier_arm",53,NA,NA,"none","pooled"
"ancova","strat","lm","permutation",65.1428443137441,11.2793538507977,2e-04,108,49.1996401530545,0,112,78.0999506788403,0.834095844459903,1.32405123515319,42.785208201848,87.5004804256402,0.572539058413348,12.2877123795494,54,FALSE,"tereco_PMC8318721","outlier_arm",54,NA,NA,"none","pooled"
"endpoint","none","lm","permutation",68.6791003369813,14.8900973554527,2e-04,110,72.2232103380685,0,112,78.0999506788403,0.879374439292553,0.950928379055741,39.170422350374,98.1877783235885,0.755664446139068,12.2877123795494,55,FALSE,"tereco_PMC8318721","outlier_arm",55,NA,NA,"sd3_winsor","pooled"
"change","none","lm","permutation",62.5250282920463,14.5263398010745,2e-04,110,69.1920011313549,0,112,78.0999506788403,0.800577052207873,0.903645324166127,33.7372323978191,91.3128241862734,0.737203945559638,12.2877123795494,56,FALSE,"tereco_PMC8318721","outlier_arm",56,NA,NA,"sd3_winsor","pooled"
"ancova","none","lm","permutation",65.408444398934,12.5750956643349,2e-04,109,57.6389042124497,0,112,78.0999506788403,0.837496615944153,1.13479680595326,40.4850136118962,90.3318751859719,0.638244469309003,12.2877123795494,57,FALSE,"tereco_PMC8318721","outlier_arm",57,NA,NA,"sd3_winsor","pooled"
"endpoint","strat","lm","permutation",67.7649971575685,14.2855315002812,2e-04,109,66.9085773307795,0,112,78.0999506788403,0.867670165839529,1.01279985109465,39.4515381504046,96.0784561647323,0.72505702656826,12.2877123795494,58,FALSE,"tereco_PMC8318721","outlier_arm",58,NA,NA,"sd3_winsor","pooled"
"change","strat","lm","permutation",61.346678300463,12.6552367094221,2e-04,109,59.3565488760802,0,112,78.0999506788403,0.785489334720972,1.03352838839296,36.2644105674687,86.4289460334573,0.642311999302961,12.2877123795494,59,FALSE,"tereco_PMC8318721","outlier_arm",59,NA,NA,"sd3_winsor","pooled"
"ancova","strat","lm","permutation",64.1064164081172,10.8619930020959,2e-04,108,47.8048624804095,0,112,78.0999506788403,0.820825312319762,1.34100200443811,42.5760619034885,85.6367709127458,0.551353856628283,12.2877123795494,60,FALSE,"tereco_PMC8318721","outlier_arm",60,NA,NA,"sd3_winsor","pooled"
"endpoint","none","lm","permutation",66.3288461538461,14.714148883053,2e-04,110,69.0862270335721,0,112,78.0999506788403,0.84928153702172,0.960087835186222,37.1688567412847,95.4888355664074,0.746735155633374,12.2877123795494,61,FALSE,"tereco_PMC8318721","outlier_arm",61,NA,NA,"iqr15_winsor","pooled"
"change","none","lm","permutation",60.6352564102563,14.561666450355,2e-04,110,69.4200194233378,0,112,78.0999506788403,0.776380213856963,0.873454904132047,31.7774513889511,89.4930614315615,0.738996754043371,12.2877123795494,62,FALSE,"tereco_PMC8318721","outlier_arm",62,NA,NA,"iqr15_winsor","pooled"
"ancova","none","lm","permutation",63.5017283738533,12.1416804404741,2e-04,109,56.1464962645662,0,112,78.0999506788403,0.813082822996684,1.1310007319892,39.4373124700643,87.5661442776424,0.616246635103415,12.2877123795494,63,FALSE,"tereco_PMC8318721","outlier_arm",63,NA,NA,"iqr15_winsor","pooled"
"endpoint","strat","lm","permutation",65.4504430379746,13.7457137014411,2e-04,109,63.9507581739687,0,112,78.0999506788403,0.838034370944963,1.02345061898916,38.2068853584929,92.6940007174562,0.697658767839984,12.2877123795494,64,FALSE,"tereco_PMC8318721","outlier_arm",64,NA,NA,"iqr15_winsor","pooled"
"change","strat","lm","permutation",59.4856118143459,12.6797901566324,2e-04,109,60.1503077290302,0,112,78.0999506788403,0.761660043281722,0.988949417886959,34.3546799472198,84.616543681472,0.643558200707926,12.2877123795494,65,FALSE,"tereco_PMC8318721","outlier_arm",65,NA,NA,"iqr15_winsor","pooled"
"ancova","strat","lm","permutation",62.2574777630784,10.8454464739024,2e-04,108,46.8563139950771,0,112,78.0999506788403,0.797151307035919,1.32868918732317,40.7599213478758,83.755034178281,0.550513956240614,12.2877123795494,66,FALSE,"tereco_PMC8318721","outlier_arm",66,NA,NA,"iqr15_winsor","pooled"
"endpoint","none","lm","permutation",67.6830094871794,14.6264611596518,2e-04,110,70.7267505776979,0,112,78.0999506788403,0.866620387066605,0.956964782551762,38.6967965605238,96.669222413835,0.742285050751225,12.2877123795494,67,FALSE,"tereco_PMC8318721","outlier_arm",67,NA,NA,"mad_winsor","pooled"
"change","none","lm","permutation",61.5416197435897,14.5194235336225,2e-04,110,69.6693801775599,0,112,78.0999506788403,0.787985385505028,0.883338126257823,32.767530268081,90.3157092190984,0.736852948699864,12.2877123795494,68,FALSE,"tereco_PMC8318721","outlier_arm",68,NA,NA,"mad_winsor","pooled"
"ancova","none","lm","permutation",64.5453642228051,12.2866037824992,2e-04,109,57.049496387722,0,112,78.0999506788403,0.826445646402853,1.13139235768427,40.1937149666183,88.8970134789919,0.623602167338741,12.2877123795494,69,FALSE,"tereco_PMC8318721","outlier_arm",69,NA,NA,"mad_winsor","pooled"
"endpoint","strat","lm","permutation",66.7840368016876,14.0785086769034,2e-04,109,65.4730743854608,0,112,78.0999506788403,0.855109846052457,1.0200229243629,38.8808903000921,94.6871833032832,0.714549657434172,12.2877123795494,70,FALSE,"tereco_PMC8318721","outlier_arm",70,NA,NA,"mad_winsor","pooled"
"change","strat","lm","permutation",60.3782076033754,12.569305981823,2e-04,109,60.1918319380533,0,112,78.0999506788403,0.773088933841462,1.00309636140521,35.4662517788519,85.2901634278989,0.63795061605008,12.2877123795494,71,FALSE,"tereco_PMC8318721","outlier_arm",71,NA,NA,"mad_winsor","pooled"
"ancova","strat","lm","permutation",63.2687675894895,10.9117563888189,2e-04,108,47.519469188776,0,112,78.0999506788403,0.810099968560299,1.33142833178855,41.639773419259,84.8977617597199,0.553879841977682,12.2877123795494,72,FALSE,"tereco_PMC8318721","outlier_arm",72,NA,NA,"mad_winsor","pooled"
"endpoint","none","lm","model",69.396392364748,13.9354702522262,2.37667220598112e-06,110,73.5512256617142,0,112,78.0999506788403,0.888558722016576,0.943511025688741,41.7795612286977,97.0132235007983,0.707217633199672,18.6826256308802,73,FALSE,"tereco_PMC8318721","outlier_arm",73,NA,NA,"sd3_winsor","armwise"
"change","none","lm","model",62.8651378424227,13.0976504864403,5.03712792526587e-06,110,69.129224140286,0,112,78.0999506788403,0.804931850737453,0.909385844036794,36.9086688308911,88.8216068539543,0.6646987299203,17.5989671985022,74,FALSE,"tereco_PMC8318721","outlier_arm",74,NA,NA,"sd3_winsor","armwise"
"ancova","none","lm","model",65.833181393968,11.0232942168347,2.98294321269743e-08,109,58.1354640145037,0,112,78.0999506788403,0.842934993194614,1.13241001013674,43.9853706264014,87.6809921615346,0.559483343527535,24.9986882462396,75,FALSE,"tereco_PMC8318721","outlier_arm",75,NA,NA,"sd3_winsor","armwise"
"endpoint","strat","lm","model",68.4713936102299,12.9261307941061,6.17664222623049e-07,109,68.2146945839386,0,112,78.0999506788403,0.876714940471542,1.00376310453132,42.85222260823,94.0905646122298,0.656061131391748,20.6266738972877,76,FALSE,"tereco_PMC8318721","outlier_arm",76,NA,NA,"sd3_winsor","armwise"
"change","strat","lm","model",61.6816216298211,11.215198550741,2.53447991584366e-07,109,59.1856415522165,0,112,78.0999506788403,0.789777984412128,1.04217205410205,39.4534627113127,83.9097805483296,0.569223379152036,21.911806932688,77,FALSE,"tereco_PMC8318721","outlier_arm",77,NA,NA,"sd3_winsor","armwise"
"ancova","strat","lm","model",64.512529142104,9.13594972929574,1.67495688118746e-10,108,48.1719271651545,0,112,78.0999506788403,0.826025222568834,1.33921420500631,46.4034918438616,82.6215664403464,0.463740044413337,32.475156992466,78,FALSE,"tereco_PMC8318721","outlier_arm",78,NA,NA,"sd3_winsor","armwise"
"endpoint","none","lm","model",67.9955128205128,13.4807768782947,1.81270546905946e-06,110,71.1513601137554,0,112,78.0999506788403,0.87062171268355,0.955646001872668,41.2797772269356,94.71124841409,0.684142188602312,19.0734240363249,79,FALSE,"tereco_PMC8318721","outlier_arm",79,NA,NA,"iqr15_winsor","armwise"
"change","none","lm","model",62.926923076923,13.0456521281127,4.56408694414062e-06,110,68.8547775002968,0,112,78.0999506788403,0.805722955391979,0.913907870469144,37.073502606653,88.7803435471931,0.662059841153639,17.7412422946376,80,FALSE,"tereco_PMC8318721","outlier_arm",80,NA,NA,"iqr15_winsor","armwise"
"ancova","none","lm","model",65.3343169215216,10.9267579632644,2.88659668908172e-08,109,57.6420882177414,0,112,78.0999506788403,0.836547479910543,1.13344812690899,43.6778378701123,86.9907959729309,0.554583680608564,25.0460552086112,81,FALSE,"tereco_PMC8318721","outlier_arm",81,NA,NA,"iqr15_winsor","armwise"
"endpoint","strat","lm","model",67.0917932489451,12.482692439469,4.39979957800366e-07,109,65.8745502352394,0,112,78.0999506788403,0.859050392039777,1.01847819847511,42.3515026495382,91.832083848352,0.63355457677926,21.116058857372,82,FALSE,"tereco_PMC8318721","outlier_arm",82,NA,NA,"iqr15_winsor","armwise"
"change","strat","lm","model",61.7424683544303,11.150481575544,2.14652657535705e-07,109,58.8441125387957,0,112,78.0999506788403,0.790557072287091,1.04925481395821,39.6425763767963,83.8423603320642,0.565938692292195,22.1514926298379,83,FALSE,"tereco_PMC8318721","outlier_arm",83,NA,NA,"iqr15_winsor","armwise"
"ancova","strat","lm","model",64.0510298973818,9.07423864748717,1.69850179534375e-10,108,47.8599120408924,0,112,78.0999506788403,0.820116137598729,1.33830229028953,46.0643146691266,82.037745125637,0.460607595060323,32.4550182057038,84,FALSE,"tereco_PMC8318721","outlier_arm",84,NA,NA,"iqr15_winsor","armwise"
"endpoint","none","lm","model",67.9063628205128,13.457023657327,1.79525892627007e-06,110,71.0259909310895,0,112,78.0999506788403,0.869480226687399,0.956077654536303,41.2377005355881,94.5750251054374,0.682936725391557,19.0873766335175,85,FALSE,"tereco_PMC8318721","outlier_arm",85,NA,NA,"mad_winsor","armwise"
"change","none","lm","model",62.555403076923,13.1080682192155,5.63997703602924e-06,110,69.1842087945789,0,112,78.0999506788403,0.800965974154848,0.904186145463655,36.5782885642591,88.5325175895869,0.665227424265247,17.4358792808267,86,FALSE,"tereco_PMC8318721","outlier_arm",86,NA,NA,"mad_winsor","armwise"
"ancova","none","lm","model",65.1262882123226,10.8760781003439,2.77238297240483e-08,109,57.3723136282117,0,112,78.0999506788403,0.833883858392338,1.13515185450527,43.5702550016061,86.6823214230392,0.552011442346704,25.1042981963475,87,FALSE,"tereco_PMC8318721","outlier_arm",87,NA,NA,"mad_winsor","armwise"
"endpoint","strat","lm","model",67.0039974261602,12.4601143666393,4.34814137963981e-07,109,65.755399627304,0,112,78.0999506788403,0.857926245071415,1.01898852118508,42.3084558330826,91.6995390192378,0.632408634792349,21.1330978139132,88,FALSE,"tereco_PMC8318721","outlier_arm",88,NA,NA,"mad_winsor","armwise"
"change","strat","lm","model",61.3765916962024,11.2442109869451,3.04339631053639e-07,109,59.3387480390936,0,112,78.0999506788403,0.785872348992804,1.03434254554488,39.0909310723394,83.6622523200654,0.570695894943782,21.6478144506295,89,FALSE,"tereco_PMC8318721","outlier_arm",89,NA,NA,"mad_winsor","armwise"
"ancova","strat","lm","model",63.8477915655268,9.0343668184505,1.62764404168097e-10,108,47.647578440614,0,112,78.0999506788403,0.817513852576928,1.34000076509878,45.940109219519,81.7554739115346,0.458583704352057,32.5164957255913,90,FALSE,"tereco_PMC8318721","outlier_arm",90,NA,NA,"mad_winsor","armwise"
"endpoint","none","lm","hc3",69.396392364748,13.8155517881978,1.98001157304024e-06,110,73.5512256617142,0,112,78.0999506788403,0.888558722016576,0.943511025688741,42.0172114773957,96.7755732521003,0.701131835535721,18.946059706535,91,FALSE,"tereco_PMC8318721","outlier_arm",91,NA,NA,"sd3_winsor","armwise"
"change","none","lm","hc3",62.8651378424227,13.3656027339834,7.47466597532002e-06,110,69.129224140286,0,112,78.0999506788403,0.804931850737453,0.909385844036794,36.3776503694409,89.3526253154045,0.678297162616725,17.0295594591126,92,FALSE,"tereco_PMC8318721","outlier_arm",92,NA,NA,"sd3_winsor","armwise"
"ancova","none","lm","hc3",65.833181393968,11.188478669964,4.47576791339414e-08,109,58.1354640145037,0,112,78.0999506788403,0.842934993194614,1.13241001013674,43.6579804104893,88.0083823774467,0.567867221188568,24.4132895303977,93,FALSE,"tereco_PMC8318721","outlier_arm",93,NA,NA,"sd3_winsor","armwise"
"endpoint","strat","lm","hc3",68.4713936102299,12.8283076980376,5.17920272786705e-07,109,68.2146945839386,0,112,78.0999506788403,0.876714940471542,1.00376310453132,43.0461048043832,93.8966824160767,0.651096155243418,20.8807666336894,94,FALSE,"tereco_PMC8318721","outlier_arm",94,NA,NA,"sd3_winsor","armwise"
"change","strat","lm","hc3",61.6816216298211,11.3965939624278,3.73156135760372e-07,109,59.1856415522165,0,112,78.0999506788403,0.789777984412128,1.04217205410205,39.0939429025621,84.2693003570802,0.578430038199211,21.3537172558361,95,FALSE,"tereco_PMC8318721","outlier_arm",95,NA,NA,"sd3_winsor","armwise"
"ancova","strat","lm","hc3",64.512529142104,9.18971563981985,2.05230914344635e-10,108,48.1719271651545,0,112,78.0999506788403,0.826025222568834,1.33921420500631,46.2969184817148,82.7281398024932,0.466469197536238,32.1820328855094,96,FALSE,"tereco_PMC8318721","outlier_arm",96,NA,NA,"sd3_winsor","armwise"
"endpoint","none","lm","hc3",67.9955128205128,13.4125240726176,1.62535002754368e-06,110,71.1513601137554,0,112,78.0999506788403,0.87062171268355,0.955646001872668,41.4150382676345,94.575987373391,0.680678395359851,19.2308181258771,97,FALSE,"tereco_PMC8318721","outlier_arm",97,NA,NA,"iqr15_winsor","armwise"
"change","none","lm","hc3",62.926923076923,13.3207606362946,6.87535926283199e-06,110,68.8547775002968,0,112,78.0999506788403,0.805722955391979,0.913907870469144,36.5283021163188,89.3255440375272,0.676021450235214,17.1501334677029,98,FALSE,"tereco_PMC8318721","outlier_arm",98,NA,NA,"iqr15_winsor","armwise"
"ancova","none","lm","hc3",65.3343169215216,11.1028914082385,4.46702759576098e-08,109,57.6420882177414,0,112,78.0999506788403,0.836547479910543,1.13344812690899,43.3287471083185,87.3398867347248,0.563523270422888,24.4161095919562,99,FALSE,"tereco_PMC8318721","outlier_arm",99,NA,NA,"iqr15_winsor","armwise"
"endpoint","strat","lm","hc3",67.0917932489451,12.4448800131336,4.09552183118824e-07,109,65.8745502352394,0,112,78.0999506788403,0.859050392039777,1.01847819847511,42.4264456492429,91.7571408486472,0.631635420645272,21.2194493795483,100,FALSE,"tereco_PMC8318721","outlier_arm",100,NA,NA,"iqr15_winsor","armwise"
"change","strat","lm","hc3",61.7424683544303,11.3419099851669,3.24843214507962e-07,109,58.8441125387957,0,112,78.0999506788403,0.790557072287091,1.04925481395821,39.263171492312,84.2217652165486,0.575654572550419,21.553753094468,101,FALSE,"tereco_PMC8318721","outlier_arm",101,NA,NA,"iqr15_winsor","armwise"
"ancova","strat","lm","hc3",64.0510298973818,9.14267473396845,2.20225553218633e-10,108,47.8599120408924,0,112,78.0999506788403,0.820116137598729,1.33830229028953,45.928662473202,82.1733973215616,0.464081405088254,32.0802990714203,102,FALSE,"tereco_PMC8318721","outlier_arm",102,NA,NA,"iqr15_winsor","armwise"
"endpoint","none","lm","hc3",67.9063628205128,13.3915100249461,1.61639438492122e-06,110,71.0259909310895,0,112,78.0999506788403,0.869480226687399,0.956077654536303,41.3675331777471,94.4451924632785,0.679611943723183,19.2387893243583,103,FALSE,"tereco_PMC8318721","outlier_arm",103,NA,NA,"mad_winsor","armwise"
"change","none","lm","hc3",62.555403076923,13.3745900494727,8.3199018097744e-06,110,69.1842087945789,0,112,78.0999506788403,0.800965974154848,0.904186145463655,36.0501048541249,89.0607012997211,0.678753264052424,16.8750020673265,104,FALSE,"tereco_PMC8318721","outlier_arm",104,NA,NA,"mad_winsor","armwise"
"ancova","none","lm","hc3",65.1262882123226,11.0571379126662,4.35502913998081e-08,109,57.3723136282117,0,112,78.0999506788403,0.833883858392338,1.13515185450527,43.2114003398856,87.0411760847597,0.561201068168523,24.4527423870107,105,FALSE,"tereco_PMC8318721","outlier_arm",105,NA,NA,"mad_winsor","armwise"
"endpoint","strat","lm","hc3",67.0039974261602,12.42539541215,4.07062832926058e-07,109,65.755399627304,0,112,78.0999506788403,0.857926245071415,1.01898852118508,42.3772676721581,91.6307271801623,0.630646486712167,21.2282451627069,106,FALSE,"tereco_PMC8318721","outlier_arm",106,NA,NA,"mad_winsor","armwise"
"change","strat","lm","hc3",61.3765916962024,11.421671476854,4.42086402031104e-07,109,59.3387480390936,0,112,78.0999506788403,0.785872348992804,1.03434254554488,38.7392101506273,84.0139732417775,0.579702838447714,21.1091683045497,107,FALSE,"tereco_PMC8318721","outlier_arm",107,NA,NA,"mad_winsor","armwise"
"ancova","strat","lm","hc3",63.8477915655268,9.10560053703885,2.13617478482042e-10,108,47.647578440614,0,112,78.0999506788403,0.817513852576928,1.34000076509878,45.7989116314158,81.8966714996378,0.462199521951836,32.1242512536846,108,FALSE,"tereco_PMC8318721","outlier_arm",108,NA,NA,"mad_winsor","armwise"
"endpoint","none","lm","permutation",69.396392364748,15.2931282126111,2e-04,110,73.5512256617142,0,112,78.0999506788403,0.888558722016576,0.943511025688741,39.0890018177962,99.7037829116998,0.776118045748344,12.2877123795494,109,FALSE,"tereco_PMC8318721","outlier_arm",109,NA,NA,"sd3_winsor","armwise"
"change","none","lm","permutation",62.8651378424227,14.4326861881205,2e-04,110,69.129224140286,0,112,78.0999506788403,0.804931850737453,0.909385844036794,34.2629414268942,91.4673342579513,0.732451074985833,12.2877123795494,110,FALSE,"tereco_PMC8318721","outlier_arm",110,NA,NA,"sd3_winsor","armwise"
"ancova","none","lm","permutation",65.833181393968,12.823067160137,2e-04,109,58.1354640145037,0,112,78.0999506788403,0.842934993194614,1.13241001013674,40.418279163869,91.248083624067,0.65083017362224,12.2877123795494,111,FALSE,"tereco_PMC8318721","outlier_arm",111,NA,NA,"sd3_winsor","armwise"
"endpoint","strat","lm","permutation",68.4713936102299,14.3348846745575,2e-04,109,68.2146945839386,0,112,78.0999506788403,0.876714940471542,1.00376310453132,40.0601182161353,96.8826690043246,0.72756192922391,12.2877123795494,112,FALSE,"tereco_PMC8318721","outlier_arm",112,NA,NA,"sd3_winsor","armwise"
"change","strat","lm","permutation",61.6816216298211,12.6920818997525,2e-04,109,59.1856415522165,0,112,78.0999506788403,0.789777984412128,1.04217205410205,36.5263279274388,86.8369153322035,0.6441820637205,12.2877123795494,113,FALSE,"tereco_PMC8318721","outlier_arm",113,NA,NA,"sd3_winsor","armwise"
"ancova","strat","lm","permutation",64.512529142104,10.952838582913,2e-04,108,48.1719271651545,0,112,78.0999506788403,0.826025222568834,1.33921420500631,42.8021029361042,86.2229553481039,0.555965170715066,12.2877123795494,114,FALSE,"tereco_PMC8318721","outlier_arm",114,NA,NA,"sd3_winsor","armwise"
"endpoint","none","lm","permutation",67.9955128205128,14.7587084683484,2e-04,110,71.1513601137554,0,112,78.0999506788403,0.87062171268355,0.955646001872668,38.7472167688268,97.2438088721987,0.748996530662604,12.2877123795494,115,FALSE,"tereco_PMC8318721","outlier_arm",115,NA,NA,"iqr15_winsor","armwise"
"change","none","lm","permutation",62.926923076923,14.4307918675978,2e-04,110,68.8547775002968,0,112,78.0999506788403,0.805722955391979,0.913907870469144,34.3284807600396,91.5253653938064,0.732354939236386,12.2877123795494,116,FALSE,"tereco_PMC8318721","outlier_arm",116,NA,NA,"iqr15_winsor","armwise"
"ancova","none","lm","permutation",65.3343169215216,12.6341243869572,2e-04,109,57.6420882177414,0,112,78.0999506788403,0.836547479910543,1.13344812690899,40.2938931252856,90.3747407177577,0.641240450949997,12.2877123795494,117,FALSE,"tereco_PMC8318721","outlier_arm",117,NA,NA,"iqr15_winsor","armwise"
"endpoint","strat","lm","permutation",67.0917932489451,14.1503329712109,2e-04,109,65.8745502352394,0,112,78.0999506788403,0.859050392039777,1.01847819847511,39.0462933310589,95.1372931668313,0.718195073725817,12.2877123795494,118,FALSE,"tereco_PMC8318721","outlier_arm",118,NA,NA,"iqr15_winsor","armwise"
"change","strat","lm","permutation",61.7424683544303,12.6231069589685,2e-04,109,58.8441125387957,0,112,78.0999506788403,0.790557072287091,1.04925481395821,36.7238807422883,86.7610559665722,0.640681265344775,12.2877123795494,119,FALSE,"tereco_PMC8318721","outlier_arm",119,NA,NA,"iqr15_winsor","armwise"
"ancova","strat","lm","permutation",64.0510298973818,11.0659185857426,2e-04,108,47.8599120408924,0,112,78.0999506788403,0.820116137598729,1.33830229028953,42.1164595082807,85.9856002864828,0.561705102204215,12.2877123795494,120,FALSE,"tereco_PMC8318721","outlier_arm",120,NA,NA,"iqr15_winsor","armwise"
"endpoint","none","lm","permutation",67.9063628205128,14.8085224461241,2e-04,110,71.0259909310895,0,112,78.0999506788403,0.869480226687399,0.956077654536303,38.5593471571061,97.2533784839194,0.751524563289068,12.2877123795494,121,FALSE,"tereco_PMC8318721","outlier_arm",121,NA,NA,"mad_winsor","armwise"
"change","none","lm","permutation",62.555403076923,14.0817584699562,2e-04,110,69.1842087945789,0,112,78.0999506788403,0.800965974154848,0.904186145463655,34.6486630297902,90.4621431240557,0.714641681705787,12.2877123795494,122,FALSE,"tereco_PMC8318721","outlier_arm",122,NA,NA,"mad_winsor","armwise"
"ancova","none","lm","permutation",65.1262882123226,12.393912348723,2e-04,109,57.3723136282117,0,112,78.0999506788403,0.833883858392338,1.13515185450527,40.5619568665102,89.6906195581351,0.629048575122025,12.2877123795494,123,FALSE,"tereco_PMC8318721","outlier_arm",123,NA,NA,"mad_winsor","armwise"
"endpoint","strat","lm","permutation",67.0039974261602,14.0215058402932,2e-04,109,65.755399627304,0,112,78.0999506788403,0.857926245071415,1.01898852118508,39.213828693549,94.7941661587715,0.711656498910965,12.2877123795494,124,FALSE,"tereco_PMC8318721","outlier_arm",124,NA,NA,"mad_winsor","armwise"
"change","strat","lm","permutation",61.3765916962024,12.7566620156998,2e-04,109,59.3387480390936,0,112,78.0999506788403,0.785872348992804,1.03434254554488,36.0933023035291,86.6598810888757,0.64745980433822,12.2877123795494,125,FALSE,"tereco_PMC8318721","outlier_arm",125,NA,NA,"mad_winsor","armwise"
"ancova","strat","lm","permutation",63.8477915655268,10.9995792039389,2e-04,108,47.647578440614,0,112,78.0999506788403,0.817513852576928,1.34000076509878,42.044717339936,85.6508657911177,0.558337720730417,12.2877123795494,126,FALSE,"tereco_PMC8318721","outlier_arm",126,NA,NA,"mad_winsor","armwise"
"endpoint","none","lm","model",-20.6166666666667,5.41538297683824,0.000301287592227989,69,22.8131509238085,0,71,22.8131509238085,-0.903718505853153,-0.903718505853153,-31.4200601073599,-9.81327322597346,0.947119797416365,11.6965711191618,1,FALSE,"spadi_PMC4880881","principled",1,NA,NA,NA,NA
"change","none","lm","model",-22.8412698412699,4.60952925959192,4.94561028389938e-06,69,19.4183656329654,0,71,22.8131509238085,-1.00123257491064,-1.17627148818815,-32.0370291034954,-13.6455105790443,0.806180548486057,17.625420010073,2,FALSE,"spadi_PMC4880881","principled",2,NA,NA,NA,NA
"ancova","none","lm","model",-22.2410077396013,4.51071426181523,5.55174486030887e-06,68,18.9633801912698,0,71,22.8131509238085,-0.974920466439817,-1.17283983737459,-31.2419979076111,-13.2400175715915,0.78910538908644,17.4586273013405,3,FALSE,"spadi_PMC4880881","principled",3,NA,NA,NA,NA
"endpoint","none","lm","hc3",-20.6166666666667,5.48766140112656,0.000355930390470644,69,22.8131509238085,0,71,22.8131509238085,-0.903718505853153,-0.903718505853153,-31.5642516185051,-9.66908171482829,0.959760884272516,11.456117259544,4,FALSE,"spadi_PMC4880881","principled",4,NA,NA,NA,NA
"change","none","lm","hc3",-22.8412698412699,4.67312530356145,6.38123010038721e-06,69,19.4183656329654,0,71,22.8131509238085,-1.00123257491064,-1.17627148818815,-32.1638997398314,-13.5186399427084,0.817303136221499,17.2577340123139,5,FALSE,"spadi_PMC4880881","principled",5,NA,NA,NA,NA
"ancova","none","lm","hc3",-22.2410077396013,4.53234577532359,6.0659591826934e-06,68,18.9633801912698,0,71,22.8131509238085,-0.974920466439817,-1.17283983737459,-31.2851629207568,-13.1968525584458,0.792889611028416,17.3308327790977,6,FALSE,"spadi_PMC4880881","principled",6,NA,NA,NA,NA
"endpoint","none","lm","permutation",-20.6166666666667,5.85889352254699,8e-04,69,22.8131509238085,0,71,22.8131509238085,-0.903718505853153,-0.903718505853153,-32.3048394370733,-8.92849389626008,1.02468727879308,10.2877123795494,7,FALSE,"spadi_PMC4880881","principled",7,NA,NA,NA,NA
"change","none","lm","permutation",-22.8412698412699,5.29679120086218,2e-04,69,19.4183656329654,0,71,22.8131509238085,-1.00123257491064,-1.17627148818815,-33.4080791622102,-12.2744605203295,0.926378767775787,12.2877123795494,8,FALSE,"spadi_PMC4880881","principled",8,NA,NA,NA,NA
"ancova","none","lm","permutation",-22.2410077396013,5.28849577172064,2e-04,68,18.9633801912698,0,71,22.8131509238085,-0.974920466439817,-1.17283983737459,-32.7940367460679,-11.6879787331347,0.92517066508802,12.2877123795494,9,FALSE,"spadi_PMC4880881","principled",9,NA,NA,NA,NA
"endpoint","none","lm","model",-20.6166666666667,5.41538297683824,0.000301287592227989,69,22.8131509238085,0,71,22.8131509238085,-0.903718505853153,-0.903718505853153,-31.4200601073599,-9.81327322597346,0.947119797416365,11.6965711191618,1,FALSE,"spadi_PMC4880881","defensible",1,"complete_case","none",NA,NA
"change","none","lm","model",-22.8412698412699,4.60952925959192,4.94561028389938e-06,69,19.4183656329654,0,71,22.8131509238085,-1.00123257491064,-1.17627148818815,-32.0370291034954,-13.6455105790443,0.806180548486057,17.625420010073,2,FALSE,"spadi_PMC4880881","defensible",2,"complete_case","none",NA,NA
"ancova","none","lm","model",-22.2410077396013,4.51071426181523,5.55174486030887e-06,68,18.9633801912698,0,71,22.8131509238085,-0.974920466439817,-1.17283983737459,-31.2419979076111,-13.2400175715915,0.78910538908644,17.4586273013405,3,FALSE,"spadi_PMC4880881","defensible",3,"complete_case","none",NA,NA
"endpoint","none","lm","hc3",-20.6166666666667,5.48766140112656,0.000355930390470644,69,22.8131509238085,0,71,22.8131509238085,-0.903718505853153,-0.903718505853153,-31.5642516185051,-9.66908171482829,0.959760884272516,11.456117259544,4,FALSE,"spadi_PMC4880881","defensible",4,"complete_case","none",NA,NA
"change","none","lm","hc3",-22.8412698412699,4.67312530356145,6.38123010038721e-06,69,19.4183656329654,0,71,22.8131509238085,-1.00123257491064,-1.17627148818815,-32.1638997398314,-13.5186399427084,0.817303136221499,17.2577340123139,5,FALSE,"spadi_PMC4880881","defensible",5,"complete_case","none",NA,NA
"ancova","none","lm","hc3",-22.2410077396013,4.53234577532359,6.0659591826934e-06,68,18.9633801912698,0,71,22.8131509238085,-0.974920466439817,-1.17283983737459,-31.2851629207568,-13.1968525584458,0.792889611028416,17.3308327790977,6,FALSE,"spadi_PMC4880881","defensible",6,"complete_case","none",NA,NA
"endpoint","none","lm","permutation",-20.6166666666667,5.85889352254699,8e-04,69,22.8131509238085,0,71,22.8131509238085,-0.903718505853153,-0.903718505853153,-32.3048394370733,-8.92849389626008,1.02468727879308,10.2877123795494,7,FALSE,"spadi_PMC4880881","defensible",7,"complete_case","none",NA,NA
"change","none","lm","permutation",-22.8412698412699,5.29679120086218,2e-04,69,19.4183656329654,0,71,22.8131509238085,-1.00123257491064,-1.17627148818815,-33.4080791622102,-12.2744605203295,0.926378767775787,12.2877123795494,8,FALSE,"spadi_PMC4880881","defensible",8,"complete_case","none",NA,NA
"ancova","none","lm","permutation",-22.2410077396013,5.28849577172064,2e-04,68,18.9633801912698,0,71,22.8131509238085,-0.974920466439817,-1.17283983737459,-32.7940367460679,-11.6879787331347,0.92517066508802,12.2877123795494,9,FALSE,"spadi_PMC4880881","defensible",9,"complete_case","none",NA,NA
"endpoint","none","lm","model",-20.8097222222222,5.37123202887007,0.000243835143506865,67.6871189457242,22.7232821935043,0,72,22.8131509238085,-0.912180973672715,-0.915788575128065,-31.5287460245227,-10.0906984199218,0.939723218252482,12.0018063056457,10,FALSE,"spadi_PMC4880881","defensible",10,"mi","none",NA,NA
"change","none","lm","model",-22.6986111111111,4.58062968819913,5.11471781910846e-06,67.5350146518621,19.3575708972232,0,72,22.8131509238085,-0.994979219964839,-1.17259604687111,-31.8402550073521,-13.5569672148702,0.801436323002665,17.576913921182,11,FALSE,"spadi_PMC4880881","defensible",11,"mi","none",NA,NA
"ancova","none","lm","model",-22.1870109412022,4.48068267346139,5.31853145747752e-06,66.4757594566824,18.8980424773352,0,72,22.8131509238085,-0.972553551033023,-1.17403752096608,-31.1317876446865,-13.242234237718,0.784177225965678,17.5205406227495,12,FALSE,"spadi_PMC4880881","defensible",12,"mi","none",NA,NA
"endpoint","none","lm","hc3",-20.8097222222222,5.44699313911068,0.000291943749993255,67.6982397128495,22.7232821935043,0,72,22.8131509238085,-0.912180973672715,-0.915788575128065,-31.6799051361994,-9.9395393082451,0.95297514580791,11.7420219536742,13,FALSE,"spadi_PMC4880881","defensible",13,"mi","none",NA,NA
"change","none","lm","hc3",-22.6986111111111,4.64510173033737,6.62091923058995e-06,67.550485941813,19.3575708972232,0,72,22.8131509238085,-0.994979219964839,-1.17259604687111,-31.9688842912528,-13.4283379309694,0.812713089139034,17.2045370384928,14,FALSE,"spadi_PMC4880881","defensible",14,"mi","none",NA,NA
"ancova","none","lm","hc3",-22.1870109412022,4.51425784849438,6.10393350557658e-06,66.4850212740232,18.8980424773352,0,72,22.8131509238085,-0.972553551033023,-1.17403752096608,-31.1987904289857,-13.1752314534187,0.790051275063326,17.3218293233538,15,FALSE,"spadi_PMC4880881","defensible",15,"mi","none",NA,NA
"endpoint","none","lm","model",-19.8333333333333,5.3957287634655,0.000460967891167363,70,22.8921383885385,0,72,22.8131509238085,-0.869381586067301,-0.866381855496005,-30.5947750242402,-9.0718916424265,0.943441940733919,11.0830461166755,16,FALSE,"spadi_PMC4880881","defensible",16,"locf","none",NA,NA
"change","none","lm","model",-21.7222222222222,4.67990375095106,1.56854214277073e-05,70,19.8551500655871,0,72,22.8131509238085,-0.952179832359425,-1.09403465350137,-31.0559959426362,-12.3884485018082,0.818280100945895,15.960216183158,17,FALSE,"spadi_PMC4880881","defensible",17,"locf","none",NA,NA
"ancova","none","lm","model",-21.1745565574872,4.56250158492904,1.60113162891076e-05,69,19.3283833103436,0,72,22.8131509238085,-0.928173255338824,-1.09551617522794,-30.2764981757609,-12.0726149392135,0.79795567466085,15.9305485578564,18,FALSE,"spadi_PMC4880881","defensible",18,"locf","none",NA,NA
"endpoint","none","lm","hc3",-19.8333333333333,5.47226774616468,0.000545252514895366,70,22.8921383885385,0,72,22.8131509238085,-0.869381586067301,-0.866381855496005,-30.7474272118327,-8.91923945483403,0.956824764360721,10.8407878604538,19,FALSE,"spadi_PMC4880881","defensible",19,"locf","none",NA,NA
"change","none","lm","hc3",-21.7222222222222,4.74628868020348,1.99260047091507e-05,70,19.8551500655871,0,72,22.8131509238085,-0.952179832359425,-1.09403465350137,-31.1883965091995,-12.2560479352449,0.829887490648924,15.6149880048075,20,FALSE,"spadi_PMC4880881","defensible",20,"locf","none",NA,NA
"ancova","none","lm","hc3",-21.1745565574872,4.60486511351397,1.87332810316329e-05,69,19.3283833103436,0,72,22.8131509238085,-0.928173255338824,-1.09551617522794,-30.3610111028792,-11.9881020120953,0.805364815765516,15.7040368725859,21,FALSE,"spadi_PMC4880881","defensible",21,"locf","none",NA,NA
"endpoint","none","lm","permutation",-19.8333333333333,5.82763924635551,4e-04,70,22.8921383885385,0,72,22.8131509238085,-0.869381586067301,-0.866381855496005,-31.456193320279,-8.21047334638765,1.01896138992494,11.2877123795494,22,FALSE,"spadi_PMC4880881","defensible",22,"locf","none",NA,NA
"change","none","lm","permutation",-21.7222222222222,5.40684594227107,2e-04,70,19.8551500655871,0,72,22.8131509238085,-0.952179832359425,-1.09403465350137,-32.5058364271171,-10.9386080173273,0.945385776906493,12.2877123795494,23,FALSE,"spadi_PMC4880881","defensible",23,"locf","none",NA,NA
"ancova","none","lm","permutation",-21.1745565574872,5.25189191341358,2e-04,69,19.3283833103436,0,72,22.8131509238085,-0.928173255338824,-1.09551617522794,-31.6517942507904,-10.697318864184,0.918526136814257,12.2877123795494,24,FALSE,"spadi_PMC4880881","defensible",24,"locf","none",NA,NA
"ancova","none","lm","model",-22.2410077396013,4.51071426181523,5.55174486030887e-06,68,18.9633801912698,0,71,22.8131509238085,-0.974920466439817,-1.17283983737459,-31.2419979076111,-13.2400175715915,0.78910538908644,17.4586273013405,1,FALSE,"spadi_PMC4880881","strict",1,NA,NA,NA,NA
"ancova","none","lm","hc3",-22.2410077396013,4.53234577532359,6.0659591826934e-06,68,18.9633801912698,0,71,22.8131509238085,-0.974920466439817,-1.17283983737459,-31.2851629207568,-13.1968525584458,0.792889611028416,17.3308327790977,2,FALSE,"spadi_PMC4880881","strict",2,NA,NA,NA,NA
"ancova","none","lm","permutation",-22.2410077396013,5.25910168999316,2e-04,68,18.9633801912698,0,71,22.8131509238085,-0.974920466439817,-1.17283983737459,-32.7353817692128,-11.7466337099898,0.920028457678706,12.2877123795494,3,FALSE,"spadi_PMC4880881","strict",3,NA,NA,NA,NA
"endpoint","none","lm","model",-20.6166666666667,5.41538297683824,0.000301287592227989,69,22.8131509238085,0,71,22.8131509238085,-0.903718505853153,-0.903718505853153,-31.4200601073599,-9.81327322597346,0.947119797416365,11.6965711191618,1,FALSE,"spadi_PMC4880881","outlier_arm",1,NA,NA,"none","pooled"
"change","none","lm","model",-22.8412698412699,4.60952925959192,4.94561028389938e-06,69,19.4183656329654,0,71,22.8131509238085,-1.00123257491064,-1.17627148818815,-32.0370291034954,-13.6455105790443,0.806180548486057,17.625420010073,2,FALSE,"spadi_PMC4880881","outlier_arm",2,NA,NA,"none","pooled"
"ancova","none","lm","model",-22.2410077396013,4.51071426181523,5.55174486030887e-06,68,18.9633801912698,0,71,22.8131509238085,-0.974920466439817,-1.17283983737459,-31.2419979076111,-13.2400175715915,0.78910538908644,17.4586273013405,3,FALSE,"spadi_PMC4880881","outlier_arm",3,NA,NA,"none","pooled"
"endpoint","none","lm","hc3",-20.6166666666667,5.48766140112656,0.000355930390470644,69,22.8131509238085,0,71,22.8131509238085,-0.903718505853153,-0.903718505853153,-31.5642516185051,-9.66908171482829,0.959760884272516,11.456117259544,4,FALSE,"spadi_PMC4880881","outlier_arm",4,NA,NA,"none","pooled"
"change","none","lm","hc3",-22.8412698412699,4.67312530356145,6.38123010038721e-06,69,19.4183656329654,0,71,22.8131509238085,-1.00123257491064,-1.17627148818815,-32.1638997398314,-13.5186399427084,0.817303136221499,17.2577340123139,5,FALSE,"spadi_PMC4880881","outlier_arm",5,NA,NA,"none","pooled"
"ancova","none","lm","hc3",-22.2410077396013,4.53234577532359,6.0659591826934e-06,68,18.9633801912698,0,71,22.8131509238085,-0.974920466439817,-1.17283983737459,-31.2851629207568,-13.1968525584458,0.792889611028416,17.3308327790977,6,FALSE,"spadi_PMC4880881","outlier_arm",6,NA,NA,"none","pooled"
"endpoint","none","lm","permutation",-20.6166666666667,5.85889352254699,8e-04,69,22.8131509238085,0,71,22.8131509238085,-0.903718505853153,-0.903718505853153,-32.3048394370733,-8.92849389626008,1.02468727879308,10.2877123795494,7,FALSE,"spadi_PMC4880881","outlier_arm",7,NA,NA,"none","pooled"
"change","none","lm","permutation",-22.8412698412699,5.29679120086218,2e-04,69,19.4183656329654,0,71,22.8131509238085,-1.00123257491064,-1.17627148818815,-33.4080791622102,-12.2744605203295,0.926378767775787,12.2877123795494,8,FALSE,"spadi_PMC4880881","outlier_arm",8,NA,NA,"none","pooled"
"ancova","none","lm","permutation",-22.2410077396013,5.28849577172064,2e-04,68,18.9633801912698,0,71,22.8131509238085,-0.974920466439817,-1.17283983737459,-32.7940367460679,-11.6879787331347,0.92517066508802,12.2877123795494,9,FALSE,"spadi_PMC4880881","outlier_arm",9,NA,NA,"none","pooled"
"endpoint","none","lm","model",10.7032967032967,3.68568072076939,0.00946283150241376,18,7.86182566636419,0,20,7.8618256663642,1.36142636043042,1.36142636043042,2.95996884374082,18.4466245628526,1.96985488820611,6.72351234810944,1,FALSE,"tscs_PMC13085461","principled",1,NA,NA,NA,NA
"change","none","lm","model",8.0989010989011,1.24283290612444,3.98247275544256e-06,18,2.65105319223946,0,20,7.8618256663642,1.0301552645146,3.05497495207163,5.48780605408744,10.7099961437148,0.664246488187824,17.9379040771837,2,FALSE,"tscs_PMC13085461","principled",2,NA,NA,NA,NA
"ancova","none","lm","model",7.66613707905209,1.19519528854369,6.41389528588017e-06,17,2.49788891018251,0,20,7.8618256663642,0.975109014672084,3.06904644470036,5.14449544072962,10.1877787173746,0.641490092844716,17.2503677689862,3,FALSE,"tscs_PMC13085461","principled",3,NA,NA,NA,NA
"endpoint","none","lm","hc3",10.7032967032967,3.54643882327446,0.00738957804761694,18,7.86182566636419,0,20,7.8618256663642,1.36142636043042,1.36142636043042,3.2525052151129,18.1540881914805,1.89543543812248,7.08029229728529,4,FALSE,"tscs_PMC13085461","principled",4,NA,NA,NA,NA
"change","none","lm","hc3",8.0989010989011,1.03679262629465,3.43595090482573e-07,18,2.65105319223946,0,20,7.8618256663642,1.0301552645146,3.05497495207163,5.92068061915928,10.2771215786429,0.554125866479347,21.4727872417836,5,FALSE,"tscs_PMC13085461","principled",5,NA,NA,NA,NA
"ancova","none","lm","hc3",7.66613707905209,1.13957365661419,3.54545986259259e-06,17,2.49788891018251,0,20,7.8618256663642,0.975109014672084,3.06904644470036,5.261846826239,10.0704273318652,0.611636623564304,18.105595805483,6,FALSE,"tscs_PMC13085461","principled",6,NA,NA,NA,NA
"endpoint","none","lm","permutation",10.7032967032967,4.34602846056268,0.0112,18,7.86182566636419,0,20,7.8618256663642,1.36142636043042,1.36142636043042,1.57262972298573,19.8339636836077,2.32278541086846,6.48035745749184,7,FALSE,"tscs_PMC13085461","principled",7,NA,NA,NA,NA
"change","none","lm","permutation",8.0989010989011,2.19032259972018,2e-04,18,2.65105319223946,0,20,7.8618256663642,1.0301552645146,3.05497495207163,3.49720407391093,12.7005981238913,1.17064336460116,12.2877123795494,8,FALSE,"tscs_PMC13085461","principled",8,NA,NA,NA,NA
"ancova","none","lm","permutation",7.66613707905209,2.17004747082668,2e-04,17,2.49788891018251,0,20,7.8618256663642,0.975109014672084,3.06904644470036,3.08773712046417,12.24453703764,1.16471673447963,12.2877123795494,9,FALSE,"tscs_PMC13085461","principled",9,NA,NA,NA,NA
"endpoint","none","lm","model",10.7032967032967,3.68568072076939,0.00946283150241376,18,7.86182566636419,0,20,7.8618256663642,1.36142636043042,1.36142636043042,2.95996884374082,18.4466245628526,1.96985488820611,6.72351234810944,1,FALSE,"tscs_PMC13085461","defensible",1,"complete_case","none",NA,NA
"change","none","lm","model",8.0989010989011,1.24283290612444,3.98247275544256e-06,18,2.65105319223946,0,20,7.8618256663642,1.0301552645146,3.05497495207163,5.48780605408744,10.7099961437148,0.664246488187824,17.9379040771837,2,FALSE,"tscs_PMC13085461","defensible",2,"complete_case","none",NA,NA
"ancova","none","lm","model",7.66613707905209,1.19519528854369,6.41389528588017e-06,17,2.49788891018251,0,20,7.8618256663642,0.975109014672084,3.06904644470036,5.14449544072962,10.1877787173746,0.641490092844716,17.2503677689862,3,FALSE,"tscs_PMC13085461","defensible",3,"complete_case","none",NA,NA
"endpoint","none","lm","hc3",10.7032967032967,3.54643882327446,0.00738957804761694,18,7.86182566636419,0,20,7.8618256663642,1.36142636043042,1.36142636043042,3.2525052151129,18.1540881914805,1.89543543812248,7.08029229728529,4,FALSE,"tscs_PMC13085461","defensible",4,"complete_case","none",NA,NA
"change","none","lm","hc3",8.0989010989011,1.03679262629465,3.43595090482573e-07,18,2.65105319223946,0,20,7.8618256663642,1.0301552645146,3.05497495207163,5.92068061915928,10.2771215786429,0.554125866479347,21.4727872417836,5,FALSE,"tscs_PMC13085461","defensible",5,"complete_case","none",NA,NA
"ancova","none","lm","hc3",7.66613707905209,1.13957365661419,3.54545986259259e-06,17,2.49788891018251,0,20,7.8618256663642,0.975109014672084,3.06904644470036,5.261846826239,10.0704273318652,0.611636623564304,18.105595805483,6,FALSE,"tscs_PMC13085461","defensible",6,"complete_case","none",NA,NA
"endpoint","none","lm","permutation",10.7032967032967,4.34602846056268,0.0112,18,7.86182566636419,0,20,7.8618256663642,1.36142636043042,1.36142636043042,1.57262972298573,19.8339636836077,2.32278541086846,6.48035745749184,7,FALSE,"tscs_PMC13085461","defensible",7,"complete_case","none",NA,NA
"change","none","lm","permutation",8.0989010989011,2.19032259972018,2e-04,18,2.65105319223946,0,20,7.8618256663642,1.0301552645146,3.05497495207163,3.49720407391093,12.7005981238913,1.17064336460116,12.2877123795494,8,FALSE,"tscs_PMC13085461","defensible",8,"complete_case","none",NA,NA
"ancova","none","lm","permutation",7.66613707905209,2.17004747082668,2e-04,17,2.49788891018251,0,20,7.8618256663642,0.975109014672084,3.06904644470036,3.08773712046417,12.24453703764,1.16471673447963,12.2877123795494,9,FALSE,"tscs_PMC13085461","defensible",9,"complete_case","none",NA,NA
"endpoint","none","lm","model",0.379047841744992,0.118702703219312,0.00503662286430678,18,0.253201519485276,0,20,0.253201519485276,1.4970204069689,1.4970204069689,0.129662716315349,0.628432967174634,1.96985488820611,7.63332757672818,10,FALSE,"tscs_PMC13085461","defensible",10,"complete_case","log",NA,NA
"change","none","lm","model",0.247112731268807,0.067504846484576,0.00178865432519953,18,0.143992758706899,0,20,0.253201519485276,0.975952797483813,1.71614693327608,0.105290311466273,0.38893515107134,1.12023356013692,9.12690968514645,11,FALSE,"tscs_PMC13085461","defensible",11,"complete_case","log",NA,NA
"ancova","none","lm","model",0.289221116163092,0.0453294403794487,6.84200485515686e-06,17,0.0949646600910653,0,20,0.253201519485276,1.14225663712856,3.04556574925605,0.193584356716064,0.384857875610119,0.755420106810133,17.1571494414668,12,FALSE,"tscs_PMC13085461","defensible",12,"complete_case","log",NA,NA
"endpoint","none","lm","hc3",0.379047841744992,0.126506768423764,0.00774807522938483,18,0.253201519485276,0,20,0.253201519485276,1.4970204069689,1.4970204069689,0.113266983723837,0.644828699766147,2.09936226734699,7.01194632290813,13,FALSE,"tscs_PMC13085461","defensible",13,"complete_case","log",NA,NA
"change","none","lm","hc3",0.247112731268807,0.0609224261669229,0.000741067355511555,18,0.143992758706899,0,20,0.253201519485276,0.975952797483813,1.71614693327608,0.119119463389761,0.375105999147853,1.01099920837157,10.3981077047021,14,FALSE,"tscs_PMC13085461","defensible",14,"complete_case","log",NA,NA
"ancova","none","lm","hc3",0.289221116163092,0.0464146256497775,9.1240689033338e-06,17,0.0949646600910653,0,20,0.253201519485276,1.14225663712856,3.04556574925605,0.191294815927889,0.387147416398294,0.7735048386303,16.7418912276585,15,FALSE,"tscs_PMC13085461","defensible",15,"complete_case","log",NA,NA
"endpoint","none","lm","permutation",0.379047841744992,0.146199508141809,0.0088,18,0.253201519485276,0,20,0.253201519485276,1.4970204069689,1.4970204069689,0.071894072817466,0.686201610672518,2.42616055031524,6.82828076091215,16,FALSE,"tscs_PMC13085461","defensible",16,"complete_case","log",NA,NA
"change","none","lm","permutation",0.247112731268807,0.0875726355412633,0.0024,18,0.143992758706899,0,20,0.253201519485276,0.975952797483813,1.71614693327608,0.0631294511381711,0.431096011399443,1.45325573483642,8.70274987882829,17,FALSE,"tscs_PMC13085461","defensible",17,"complete_case","log",NA,NA
"ancova","none","lm","permutation",0.289221116163092,0.0822567215199306,4e-04,17,0.0949646600910653,0,20,0.253201519485276,1.14225663712856,3.04556574925605,0.115674603718845,0.462767628607338,1.37081730628665,11.2877123795494,18,FALSE,"tscs_PMC13085461","defensible",18,"complete_case","log",NA,NA
"ancova","none","lm","model",7.66613707905209,1.19519528854369,6.41389528588017e-06,17,2.49788891018251,0,20,7.8618256663642,0.975109014672084,3.06904644470036,5.14449544072962,10.1877787173746,0.641490092844716,17.2503677689862,1,FALSE,"tscs_PMC13085461","strict",1,NA,NA,NA,NA
"ancova","none","lm","hc3",7.66613707905209,1.13957365661419,3.54545986259259e-06,17,2.49788891018251,0,20,7.8618256663642,0.975109014672084,3.06904644470036,5.261846826239,10.0704273318652,0.611636623564304,18.105595805483,2,FALSE,"tscs_PMC13085461","strict",2,NA,NA,NA,NA
"ancova","none","lm","permutation",7.66613707905209,2.1560718075674,2e-04,17,2.49788891018251,0,20,7.8618256663642,0.975109014672084,3.06904644470036,3.11722319251915,12.215050965585,1.1572156594606,12.2877123795494,3,FALSE,"tscs_PMC13085461","strict",3,NA,NA,NA,NA
"endpoint","none","lm","model",10.7032967032967,3.68568072076939,0.00946283150241376,18,7.86182566636419,0,20,7.8618256663642,1.36142636043042,1.36142636043042,2.95996884374082,18.4466245628526,1.96985488820611,6.72351234810944,1,FALSE,"tscs_PMC13085461","outlier_arm",1,NA,NA,"none","pooled"
"change","none","lm","model",8.0989010989011,1.24283290612444,3.98247275544256e-06,18,2.65105319223946,0,20,7.8618256663642,1.0301552645146,3.05497495207163,5.48780605408744,10.7099961437148,0.664246488187824,17.9379040771837,2,FALSE,"tscs_PMC13085461","outlier_arm",2,NA,NA,"none","pooled"
"ancova","none","lm","model",7.66613707905209,1.19519528854369,6.41389528588017e-06,17,2.49788891018251,0,20,7.8618256663642,0.975109014672084,3.06904644470036,5.14449544072962,10.1877787173746,0.641490092844716,17.2503677689862,3,FALSE,"tscs_PMC13085461","outlier_arm",3,NA,NA,"none","pooled"
"endpoint","none","lm","hc3",10.7032967032967,3.54643882327446,0.00738957804761694,18,7.86182566636419,0,20,7.8618256663642,1.36142636043042,1.36142636043042,3.2525052151129,18.1540881914805,1.89543543812248,7.08029229728529,4,FALSE,"tscs_PMC13085461","outlier_arm",4,NA,NA,"none","pooled"
"change","none","lm","hc3",8.0989010989011,1.03679262629465,3.43595090482573e-07,18,2.65105319223946,0,20,7.8618256663642,1.0301552645146,3.05497495207163,5.92068061915928,10.2771215786429,0.554125866479347,21.4727872417836,5,FALSE,"tscs_PMC13085461","outlier_arm",5,NA,NA,"none","pooled"
"ancova","none","lm","hc3",7.66613707905209,1.13957365661419,3.54545986259259e-06,17,2.49788891018251,0,20,7.8618256663642,0.975109014672084,3.06904644470036,5.261846826239,10.0704273318652,0.611636623564304,18.105595805483,6,FALSE,"tscs_PMC13085461","outlier_arm",6,NA,NA,"none","pooled"
"endpoint","none","lm","permutation",10.7032967032967,4.34602846056268,0.0112,18,7.86182566636419,0,20,7.8618256663642,1.36142636043042,1.36142636043042,1.57262972298573,19.8339636836077,2.32278541086846,6.48035745749184,7,FALSE,"tscs_PMC13085461","outlier_arm",7,NA,NA,"none","pooled"
"change","none","lm","permutation",8.0989010989011,2.19032259972018,2e-04,18,2.65105319223946,0,20,7.8618256663642,1.0301552645146,3.05497495207163,3.49720407391093,12.7005981238913,1.17064336460116,12.2877123795494,8,FALSE,"tscs_PMC13085461","outlier_arm",8,NA,NA,"none","pooled"
"ancova","none","lm","permutation",7.66613707905209,2.17004747082668,2e-04,17,2.49788891018251,0,20,7.8618256663642,0.975109014672084,3.06904644470036,3.08773712046417,12.24453703764,1.16471673447963,12.2877123795494,9,FALSE,"tscs_PMC13085461","outlier_arm",9,NA,NA,"none","pooled"
"endpoint","none","lm","model",6.84840560151008,2.17924352205674,0.00562941428061229,18,4.87293665484493,0,20,4.87293665484493,1.4053959832827,1.4053959832827,2.26998485496857,11.4268263480516,1.8791217989626,7.47279946154215,1,FALSE,"tdcs_PMC13257960","principled",1,NA,NA,NA,NA
"change","none","lm","model",7.12588819600945,2.42783749890674,0.00884813138887453,18,5.42880968587854,0,20,4.87293665484493,1.46233959124515,1.31260600542792,2.02519088443261,12.2265855075863,2.0934798347955,6.82041147586723,2,FALSE,"tdcs_PMC13257960","principled",2,NA,NA,NA,NA
"ancova","none","lm","model",6.93760669964839,2.16419497238068,0.00518437358761497,17,4.83606339574562,0,20,4.87293665484493,1.42370139220887,1.43455660770525,2.37155443345109,11.5036589658457,1.87404540202979,7.59161460162865,3,FALSE,"tdcs_PMC13257960","principled",3,NA,NA,NA,NA
"endpoint","none","lm","hc3",6.84840560151008,2.29712436862223,0.00800426981317357,18,4.87293665484493,0,20,4.87293665484493,1.4053959832827,1.4053959832827,2.02232638629686,11.6744848167233,1.98076829519829,6.96501448528866,4,FALSE,"tdcs_PMC13257960","principled",4,NA,NA,NA,NA
"change","none","lm","hc3",7.12588819600945,2.55916542843728,0.0122373090257741,18,5.42880968587854,0,20,4.87293665484493,1.46233959124515,1.31260600542792,1.74928114278266,12.5024952492362,2.20672150452893,6.3525698443252,5,FALSE,"tdcs_PMC13257960","principled",5,NA,NA,NA,NA
"ancova","none","lm","hc3",6.93760669964839,2.36061871869226,0.00917340142901926,17,4.83606339574562,0,20,4.87293665484493,1.42370139220887,1.43455660770525,1.95713655362654,11.9180768456702,2.04413498421737,6.76832751105066,6,FALSE,"tdcs_PMC13257960","principled",6,NA,NA,NA,NA
"endpoint","none","lm","permutation",6.84840560151008,2.64265565316738,0.0028,18,4.87293665484493,0,20,4.87293665484493,1.4053959832827,1.4053959832827,1.29639209500315,12.400419108017,2.27871359706136,8.48035745749184,7,FALSE,"tdcs_PMC13257960","principled",7,NA,NA,NA,NA
"change","none","lm","permutation",7.12588819600945,2.84774721353433,6e-04,18,5.42880968587854,0,20,4.87293665484493,1.46233959124515,1.31260600542792,1.14299331006017,13.1087830819587,2.45556029545378,10.7027498788283,8,FALSE,"tdcs_PMC13257960","principled",8,NA,NA,NA,NA
"ancova","none","lm","permutation",6.93760669964839,2.74487581379566,0.002,17,4.83606339574562,0,20,4.87293665484493,1.42370139220887,1.43455660770525,1.1464249484844,12.7287884508124,2.37687544959407,8.96578428466209,9,FALSE,"tdcs_PMC13257960","principled",9,NA,NA,NA,NA
"endpoint","none","lm","model",6.84840560151008,2.17924352205674,0.00562941428061229,18,4.87293665484493,0,20,4.87293665484493,1.4053959832827,1.4053959832827,2.26998485496857,11.4268263480516,1.8791217989626,7.47279946154215,1,FALSE,"tdcs_PMC13257960","defensible",1,"complete_case","none",NA,NA
"change","none","lm","model",7.12588819600945,2.42783749890674,0.00884813138887453,18,5.42880968587854,0,20,4.87293665484493,1.46233959124515,1.31260600542792,2.02519088443261,12.2265855075863,2.0934798347955,6.82041147586723,2,FALSE,"tdcs_PMC13257960","defensible",2,"complete_case","none",NA,NA
"ancova","none","lm","model",6.93760669964839,2.16419497238068,0.00518437358761497,17,4.83606339574562,0,20,4.87293665484493,1.42370139220887,1.43455660770525,2.37155443345109,11.5036589658457,1.87404540202979,7.59161460162865,3,FALSE,"tdcs_PMC13257960","defensible",3,"complete_case","none",NA,NA
"endpoint","none","lm","hc3",6.84840560151008,2.29712436862223,0.00800426981317357,18,4.87293665484493,0,20,4.87293665484493,1.4053959832827,1.4053959832827,2.02232638629686,11.6744848167233,1.98076829519829,6.96501448528866,4,FALSE,"tdcs_PMC13257960","defensible",4,"complete_case","none",NA,NA
"change","none","lm","hc3",7.12588819600945,2.55916542843728,0.0122373090257741,18,5.42880968587854,0,20,4.87293665484493,1.46233959124515,1.31260600542792,1.74928114278266,12.5024952492362,2.20672150452893,6.3525698443252,5,FALSE,"tdcs_PMC13257960","defensible",5,"complete_case","none",NA,NA
"ancova","none","lm","hc3",6.93760669964839,2.36061871869226,0.00917340142901926,17,4.83606339574562,0,20,4.87293665484493,1.42370139220887,1.43455660770525,1.95713655362654,11.9180768456702,2.04413498421737,6.76832751105066,6,FALSE,"tdcs_PMC13257960","defensible",6,"complete_case","none",NA,NA
"endpoint","none","lm","permutation",6.84840560151008,2.64265565316738,0.0028,18,4.87293665484493,0,20,4.87293665484493,1.4053959832827,1.4053959832827,1.29639209500315,12.400419108017,2.27871359706136,8.48035745749184,7,FALSE,"tdcs_PMC13257960","defensible",7,"complete_case","none",NA,NA
"change","none","lm","permutation",7.12588819600945,2.84774721353433,6e-04,18,5.42880968587854,0,20,4.87293665484493,1.46233959124515,1.31260600542792,1.14299331006017,13.1087830819587,2.45556029545378,10.7027498788283,8,FALSE,"tdcs_PMC13257960","defensible",8,"complete_case","none",NA,NA
"ancova","none","lm","permutation",6.93760669964839,2.74487581379566,0.002,17,4.83606339574562,0,20,4.87293665484493,1.42370139220887,1.43455660770525,1.1464249484844,12.7287884508124,2.37687544959407,8.96578428466209,9,FALSE,"tdcs_PMC13257960","defensible",9,"complete_case","none",NA,NA
"endpoint","none","lm","model",0.0739880818656998,0.0240507650193288,0.0065074718273602,18,0.0537791454940932,0,20,0.0537791454940932,1.37577644988476,1.37577644988476,0.0234592995519337,0.124516864179466,1.8791217989626,7.2636871238438,10,FALSE,"tdcs_PMC13257960","defensible",10,"complete_case","log",NA,NA
"change","none","lm","model",0.0766849317456259,0.0267792525781025,0.0103251059381961,18,0.0598802291512736,0,20,0.0537791454940932,1.4259232094725,1.28063858192491,0.0204238097831088,0.132946053708143,2.0923025624755,6.59769960563837,11,FALSE,"tdcs_PMC13257960","defensible",11,"complete_case","log",NA,NA
"ancova","none","lm","model",0.0748386503001523,0.0239482360100961,0.00616484942991185,17,0.0535211060609607,0,20,0.0537791454940932,1.39159240282782,1.39830163851455,0.0243122889044227,0.125365011695882,1.87903176711051,7.34171862594188,12,FALSE,"tdcs_PMC13257960","defensible",12,"complete_case","log",NA,NA
"endpoint","none","lm","hc3",0.0739880818656998,0.0253517323101942,0.00917201672731024,18,0.0537791454940932,0,20,0.0537791454940932,1.37577644988476,1.37577644988476,0.0207260686969219,0.127250095034478,1.98076829519829,6.76854529865032,13,FALSE,"tdcs_PMC13257960","defensible",13,"complete_case","log",NA,NA
"change","none","lm","hc3",0.0766849317456259,0.0282278107279133,0.0141423986896694,18,0.0598802291512736,0,20,0.0537791454940932,1.4259232094725,1.28063858192491,0.0173805020396004,0.135989361451651,2.20548055054311,6.14382935363023,14,FALSE,"tdcs_PMC13257960","defensible",14,"complete_case","log",NA,NA
"ancova","none","lm","hc3",0.0748386503001523,0.0261790380559625,0.0108719889050956,17,0.0535211060609607,0,20,0.0537791454940932,1.39159240282782,1.39830163851455,0.0196057079969915,0.130071592603313,2.05406544844515,6.52324030083159,15,FALSE,"tdcs_PMC13257960","defensible",15,"complete_case","log",NA,NA
"endpoint","none","lm","permutation",0.0739880818656998,0.0291834325516109,0.0022,18,0.0537791454940932,0,20,0.0537791454940932,1.37577644988476,1.37577644988476,0.0126759652081328,0.135300198523267,2.2801446952816,8.82828076091215,16,FALSE,"tdcs_PMC13257960","defensible",16,"complete_case","log",NA,NA
"change","none","lm","permutation",0.0766849317456259,0.0316142369603781,2e-04,18,0.0598802291512736,0,20,0.0537791454940932,1.4259232094725,1.28063858192491,0.0102658845301648,0.143103978961087,2.47006703454432,12.2877123795494,17,FALSE,"tdcs_PMC13257960","defensible",17,"complete_case","log",NA,NA
"ancova","none","lm","permutation",0.0748386503001523,0.0298273666861995,0.0014,17,0.0535211060609607,0,20,0.0537791454940932,1.39159240282782,1.39830163851455,0.0119084074198621,0.137768893180442,2.34032141277522,9.48035745749184,18,FALSE,"tdcs_PMC13257960","defensible",18,"complete_case","log",NA,NA
"ancova","none","lm","model",6.93760669964839,2.16419497238068,0.00518437358761497,17,4.83606339574562,0,20,4.87293665484493,1.42370139220887,1.43455660770525,2.37155443345109,11.5036589658457,1.87404540202979,7.59161460162865,1,FALSE,"tdcs_PMC13257960","strict",1,NA,NA,NA,NA
"ancova","none","lm","hc3",6.93760669964839,2.36061871869226,0.00917340142901926,17,4.83606339574562,0,20,4.87293665484493,1.42370139220887,1.43455660770525,1.95713655362654,11.9180768456702,2.04413498421737,6.76832751105066,2,FALSE,"tdcs_PMC13257960","strict",2,NA,NA,NA,NA
"ancova","none","lm","permutation",6.93760669964839,2.7342931045179,0.0016,17,4.83606339574562,0,20,4.87293665484493,1.42370139220887,1.43455660770525,1.1687525133743,12.7064608859225,2.36771154434704,9.28771237954945,3,FALSE,"tdcs_PMC13257960","strict",3,NA,NA,NA,NA
"endpoint","none","lm","model",6.84840560151008,2.17924352205674,0.00562941428061229,18,4.87293665484493,0,20,4.87293665484493,1.4053959832827,1.4053959832827,2.26998485496857,11.4268263480516,1.8791217989626,7.47279946154215,1,FALSE,"tdcs_PMC13257960","outlier_arm",1,NA,NA,"none","pooled"
"change","none","lm","model",7.12588819600945,2.42783749890674,0.00884813138887453,18,5.42880968587854,0,20,4.87293665484493,1.46233959124515,1.31260600542792,2.02519088443261,12.2265855075863,2.0934798347955,6.82041147586723,2,FALSE,"tdcs_PMC13257960","outlier_arm",2,NA,NA,"none","pooled"
"ancova","none","lm","model",6.93760669964839,2.16419497238068,0.00518437358761497,17,4.83606339574562,0,20,4.87293665484493,1.42370139220887,1.43455660770525,2.37155443345109,11.5036589658457,1.87404540202979,7.59161460162865,3,FALSE,"tdcs_PMC13257960","outlier_arm",3,NA,NA,"none","pooled"
"endpoint","none","lm","model",5.95496762355309,1.73771097164108,0.00300683626047522,18,3.88563985783667,0,20,4.87293665484493,1.22204905282985,1.53255778750131,2.30417234366366,9.60576290344251,1.4983963628009,8.37753797765214,4,FALSE,"tdcs_PMC13257960","outlier_arm",4,NA,NA,"iqr15_winsor","pooled"
"change","none","lm","model",6.2238958981209,1.91344959134367,0.00441895126501958,18,4.27860335776364,0,20,4.87293665484493,1.27723718549322,1.45465596543963,2.20388747877677,10.243904317465,1.64993255775128,7.82208026442987,5,FALSE,"tdcs_PMC13257960","outlier_arm",5,NA,NA,"iqr15_winsor","pooled"
"ancova","none","lm","model",6.05579674086929,1.67924853071975,0.00217912292487928,17,3.75197657016325,0,20,4.87293665484493,1.24274070643793,1.61402840013092,2.51289203170304,9.59870145003553,1.45411482238075,8.84203670311802,6,FALSE,"tdcs_PMC13257960","outlier_arm",6,NA,NA,"iqr15_winsor","pooled"
"endpoint","none","lm","model",1.87066137234806,0.455101452481715,0.000656806900754658,18,1.017637784408,0,20,4.87293665484493,0.383887890372666,1.83823891074985,0.914528700283514,2.8267940444126,0.3924256520404,10.5722430946502,7,FALSE,"tdcs_PMC13257960","outlier_arm",7,NA,NA,"mad_winsor","pooled"
"change","none","lm","model",2.13958964691587,1.61882093730917,0.202822362442248,18,3.61979365922323,0,20,4.87293665484493,0.439076023036042,0.591080555507411,-1.26142693948062,5.54060623331235,1.39587966242698,2.30171136756626,8,FALSE,"tdcs_PMC13257960","outlier_arm",8,NA,NA,"mad_winsor","pooled"
"ancova","none","lm","model",1.89673558840763,0.43560757359962,0.000431585837680842,17,0.973395232594215,0,20,4.87293665484493,0.389238712249992,1.94857702698276,0.977683943804976,2.81578723301028,0.377206481306865,11.1780648554159,9,FALSE,"tdcs_PMC13257960","outlier_arm",9,NA,NA,"mad_winsor","pooled"
"endpoint","none","lm","hc3",6.84840560151008,2.29712436862223,0.00800426981317357,18,4.87293665484493,0,20,4.87293665484493,1.4053959832827,1.4053959832827,2.02232638629686,11.6744848167233,1.98076829519829,6.96501448528866,10,FALSE,"tdcs_PMC13257960","outlier_arm",10,NA,NA,"none","pooled"
"change","none","lm","hc3",7.12588819600945,2.55916542843728,0.0122373090257741,18,5.42880968587854,0,20,4.87293665484493,1.46233959124515,1.31260600542792,1.74928114278266,12.5024952492362,2.20672150452893,6.3525698443252,11,FALSE,"tdcs_PMC13257960","outlier_arm",11,NA,NA,"none","pooled"
"ancova","none","lm","hc3",6.93760669964839,2.36061871869226,0.00917340142901926,17,4.83606339574562,0,20,4.87293665484493,1.42370139220887,1.43455660770525,1.95713655362654,11.9180768456702,2.04413498421737,6.76832751105066,12,FALSE,"tdcs_PMC13257960","outlier_arm",12,NA,NA,"none","pooled"
"endpoint","none","lm","hc3",5.95496762355309,1.83170819515003,0.0044351777556529,18,3.88563985783667,0,20,4.87293665484493,1.22204905282985,1.53255778750131,2.10669150507226,9.80324374203391,1.57944844805428,7.81679235779982,13,FALSE,"tdcs_PMC13257960","outlier_arm",13,NA,NA,"iqr15_winsor","pooled"
"change","none","lm","hc3",6.2238958981209,2.01695296552147,0.00637431216758522,18,4.27860335776364,0,20,4.87293665484493,1.27723718549322,1.45465596543963,1.98643495872732,10.4613568375145,1.73918162272045,7.29351461107516,14,FALSE,"tdcs_PMC13257960","outlier_arm",14,NA,NA,"iqr15_winsor","pooled"
"ancova","none","lm","hc3",6.05579674086929,1.82509027153859,0.0040681266111578,17,3.75197657016325,0,20,4.87293665484493,1.24274070643793,1.61402840013092,2.20519285502513,9.90640062671344,1.58040383390401,7.94141970417685,15,FALSE,"tdcs_PMC13257960","outlier_arm",15,NA,NA,"iqr15_winsor","pooled"
"endpoint","none","lm","hc3",1.87066137234806,0.479719052097703,0.00105060151802612,18,1.017637784408,0,20,4.87293665484493,0.383887890372666,1.83823891074985,0.862809042672456,2.87851370202366,0.413652957574789,9.8945687104888,16,FALSE,"tdcs_PMC13257960","outlier_arm",16,NA,NA,"mad_winsor","pooled"
"change","none","lm","hc3",2.13958964691587,1.70638709528854,0.225929581528278,18,3.61979365922323,0,20,4.87293665484493,0.439076023036042,0.591080555507411,-1.44539661075871,5.72457590459044,1.47138635759207,2.14605491609919,17,FALSE,"tdcs_PMC13257960","outlier_arm",17,NA,NA,"mad_winsor","pooled"
"ancova","none","lm","hc3",1.89673558840763,0.467765569489879,0.000823290867928121,17,0.973395232594215,0,20,4.87293665484493,0.389238712249992,1.94857702698276,0.909836503123809,2.88363467369145,0.405053114861483,10.2463101559735,18,FALSE,"tdcs_PMC13257960","outlier_arm",18,NA,NA,"mad_winsor","pooled"
"endpoint","none","lm","permutation",6.84840560151008,2.64265565316738,0.0028,18,4.87293665484493,0,20,4.87293665484493,1.4053959832827,1.4053959832827,1.29639209500315,12.400419108017,2.27871359706136,8.48035745749184,19,FALSE,"tdcs_PMC13257960","outlier_arm",19,NA,NA,"none","pooled"
"change","none","lm","permutation",7.12588819600945,2.84774721353433,6e-04,18,5.42880968587854,0,20,4.87293665484493,1.46233959124515,1.31260600542792,1.14299331006017,13.1087830819587,2.45556029545378,10.7027498788283,20,FALSE,"tdcs_PMC13257960","outlier_arm",20,NA,NA,"none","pooled"
"ancova","none","lm","permutation",6.93760669964839,2.74487581379566,0.002,17,4.83606339574562,0,20,4.87293665484493,1.42370139220887,1.43455660770525,1.1464249484844,12.7287884508124,2.37687544959407,8.96578428466209,21,FALSE,"tdcs_PMC13257960","outlier_arm",21,NA,NA,"none","pooled"
"endpoint","none","lm","permutation",5.95496762355309,2.18932515571568,0.0022,18,3.88563985783667,0,20,4.87293665484493,1.22204905282985,1.53255778750131,1.35536615065586,10.5545690964503,1.88781500712678,8.82828076091215,22,FALSE,"tdcs_PMC13257960","outlier_arm",22,NA,NA,"iqr15_winsor","pooled"
"change","none","lm","permutation",6.2238958981209,2.36521984769418,2e-04,18,4.27860335776364,0,20,4.87293665484493,1.27723718549322,1.45465596543963,1.25475339008463,11.1930384061572,2.03948578034384,12.2877123795494,23,FALSE,"tdcs_PMC13257960","outlier_arm",23,NA,NA,"iqr15_winsor","pooled"
"ancova","none","lm","permutation",6.05579674086929,2.21542209323709,8e-04,17,3.75197657016325,0,20,4.87293665484493,1.24274070643793,1.61402840013092,1.38166469708158,10.729928784657,1.9184045986481,10.2877123795494,24,FALSE,"tdcs_PMC13257960","outlier_arm",24,NA,NA,"iqr15_winsor","pooled"
"endpoint","none","lm","permutation",1.87066137234806,0.618183907589126,0.0022,18,1.017637784408,0,20,4.87293665484493,0.383887890372666,1.83823891074985,0.571905175971735,3.16941756872438,0.533048667925955,8.82828076091215,25,FALSE,"tdcs_PMC13257960","outlier_arm",25,NA,NA,"mad_winsor","pooled"
"change","none","lm","permutation",2.13958964691587,1.62564275507162,0.1978,18,3.61979365922323,0,20,4.87293665484493,0.439076023036042,0.591080555507411,-1.27575904677226,5.55493834060399,1.40176199101312,2.33788566879034,26,FALSE,"tdcs_PMC13257960","outlier_arm",26,NA,NA,"mad_winsor","pooled"
"ancova","none","lm","permutation",1.89673558840763,0.635602053876063,0.0026,17,0.973395232594215,0,20,4.87293665484493,0.389238712249992,1.94857702698276,0.55573247383706,3.23773870297819,0.550388075838117,8.58727266140836,27,FALSE,"tdcs_PMC13257960","outlier_arm",27,NA,NA,"mad_winsor","pooled"
"endpoint","none","lm","model",6.84840560151008,2.17924352205674,0.00562941428061229,18,4.87293665484493,0,20,4.87293665484493,1.4053959832827,1.4053959832827,2.26998485496857,11.4268263480516,1.8791217989626,7.47279946154215,1,TRUE,"tdcs_PMC13257960","outlier_arm",28,NA,NA,"iqr15_winsor","armwise"
"change","none","lm","model",6.71635612142305,2.28610057403838,0.00879401695388927,18,5.11187628695112,0,20,4.87293665484493,1.37829744097849,1.3138729782189,1.91343703921812,11.519275203628,1.97126267891441,6.82926197075283,28,FALSE,"tdcs_PMC13257960","outlier_arm",29,NA,NA,"iqr15_winsor","armwise"
"ancova","none","lm","model",6.79470276524376,2.14066600635801,0.00554806233964421,17,4.7857681518174,0,20,4.87293665484493,1.39437535238389,1.41977265711534,2.2782922780914,11.3111132523961,1.85367092045488,7.49380028636786,29,FALSE,"tdcs_PMC13257960","outlier_arm",30,NA,NA,"iqr15_winsor","armwise"
"endpoint","none","lm","model",6.84840560151008,2.17924352205674,0.00562941428061229,18,4.87293665484493,0,20,4.87293665484493,1.4053959832827,1.4053959832827,2.26998485496857,11.4268263480516,1.8791217989626,7.47279946154215,1,TRUE,"tdcs_PMC13257960","outlier_arm",31,NA,NA,"mad_winsor","armwise"
"change","none","lm","model",6.96763246889703,2.36567952373019,0.00865437634114016,18,5.28982022804004,0,20,4.87293665484493,1.42986313232072,1.3171775539674,1.99752421734534,11.9377407204487,2.03988215057552,6.8523544260133,30,FALSE,"tdcs_PMC13257960","outlier_arm",32,NA,NA,"mad_winsor","armwise"
"ancova","none","lm","model",6.89069793479815,2.1543418163515,0.00526433278884338,17,4.81660262108751,0,20,4.87293665484493,1.41407500710009,1.43061374933238,2.34543401068203,11.4359618589143,1.86551324019243,7.56953359163028,31,FALSE,"tdcs_PMC13257960","outlier_arm",33,NA,NA,"mad_winsor","armwise"
"endpoint","none","lm","hc3",6.84840560151008,2.29712436862223,0.00800426981317357,18,4.87293665484493,0,20,4.87293665484493,1.4053959832827,1.4053959832827,2.02232638629686,11.6744848167233,1.98076829519829,6.96501448528866,10,TRUE,"tdcs_PMC13257960","outlier_arm",34,NA,NA,"iqr15_winsor","armwise"
"change","none","lm","hc3",6.71635612142305,2.40976159139323,0.0121671186059,18,5.11187628695112,0,20,4.87293665484493,1.37829744097849,1.3138729782189,1.65363488233869,11.7790773605074,2.07789331061824,6.36086863759517,32,FALSE,"tdcs_PMC13257960","outlier_arm",35,NA,NA,"iqr15_winsor","armwise"
"ancova","none","lm","hc3",6.79470276524376,2.40925223797095,0.0117915456721745,17,4.7857681518174,0,20,4.87293665484493,1.39437535238389,1.41977265711534,1.71162486264286,11.8777806678447,2.08624829856839,6.40610334614566,33,FALSE,"tdcs_PMC13257960","outlier_arm",36,NA,NA,"iqr15_winsor","armwise"
"endpoint","none","lm","hc3",6.84840560151008,2.29712436862223,0.00800426981317357,18,4.87293665484493,0,20,4.87293665484493,1.4053959832827,1.4053959832827,2.02232638629686,11.6744848167233,1.98076829519829,6.96501448528866,10,TRUE,"tdcs_PMC13257960","outlier_arm",37,NA,NA,"mad_winsor","armwise"
"change","none","lm","hc3",6.96763246889703,2.49364516966992,0.0119858590457434,18,5.28982022804004,0,20,4.87293665484493,1.42986313232072,1.3171775539674,1.72867837139689,12.2065865663972,2.15022458471374,6.38252287681438,34,FALSE,"tdcs_PMC13257960","outlier_arm",38,NA,NA,"mad_winsor","armwise"
"ancova","none","lm","hc3",6.89069793479815,2.3741681603216,0.00991280180767779,17,4.81660262108751,0,20,4.87293665484493,1.41407500710009,1.43061374933238,1.88164096575578,11.8997549038405,2.0558678775609,6.65649139851769,35,FALSE,"tdcs_PMC13257960","outlier_arm",39,NA,NA,"mad_winsor","armwise"
"endpoint","none","lm","permutation",6.84840560151008,2.6633919891745,0.0026,18,4.87293665484493,0,20,4.87293665484493,1.4053959832827,1.4053959832827,1.25282666965195,12.4439845333682,2.29659416003067,8.58727266140836,36,FALSE,"tdcs_PMC13257960","outlier_arm",40,NA,NA,"iqr15_winsor","armwise"
"change","none","lm","permutation",6.71635612142305,2.72541858652241,8e-04,18,5.11187628695112,0,20,4.87293665484493,1.37829744097849,1.3138729782189,0.990464144115539,12.4422480987306,2.35007855955383,10.2877123795494,37,FALSE,"tdcs_PMC13257960","outlier_arm",41,NA,NA,"iqr15_winsor","armwise"
"ancova","none","lm","permutation",6.79470276524376,2.66227191434389,6e-04,17,4.7857681518174,0,20,4.87293665484493,1.39437535238389,1.41977265711534,1.1778000079329,12.4116055225546,2.30534610037511,10.7027498788283,38,FALSE,"tdcs_PMC13257960","outlier_arm",42,NA,NA,"iqr15_winsor","armwise"
"endpoint","none","lm","permutation",6.84840560151008,2.64718811499351,0.0024,18,4.87293665484493,0,20,4.87293665484493,1.4053959832827,1.4053959832827,1.28686974605609,12.4099414569641,2.28262185592929,8.70274987882829,39,FALSE,"tdcs_PMC13257960","outlier_arm",43,NA,NA,"mad_winsor","armwise"
"change","none","lm","permutation",6.96763246889703,2.77191263583828,2e-04,18,5.28982022804004,0,20,4.87293665484493,1.42986313232072,1.3171775539674,1.14406011864176,12.7912048191523,2.3901695272255,12.2877123795494,40,FALSE,"tdcs_PMC13257960","outlier_arm",44,NA,NA,"mad_winsor","armwise"
"ancova","none","lm","permutation",6.89069793479815,2.76156174319327,0.0014,17,4.81660262108751,0,20,4.87293665484493,1.41407500710009,1.43061374933238,1.06431194986045,12.7170839197359,2.39132432765971,9.48035745749184,41,FALSE,"tdcs_PMC13257960","outlier_arm",45,NA,NA,"mad_winsor","armwise"
"endpoint","none","lm","model",0.605990783410141,3.53358180274586,0.8644421313578,57,13.5534234274447,0,59,13.5534234274447,0.0447112706729914,0.0447112706729915,-6.46988472416769,7.68186629098797,1.04414586402572,0.210158706609747,1,FALSE,"etip_PMC6886967","principled",1,NA,NA,NA,NA
"change","none","lm","model",3.43681318681318,3.40173497811517,0.317024094907512,52,12.49019691676,0,59,13.5534234274447,0.25357528341171,0.275160848921563,-3.38926743868822,10.2628938123146,1.00728508366072,1.65733560063452,2,FALSE,"etip_PMC6886967","principled",2,NA,NA,NA,NA
"ancova","none","lm","model",2.59675765219028,3.17355824208735,0.417022409471116,51,11.6079617460133,0,59,13.5534234274447,0.191594224595097,0.223704876791321,-3.77442636877633,8.96794167315689,0.940158632993852,1.26180318324578,3,FALSE,"etip_PMC6886967","principled",3,NA,NA,NA,NA
"endpoint","none","lm","hc3",0.605990783410141,3.65076691862743,0.868752198961849,57,13.5534234274447,0,59,13.5534234274447,0.0447112706729914,0.0447112706729915,-6.70454387106355,7.91652543788384,1.07877315183268,0.202983370448931,4,FALSE,"etip_PMC6886967","principled",4,NA,NA,NA,NA
"change","none","lm","hc3",3.43681318681318,3.49269969377653,0.329672377138636,52,12.49019691676,0,59,13.5534234274447,0.25357528341171,0.275160848921563,-3.57180149474343,10.4454278683698,1.03422057446603,1.60089508453847,5,FALSE,"etip_PMC6886967","principled",5,NA,NA,NA,NA
"ancova","none","lm","hc3",2.59675765219028,3.49729671425017,0.461188202249953,51,11.6079617460133,0,59,13.5534234274447,0.191594224595097,0.223704876791321,-4.42435847131727,9.61787377569783,1.03606533966766,1.11657248730355,6,FALSE,"etip_PMC6886967","principled",6,NA,NA,NA,NA
"endpoint","none","lm","permutation",0.605990783410141,3.54239105646265,0.8624,57,13.5534234274447,0,59,13.5534234274447,0.0447112706729914,0.0447112706729915,-6.48752495045768,7.69950651727797,1.04674892979496,0.213570916796944,7,FALSE,"etip_PMC6886967","principled",7,NA,NA,NA,NA
"change","none","lm","permutation",3.43681318681318,3.41339300015387,0.3198,52,12.49019691676,0,59,13.5534234274447,0.25357528341171,0.275160848921563,-3.4126609713655,10.2862873449919,1.01073713144814,1.64475815606912,8,FALSE,"etip_PMC6886967","principled",8,NA,NA,NA,NA
"ancova","none","lm","permutation",2.59675765219028,3.20442180217539,0.4268,51,11.6079617460133,0,59,13.5534234274447,0.191594224595097,0.223704876791321,-3.83638755110325,9.02990285548381,0.949301884904872,1.22836791872502,9,FALSE,"etip_PMC6886967","principled",9,NA,NA,NA,NA
"endpoint","none","lm","model",0.605990783410141,3.53358180274586,0.8644421313578,57,13.5534234274447,0,59,13.5534234274447,0.0447112706729914,0.0447112706729915,-6.46988472416769,7.68186629098797,1.04414586402572,0.210158706609747,1,FALSE,"etip_PMC6886967","defensible",1,"complete_case","none",NA,NA
"change","none","lm","model",3.43681318681318,3.40173497811517,0.317024094907512,52,12.49019691676,0,59,13.5534234274447,0.25357528341171,0.275160848921563,-3.38926743868822,10.2628938123146,1.00728508366072,1.65733560063452,2,FALSE,"etip_PMC6886967","defensible",2,"complete_case","none",NA,NA
"ancova","none","lm","model",2.59675765219028,3.17355824208735,0.417022409471116,51,11.6079617460133,0,59,13.5534234274447,0.191594224595097,0.223704876791321,-3.77442636877633,8.96794167315689,0.940158632993852,1.26180318324578,3,FALSE,"etip_PMC6886967","defensible",3,"complete_case","none",NA,NA
"endpoint","none","lm","hc3",0.605990783410141,3.65076691862743,0.868752198961849,57,13.5534234274447,0,59,13.5534234274447,0.0447112706729914,0.0447112706729915,-6.70454387106355,7.91652543788384,1.07877315183268,0.202983370448931,4,FALSE,"etip_PMC6886967","defensible",4,"complete_case","none",NA,NA
"change","none","lm","hc3",3.43681318681318,3.49269969377653,0.329672377138636,52,12.49019691676,0,59,13.5534234274447,0.25357528341171,0.275160848921563,-3.57180149474343,10.4454278683698,1.03422057446603,1.60089508453847,5,FALSE,"etip_PMC6886967","defensible",5,"complete_case","none",NA,NA
"ancova","none","lm","hc3",2.59675765219028,3.49729671425017,0.461188202249953,51,11.6079617460133,0,59,13.5534234274447,0.191594224595097,0.223704876791321,-4.42435847131727,9.61787377569783,1.03606533966766,1.11657248730355,6,FALSE,"etip_PMC6886967","defensible",6,"complete_case","none",NA,NA
"endpoint","none","lm","permutation",0.605990783410141,3.54239105646265,0.8624,57,13.5534234274447,0,59,13.5534234274447,0.0447112706729914,0.0447112706729915,-6.48752495045768,7.69950651727797,1.04674892979496,0.213570916796944,7,FALSE,"etip_PMC6886967","defensible",7,"complete_case","none",NA,NA
"change","none","lm","permutation",3.43681318681318,3.41339300015387,0.3198,52,12.49019691676,0,59,13.5534234274447,0.25357528341171,0.275160848921563,-3.4126609713655,10.2862873449919,1.01073713144814,1.64475815606912,8,FALSE,"etip_PMC6886967","defensible",8,"complete_case","none",NA,NA
"ancova","none","lm","permutation",2.59675765219028,3.20442180217539,0.4268,51,11.6079617460133,0,59,13.5534234274447,0.191594224595097,0.223704876791321,-3.83638755110325,9.02990285548381,0.949301884904872,1.22836791872502,9,FALSE,"etip_PMC6886967","defensible",9,"complete_case","none",NA,NA
"endpoint","none","lm","model",2.82342995169082,3.42620899385508,0.414079400965242,46.8171349784096,13.6237554132685,0,91,13.5534234274447,0.208318582150513,0.207243147432096,-4.06992423516857,9.71678413855021,1.01721225250011,1.27202065954124,10,FALSE,"etip_PMC6886967","defensible",10,"mi","none",NA,NA
"change","none","lm","model",2.72673913043478,3.2788078632201,0.410409078316086,41.2490683119831,12.5753320118323,0,91,13.5534234274447,0.2011845306119,0.216832376900201,-3.89373365131781,9.34721191218738,0.976944727978709,1.28486545093864,11,FALSE,"etip_PMC6886967","defensible",11,"mi","none",NA,NA
"ancova","none","lm","model",2.76766105679451,3.07176461942022,0.373280910979099,37.8817276564526,11.5147274808164,0,91,13.5534234274447,0.204203836145944,0.24035836379154,-3.45143895400545,8.98676106759448,0.917716478658338,1.42166636160117,12,FALSE,"etip_PMC6886967","defensible",12,"mi","none",NA,NA
"endpoint","none","lm","hc3",2.82342995169082,3.44856556062583,0.417048873405261,47.2984818478876,13.6237554132685,0,91,13.5534234274447,0.208318582150513,0.207243147432096,-4.11303359933851,9.75989350272015,1.02357365106494,1.26171163378868,13,FALSE,"etip_PMC6886967","defensible",13,"mi","none",NA,NA
"change","none","lm","hc3",2.72673913043478,3.30688412230452,0.414287842243485,41.9057131136739,12.5753320118323,0,91,13.5534234274447,0.2011845306119,0.216832376900201,-3.94726808852146,9.40074634939102,0.984844494040063,1.27129461150578,14,FALSE,"etip_PMC6886967","defensible",14,"mi","none",NA,NA
"ancova","none","lm","hc3",2.76766105679451,3.11823119009383,0.380206243534887,39.0354307145457,11.5147274808164,0,91,13.5534234274447,0.204203836145944,0.24035836379154,-3.53937382643459,9.07469594002362,0.930692517206809,1.39514587157301,15,FALSE,"etip_PMC6886967","defensible",15,"mi","none",NA,NA
"endpoint","none","lm","model",2.2436575052854,2.83659975738944,0.431164590907951,85,13.2281466557969,0,87,13.5534234274447,0.165541755357702,0.169612385141056,-3.3962627586897,7.88357776926049,0.832250286308429,1.21368939225864,16,FALSE,"etip_PMC6886967","defensible",16,"locf","none",NA,NA
"change","none","lm","model",2.36004784688995,2.24479769923655,0.296267418282966,80,10.1365092008987,0,87,13.5534234274447,0.174129278814608,0.232826488894294,-2.10724194247684,6.82733763625675,0.659212015810097,1.75502811882841,17,FALSE,"etip_PMC6886967","defensible",17,"locf","none",NA,NA
"ancova","none","lm","model",2.48610832049649,2.13317102974309,0.247342946962052,79,9.63070490252757,0,87,13.5534234274447,0.183430284887456,0.258143962010923,-1.75986240411246,6.73207904510544,0.626553246467779,2.01541533356728,18,FALSE,"etip_PMC6886967","defensible",18,"locf","none",NA,NA
"endpoint","none","lm","hc3",2.2436575052854,2.86561225446224,0.435827081440585,85,13.2281466557969,0,87,13.5534234274447,0.165541755357702,0.169612385141056,-3.45394737553533,7.94126238610612,0.84076247028238,1.19817224940616,19,FALSE,"etip_PMC6886967","defensible",19,"locf","none",NA,NA
"change","none","lm","hc3",2.36004784688995,2.31423993116123,0.310900316457211,80,10.1365092008987,0,87,13.5534234274447,0.174129278814608,0.232826488894294,-2.24543638812041,6.96553208190031,0.679604567755864,1.6854760097265,20,FALSE,"etip_PMC6886967","defensible",20,"locf","none",NA,NA
"ancova","none","lm","hc3",2.48610832049649,2.22781433984586,0.267830515634993,79,9.63070490252757,0,87,13.5534234274447,0.183430284887456,0.258143962010923,-1.94824520060341,6.92046184159638,0.654351801939673,1.90060774943362,21,FALSE,"etip_PMC6886967","defensible",21,"locf","none",NA,NA
"endpoint","none","lm","permutation",2.2436575052854,2.80324665475465,0.4376,85,13.2281466557969,0,87,13.5534234274447,0.165541755357702,0.169612385141056,-3.32994785510615,7.81726286567694,0.822464581030563,1.19231535675689,22,FALSE,"etip_PMC6886967","defensible",22,"locf","none",NA,NA
"change","none","lm","permutation",2.36004784688995,2.23019892107125,0.2944,80,10.1365092008987,0,87,13.5534234274447,0.174129278814608,0.232826488894294,-2.07818944805508,6.79828514183499,0.654924907895659,1.76415042349244,23,FALSE,"etip_PMC6886967","defensible",23,"locf","none",NA,NA
"ancova","none","lm","permutation",2.48610832049649,2.15514827733415,0.2524,79,9.63070490252757,0,87,13.5534234274447,0.183430284887456,0.258143962010923,-1.80360702120037,6.77582366219335,0.633008385617247,1.9862161845669,24,FALSE,"etip_PMC6886967","defensible",24,"locf","none",NA,NA
"endpoint","none","lm","model",-0.00309147093492193,0.0499968546411341,0.950911888662489,57,0.191768177112844,0,59,0.191768177112845,-0.0161208756398762,-0.0161208756398763,-0.103208445426986,0.0970255035571423,1.04414586402572,0.0726164274911638,25,FALSE,"etip_PMC6886967","defensible",25,"complete_case","log",NA,NA
"change","none","lm","model",0.0246737259350826,0.0534909189689421,0.646529004877852,52,0.196403339907075,0,59,0.191768177112845,0.128664339967958,0.125627832738265,-0.0826636557137587,0.132011107583924,1.11944936083612,0.629213000559821,26,FALSE,"etip_PMC6886967","defensible",26,"complete_case","log",NA,NA
"ancova","none","lm","model",0.0153866785261383,0.0471070712518576,0.745282943141852,51,0.172756194193406,0,59,0.191768177112845,0.0802358282682332,0.0890658572213766,-0.0791847131862027,0.109958070238479,0.986309544536069,0.424139852974214,27,FALSE,"etip_PMC6886967","defensible",27,"complete_case","log",NA,NA
"endpoint","none","lm","hc3",-0.00309147093492193,0.0518021737714489,0.952620519232017,57,0.191768177112844,0,59,0.191768177112845,-0.0161208756398762,-0.0161208756398763,-0.106823534628439,0.100640592758595,1.08184856585956,0.0700264705236067,28,FALSE,"etip_PMC6886967","defensible",28,"complete_case","log",NA,NA
"change","none","lm","hc3",0.0246737259350826,0.0551527989643868,0.656465749207614,52,0.196403339907075,0,59,0.191768177112845,0.128664339967958,0.125627832738265,-0.0859984618970136,0.135345913767179,1.15422891846098,0.607208353742332,29,FALSE,"etip_PMC6886967","defensible",29,"complete_case","log",NA,NA
"ancova","none","lm","hc3",0.0153866785261383,0.0566875183439842,0.787156225713358,51,0.172756194193406,0,59,0.191768177112845,0.0802358282682332,0.0890658572213766,-0.0984182632807255,0.129191620333002,1.18690122125837,0.345278101220135,30,FALSE,"etip_PMC6886967","defensible",30,"complete_case","log",NA,NA
"endpoint","none","lm","permutation",-0.00309147093492193,0.0487544153463463,0.9518,57,0.191768177112844,0,59,0.191768177112845,-0.0161208756398762,-0.0161208756398763,-0.100720503653908,0.0945375617840639,1.01819847472959,0.0712696403889573,31,FALSE,"etip_PMC6886967","defensible",31,"complete_case","log",NA,NA
"change","none","lm","permutation",0.0246737259350826,0.0530471267214989,0.6574,52,0.196403339907075,0,59,0.191768177112845,0.128664339967958,0.125627832738265,-0.0817731214183156,0.131120573288481,1.11016174796051,0.605156638469139,32,FALSE,"etip_PMC6886967","defensible",32,"complete_case","log",NA,NA
"ancova","none","lm","permutation",0.0153866785261383,0.0470438547397539,0.7362,51,0.172756194193406,0,59,0.191768177112845,0.0802358282682332,0.0890658572213766,-0.0790578007424872,0.109831157794764,0.984985941781678,0.441830345165388,33,FALSE,"etip_PMC6886967","defensible",33,"complete_case","log",NA,NA
"endpoint","none","lm","model",0.0192649588534239,0.0476776054309007,0.687812872834246,52.2359192018264,0.195107956479562,0,91,0.191768177112845,0.100459623402936,0.0987399960567059,-0.0763968717849378,0.114926789491786,0.997682014592756,0.539911977859037,34,FALSE,"etip_PMC6886967","defensible",34,"mi","log",NA,NA
"change","none","lm","model",0.00725795090963061,0.0469065172533237,0.877668331100283,48.9750019301305,0.188821080584999,0,91,0.191768177112845,0.0378475251676388,0.0384382447507677,-0.0870054416491618,0.101521343468423,0.983097341571158,0.188252243369257,35,FALSE,"etip_PMC6886967","defensible",35,"mi","log",NA,NA
"ancova","none","lm","model",0.0131258851150124,0.0427996870826391,0.760509074990683,44.7187330935195,0.168231482214243,0,91,0.191768177112845,0.0684466281769395,0.0780227632916919,-0.073092076968813,0.0993438471988377,0.899189462838674,0.39496263146627,36,FALSE,"etip_PMC6886967","defensible",36,"mi","log",NA,NA
"endpoint","none","lm","hc3",0.0192649588534239,0.0480113927509379,0.689852038121111,52.7172207061023,0.195107956479562,0,91,0.191768177112845,0.100459623402936,0.0987399960567059,-0.0770457596774655,0.115575677384313,1.00444943452965,0.535641134097303,37,FALSE,"etip_PMC6886967","defensible",37,"mi","log",NA,NA
"change","none","lm","hc3",0.00725795090963061,0.0473702462447306,0.878847345930139,49.68477076543,0.188821080584999,0,91,0.191768177112845,0.0378475251676388,0.0384382447507677,-0.087902947937975,0.102418849757236,0.992457667171846,0.18631550107215,38,FALSE,"etip_PMC6886967","defensible",38,"mi","log",NA,NA
"ancova","none","lm","hc3",0.0131258851150124,0.043772371873823,0.765618620819752,46.3777021397384,0.168231482214243,0,91,0.191768177112845,0.0684466281769395,0.0780227632916919,-0.074963969791636,0.101215740021661,0.918711918034371,0.385302176456286,39,FALSE,"etip_PMC6886967","defensible",39,"mi","log",NA,NA
"endpoint","none","lm","model",0.026033777029865,0.0404500082135062,0.521565147490443,85,0.188633817471975,0,87,0.191768177112845,0.135756502574176,0.138012247107986,-0.0543916761582394,0.106459230217969,0.838777886914767,0.939080627202274,40,FALSE,"etip_PMC6886967","defensible",40,"locf","log",NA,NA
"change","none","lm","model",0.0175572892040912,0.035192126758142,0.619220186299559,80,0.158912011004119,0,87,0.191768177112845,0.0915547588156912,0.110484343462472,-0.0524772749734369,0.0875918533816194,0.730408613482483,0.691475591428991,41,FALSE,"etip_PMC6886967","defensible",41,"locf","log",NA,NA
"ancova","none","lm","model",0.023438442949159,0.0323303244795486,0.470613715465359,79,0.145838210194159,0,87,0.191768177112845,0.122222796827061,0.160715377115192,-0.0409134582079668,0.0877903441062848,0.671142648649764,1.08738472811709,42,FALSE,"etip_PMC6886967","defensible",42,"locf","log",NA,NA
"endpoint","none","lm","hc3",0.026033777029865,0.0408653138557092,0.525795989133835,85,0.188633817471975,0,87,0.191768177112845,0.135756502574176,0.138012247107986,-0.0552174150384258,0.107284969098156,0.847389731618287,0.927424958026108,43,FALSE,"etip_PMC6886967","defensible",43,"locf","log",NA,NA
"change","none","lm","hc3",0.0175572892040912,0.0365531085545394,0.632308752467225,80,0.158912011004119,0,87,0.191768177112845,0.0915547588156912,0.110484343462472,-0.0551857150634406,0.0903002934716231,0.758655636849765,0.661298905339603,44,FALSE,"etip_PMC6886967","defensible",44,"locf","log",NA,NA
"ancova","none","lm","hc3",0.023438442949159,0.0340857513951624,0.493698709398077,79,0.145838210194159,0,87,0.191768177112845,0.122222796827061,0.160715377115192,-0.0444075480811938,0.0912844339795118,0.707583417142556,1.01829722122303,45,FALSE,"etip_PMC6886967","defensible",45,"locf","log",NA,NA
"endpoint","none","lm","permutation",0.026033777029865,0.0399125476406857,0.5208,85,0.188633817471975,0,87,0.191768177112845,0.135756502574176,0.138012247107986,-0.0533230605497661,0.105390614609496,0.827633017890492,0.941198646383814,46,FALSE,"etip_PMC6886967","defensible",46,"locf","log",NA,NA
"change","none","lm","permutation",0.0175572892040912,0.0349130966256979,0.6316,80,0.158912011004119,0,87,0.191768177112845,0.0915547588156912,0.110484343462472,-0.0519219873134322,0.0870365657216147,0.724617374619344,0.662916923689212,47,FALSE,"etip_PMC6886967","defensible",47,"locf","log",NA,NA
"ancova","none","lm","permutation",0.023438442949159,0.0326013676380922,0.4784,79,0.145838210194159,0,87,0.191768177112845,0.122222796827061,0.160715377115192,-0.0414529561198713,0.0883298420181892,0.676769212139356,1.06371070535134,48,FALSE,"etip_PMC6886967","defensible",48,"locf","log",NA,NA
"ancova","none","lm","model",2.59675765219028,3.17355824208735,0.417022409471116,51,11.6079617460133,0,59,13.5534234274447,0.191594224595097,0.223704876791321,-3.77442636877633,8.96794167315689,0.940158632993852,1.26180318324578,1,FALSE,"etip_PMC6886967","strict",1,NA,NA,NA,NA
"ancova","none","lm","hc3",2.59675765219028,3.49729671425017,0.461188202249953,51,11.6079617460133,0,59,13.5534234274447,0.191594224595097,0.223704876791321,-4.42435847131727,9.61787377569783,1.03606533966766,1.11657248730355,2,FALSE,"etip_PMC6886967","strict",2,NA,NA,NA,NA
"ancova","none","lm","permutation",2.59675765219028,3.22823306828998,0.4296,51,11.6079617460133,0,59,13.5534234274447,0.191594224595097,0.223704876791321,-3.88419066250557,9.07770596688613,0.956355912495498,1.21893410156404,3,FALSE,"etip_PMC6886967","strict",3,NA,NA,NA,NA
"endpoint","none","lm","model",0.605990783410141,3.53358180274586,0.8644421313578,57,13.5534234274447,0,59,13.5534234274447,0.0447112706729914,0.0447112706729915,-6.46988472416769,7.68186629098797,1.04414586402572,0.210158706609747,1,FALSE,"etip_PMC6886967","outlier_arm",1,NA,NA,"none","pooled"
"change","none","lm","model",3.43681318681318,3.40173497811517,0.317024094907512,52,12.49019691676,0,59,13.5534234274447,0.25357528341171,0.275160848921563,-3.38926743868822,10.2628938123146,1.00728508366072,1.65733560063452,2,FALSE,"etip_PMC6886967","outlier_arm",2,NA,NA,"none","pooled"
"ancova","none","lm","model",2.59675765219028,3.17355824208735,0.417022409471116,51,11.6079617460133,0,59,13.5534234274447,0.191594224595097,0.223704876791321,-3.77442636877633,8.96794167315689,0.940158632993852,1.26180318324578,3,FALSE,"etip_PMC6886967","outlier_arm",3,NA,NA,"none","pooled"
"endpoint","none","lm","model",0.605990783410141,3.53358180274586,0.8644421313578,57,13.5534234274447,0,59,13.5534234274447,0.0447112706729914,0.0447112706729915,-6.46988472416769,7.68186629098797,1.04414586402572,0.210158706609747,1,TRUE,"etip_PMC6886967","outlier_arm",4,NA,NA,"sd3_winsor","pooled"
"change","none","lm","model",3.72943828294866,3.27508766526058,0.260035079547503,52,12.0251842433128,0,59,13.5534234274447,0.275165776596106,0.310135645948427,-2.84250591684343,10.3013824827408,0.969783646910108,1.94322183442054,4,FALSE,"etip_PMC6886967","outlier_arm",5,NA,NA,"sd3_winsor","pooled"
"ancova","none","lm","model",2.89606790785302,3.12642294481996,0.358642656452102,51,11.4180854918178,0,59,13.5534234274447,0.213677962867205,0.253638660345321,-3.38048805531057,9.17262387101661,0.926194919942372,1.47938100436091,5,FALSE,"etip_PMC6886967","outlier_arm",6,NA,NA,"sd3_winsor","pooled"
"endpoint","none","lm","model",0.605990783410141,3.53358180274586,0.8644421313578,57,13.5534234274447,0,59,13.5534234274447,0.0447112706729914,0.0447112706729915,-6.46988472416769,7.68186629098797,1.04414586402572,0.210158706609747,1,TRUE,"etip_PMC6886967","outlier_arm",7,NA,NA,"iqr15_winsor","pooled"
"change","none","lm","model",3.91758241758241,3.20412014573609,0.226967028256964,52,11.7646118297481,0,59,13.5534234274447,0.28904744535979,0.332997167630841,-2.51195503589271,10.3471198710575,0.948769510211832,2.13944536400175,6,FALSE,"etip_PMC6886967","outlier_arm",8,NA,NA,"iqr15_winsor","pooled"
"ancova","none","lm","model",3.10134808160265,3.09760151550048,0.321452411435291,51,11.2996949440994,0,59,13.5534234274447,0.228823964528597,0.274462991872374,-3.11734644782185,9.32004261102716,0.917656644126105,1.6373229214649,7,FALSE,"etip_PMC6886967","outlier_arm",9,NA,NA,"iqr15_winsor","pooled"
"endpoint","none","lm","model",0.605990783410141,3.53358180274586,0.8644421313578,57,13.5534234274447,0,59,13.5534234274447,0.0447112706729914,0.0447112706729915,-6.46988472416769,7.68186629098797,1.04414586402572,0.210158706609747,1,TRUE,"etip_PMC6886967","outlier_arm",10,NA,NA,"mad_winsor","pooled"
"change","none","lm","model",3.87595164835165,3.21907963148923,0.234020278971296,52,11.8195387785058,0,59,13.5534234274447,0.285975839912382,0.32792748693377,-2.58360420941536,10.3355075061187,0.953199151837446,2.09529454326806,8,FALSE,"etip_PMC6886967","outlier_arm",11,NA,NA,"mad_winsor","pooled"
"ancova","none","lm","model",3.05520779285447,3.10382305035294,0.329596770677059,51,11.3254374450469,0,59,13.5534234274447,0.225419637275399,0.269765102467689,-3.17597698896629,9.28639257467522,0.919499758150118,1.60122598753315,9,FALSE,"etip_PMC6886967","outlier_arm",12,NA,NA,"mad_winsor","pooled"
"endpoint","none","lm","hc3",0.605990783410141,3.65076691862743,0.868752198961849,57,13.5534234274447,0,59,13.5534234274447,0.0447112706729914,0.0447112706729915,-6.70454387106355,7.91652543788384,1.07877315183268,0.202983370448931,10,FALSE,"etip_PMC6886967","outlier_arm",13,NA,NA,"none","pooled"
"change","none","lm","hc3",3.43681318681318,3.49269969377653,0.329672377138636,52,12.49019691676,0,59,13.5534234274447,0.25357528341171,0.275160848921563,-3.57180149474343,10.4454278683698,1.03422057446603,1.60089508453847,11,FALSE,"etip_PMC6886967","outlier_arm",14,NA,NA,"none","pooled"
"ancova","none","lm","hc3",2.59675765219028,3.49729671425017,0.461188202249953,51,11.6079617460133,0,59,13.5534234274447,0.191594224595097,0.223704876791321,-4.42435847131727,9.61787377569783,1.03606533966766,1.11657248730355,12,FALSE,"etip_PMC6886967","outlier_arm",15,NA,NA,"none","pooled"
"endpoint","none","lm","hc3",0.605990783410141,3.65076691862743,0.868752198961849,57,13.5534234274447,0,59,13.5534234274447,0.0447112706729914,0.0447112706729915,-6.70454387106355,7.91652543788384,1.07877315183268,0.202983370448931,10,TRUE,"etip_PMC6886967","outlier_arm",16,NA,NA,"sd3_winsor","pooled"
"change","none","lm","hc3",3.72943828294866,3.35417266025656,0.271303929685596,52,12.0251842433128,0,59,13.5534234274447,0.275165776596106,0.310135645948427,-3.00120156938042,10.4600781352778,0.993201442921063,1.88201815048593,13,FALSE,"etip_PMC6886967","outlier_arm",17,NA,NA,"sd3_winsor","pooled"
"ancova","none","lm","hc3",2.89606790785302,3.32685724893998,0.38809998489161,51,11.4180854918178,0,59,13.5534234274447,0.213677962867205,0.253638660345321,-3.78287671127648,9.57501252698252,0.985573077515624,1.36549971792684,14,FALSE,"etip_PMC6886967","outlier_arm",18,NA,NA,"sd3_winsor","pooled"
"endpoint","none","lm","hc3",0.605990783410141,3.65076691862743,0.868752198961849,57,13.5534234274447,0,59,13.5534234274447,0.0447112706729914,0.0447112706729915,-6.70454387106355,7.91652543788384,1.07877315183268,0.202983370448931,10,TRUE,"etip_PMC6886967","outlier_arm",19,NA,NA,"iqr15_winsor","pooled"
"change","none","lm","hc3",3.91758241758241,3.27638831362766,0.237237313672087,52,11.7646118297481,0,59,13.5534234274447,0.28904744535979,0.332997167630841,-2.65697172409999,10.4921365592648,0.970168780880766,2.07559715407606,15,FALSE,"etip_PMC6886967","outlier_arm",20,NA,NA,"iqr15_winsor","pooled"
"ancova","none","lm","hc3",3.10134808160265,3.22705143320779,0.341063030036233,51,11.2996949440994,0,59,13.5534234274447,0.228823964528597,0.274462991872374,-3.37722800167975,9.57992416488506,0.956005856079694,1.55188971423689,16,FALSE,"etip_PMC6886967","outlier_arm",21,NA,NA,"iqr15_winsor","pooled"
"endpoint","none","lm","hc3",0.605990783410141,3.65076691862743,0.868752198961849,57,13.5534234274447,0,59,13.5534234274447,0.0447112706729914,0.0447112706729915,-6.70454387106355,7.91652543788384,1.07877315183268,0.202983370448931,10,TRUE,"etip_PMC6886967","outlier_arm",22,NA,NA,"mad_winsor","pooled"
"change","none","lm","hc3",3.87595164835165,3.29279487876399,0.244515142803865,52,11.8195387785058,0,59,13.5534234274447,0.285975839912382,0.32792748693377,-2.73152467484361,10.4834279715469,0.975026916050688,2.03200428095095,17,FALSE,"etip_PMC6886967","outlier_arm",23,NA,NA,"mad_winsor","pooled"
"ancova","none","lm","hc3",3.05520779285447,3.24821775732903,0.351354172922431,51,11.3254374450469,0,59,13.5534234274447,0.225419637275399,0.269765102467689,-3.465861459211,9.57627704491994,0.962276326269095,1.50900206179097,18,FALSE,"etip_PMC6886967","outlier_arm",24,NA,NA,"mad_winsor","pooled"
"endpoint","none","lm","permutation",0.605990783410141,3.54239105646265,0.8624,57,13.5534234274447,0,59,13.5534234274447,0.0447112706729914,0.0447112706729915,-6.48752495045768,7.69950651727797,1.04674892979496,0.213570916796944,19,FALSE,"etip_PMC6886967","outlier_arm",25,NA,NA,"none","pooled"
"change","none","lm","permutation",3.43681318681318,3.41339300015387,0.3198,52,12.49019691676,0,59,13.5534234274447,0.25357528341171,0.275160848921563,-3.4126609713655,10.2862873449919,1.01073713144814,1.64475815606912,20,FALSE,"etip_PMC6886967","outlier_arm",26,NA,NA,"none","pooled"
"ancova","none","lm","permutation",2.59675765219028,3.20442180217539,0.4268,51,11.6079617460133,0,59,13.5534234274447,0.191594224595097,0.223704876791321,-3.83638755110325,9.02990285548381,0.949301884904872,1.22836791872502,21,FALSE,"etip_PMC6886967","outlier_arm",27,NA,NA,"none","pooled"
"endpoint","none","lm","permutation",0.605990783410141,3.47172851913055,0.8632,57,13.5534234274447,0,59,13.5534234274447,0.0447112706729914,0.0447112706729915,-6.3460256601843,7.55800722700458,1.02586870111608,0.212233230061433,22,FALSE,"etip_PMC6886967","outlier_arm",28,NA,NA,"sd3_winsor","pooled"
"change","none","lm","permutation",3.72943828294866,3.34051905923967,0.2674,52,12.0251842433128,0,59,13.5534234274447,0.275165776596106,0.310135645948427,-2.9738036145223,10.4326801804196,0.989158485803284,1.9029286294561,23,FALSE,"etip_PMC6886967","outlier_arm",29,NA,NA,"sd3_winsor","pooled"
"ancova","none","lm","permutation",2.89606790785302,3.08967825143317,0.3458,51,11.4180854918178,0,59,13.5534234274447,0.213677962867205,0.253638660345321,-3.30672000522202,9.09885582092806,0.915309397109937,1.53199022590717,24,FALSE,"etip_PMC6886967","outlier_arm",30,NA,NA,"sd3_winsor","pooled"
"endpoint","none","lm","permutation",0.605990783410141,3.4790748626381,0.8618,57,13.5534234274447,0,59,13.5534234274447,0.0447112706729914,0.0447112706729915,-6.36073645931026,7.57271802613054,1.02803948832784,0.214574996439067,25,FALSE,"etip_PMC6886967","outlier_arm",31,NA,NA,"iqr15_winsor","pooled"
"change","none","lm","permutation",3.91758241758241,3.28944761617719,0.2354,52,11.7646118297481,0,59,13.5534234274447,0.28904744535979,0.332997167630841,-2.68317713183734,10.5183419670022,0.974035760744213,2.08681377451101,26,FALSE,"etip_PMC6886967","outlier_arm",32,NA,NA,"iqr15_winsor","pooled"
"ancova","none","lm","permutation",3.10134808160265,3.09551565592107,0.3212,51,11.2996949440994,0,59,13.5534234274447,0.228823964528597,0.274462991872374,-3.11315890998306,9.31585507318836,0.917038713481319,1.63845620203213,27,FALSE,"etip_PMC6886967","outlier_arm",33,NA,NA,"iqr15_winsor","pooled"
"endpoint","none","lm","permutation",0.605990783410141,3.53653891256211,0.8594,57,13.5534234274447,0,59,13.5534234274447,0.0447112706729914,0.0447112706729915,-6.47580623443407,7.68778780125435,1.04501966691369,0.218598317775511,28,FALSE,"etip_PMC6886967","outlier_arm",34,NA,NA,"mad_winsor","pooled"
"change","none","lm","permutation",3.87595164835165,3.25780224700474,0.2364,52,11.8195387785058,0,59,13.5534234274447,0.285975839912382,0.32792748693377,-2.6613068221232,10.4132101188265,0.964665275230373,2.08069805937192,29,FALSE,"etip_PMC6886967","outlier_arm",35,NA,NA,"mad_winsor","pooled"
"ancova","none","lm","permutation",3.05520779285447,3.06626306958323,0.3204,51,11.3254374450469,0,59,13.5534234274447,0.225419637275399,0.269765102467689,-3.10057218115965,9.21098776686858,0.908372708484725,1.64205394714074,30,FALSE,"etip_PMC6886967","outlier_arm",36,NA,NA,"mad_winsor","pooled"
"endpoint","none","lm","model",0.63113636363637,4.6964089224139,0.894772504863243,16,9.90089934557663,0,18,9.90089934557663,0.0637453570233839,0.0637453570233839,-9.32480579829884,10.5870785255716,2.01111875081998,0.160407169857003,1,FALSE,"phosphatidic_PMC4891923","principled",1,NA,NA,NA,NA
"change","none","lm","model",1.03590909090909,0.465580108352354,0.0408162894569702,16,0.981529050440949,0,18,9.90089934557663,0.104627777210148,1.05540339375968,0.0489233520009293,2.02289482981725,0.19937294673117,4.61471115452181,2,FALSE,"phosphatidic_PMC4891923","principled",2,NA,NA,NA,NA
"ancova","none","lm","model",1.04637975316696,0.465296787829029,0.0399766969097399,15,0.980689981365662,0,18,9.90089934557663,0.105685323791767,1.06698321900854,0.0546231261983481,2.03813638013556,0.200336674953006,4.64469691601139,3,FALSE,"phosphatidic_PMC4891923","principled",3,NA,NA,NA,NA
"endpoint","none","lm","hc3",0.63113636363637,5.01878683400763,0.901492666051083,16,9.90089934557663,0,18,9.90089934557663,0.0637453570233839,0.0637453570233839,-10.0082164414383,11.270489168711,2.14916896611577,0.149612339995992,4,FALSE,"phosphatidic_PMC4891923","principled",4,NA,NA,NA,NA
"change","none","lm","hc3",1.03590909090909,0.533911604460533,0.0701859661476712,16,0.981529050440949,0,18,9.90089934557663,0.104627777210148,1.05540339375968,-0.0959329487025151,2.1677511305207,0.228634187684631,3.83267360074346,5,FALSE,"phosphatidic_PMC4891923","principled",5,NA,NA,NA,NA
"ancova","none","lm","hc3",1.04637975316696,0.551096637212726,0.0770097470116645,15,0.980689981365662,0,18,9.90089934557663,0.105685323791767,1.06698321900854,-0.12825492377963,2.22101443011354,0.237278379659798,3.69881513259767,6,FALSE,"phosphatidic_PMC4891923","principled",6,NA,NA,NA,NA
"endpoint","none","lm","permutation",0.63113636363637,4.61364531056202,0.8842,16,9.90089934557663,0,18,9.90089934557663,0.0637453570233839,0.0637453570233839,-9.14935477895133,10.4116275062241,1.9756773200522,0.177555360595383,7,FALSE,"phosphatidic_PMC4891923","principled",7,NA,NA,NA,NA
"change","none","lm","permutation",1.03590909090909,0.516199393421279,0.025,16,0.981529050440949,0,18,9.90089934557663,0.104627777210148,1.05540339375968,-0.058384738659476,2.13020292047766,0.221049379732854,5.32192809488736,8,FALSE,"phosphatidic_PMC4891923","principled",8,NA,NA,NA,NA
"ancova","none","lm","permutation",1.04637975316696,0.534889469177814,0.0388,15,0.980689981365662,0,18,9.90089934557663,0.105685323791767,1.06698321900854,-0.0937101628368056,2.18646966917072,0.230300273987355,4.68779953736232,9,FALSE,"phosphatidic_PMC4891923","principled",9,NA,NA,NA,NA
"endpoint","none","lm","model",0.63113636363637,4.6964089224139,0.894772504863243,16,9.90089934557663,0,18,9.90089934557663,0.0637453570233839,0.0637453570233839,-9.32480579829884,10.5870785255716,2.01111875081998,0.160407169857003,1,FALSE,"phosphatidic_PMC4891923","defensible",1,"complete_case","none",NA,NA
"change","none","lm","model",1.03590909090909,0.465580108352354,0.0408162894569702,16,0.981529050440949,0,18,9.90089934557663,0.104627777210148,1.05540339375968,0.0489233520009293,2.02289482981725,0.19937294673117,4.61471115452181,2,FALSE,"phosphatidic_PMC4891923","defensible",2,"complete_case","none",NA,NA
"ancova","none","lm","model",1.04637975316696,0.465296787829029,0.0399766969097399,15,0.980689981365662,0,18,9.90089934557663,0.105685323791767,1.06698321900854,0.0546231261983481,2.03813638013556,0.200336674953006,4.64469691601139,3,FALSE,"phosphatidic_PMC4891923","defensible",3,"complete_case","none",NA,NA
"endpoint","none","lm","hc3",0.63113636363637,5.01878683400763,0.901492666051083,16,9.90089934557663,0,18,9.90089934557663,0.0637453570233839,0.0637453570233839,-10.0082164414383,11.270489168711,2.14916896611577,0.149612339995992,4,FALSE,"phosphatidic_PMC4891923","defensible",4,"complete_case","none",NA,NA
"change","none","lm","hc3",1.03590909090909,0.533911604460533,0.0701859661476712,16,0.981529050440949,0,18,9.90089934557663,0.104627777210148,1.05540339375968,-0.0959329487025151,2.1677511305207,0.228634187684631,3.83267360074346,5,FALSE,"phosphatidic_PMC4891923","defensible",5,"complete_case","none",NA,NA
"ancova","none","lm","hc3",1.04637975316696,0.551096637212726,0.0770097470116645,15,0.980689981365662,0,18,9.90089934557663,0.105685323791767,1.06698321900854,-0.12825492377963,2.22101443011354,0.237278379659798,3.69881513259767,6,FALSE,"phosphatidic_PMC4891923","defensible",6,"complete_case","none",NA,NA
"endpoint","none","lm","permutation",0.63113636363637,4.61364531056202,0.8842,16,9.90089934557663,0,18,9.90089934557663,0.0637453570233839,0.0637453570233839,-9.14935477895133,10.4116275062241,1.9756773200522,0.177555360595383,7,FALSE,"phosphatidic_PMC4891923","defensible",7,"complete_case","none",NA,NA
"change","none","lm","permutation",1.03590909090909,0.516199393421279,0.025,16,0.981529050440949,0,18,9.90089934557663,0.104627777210148,1.05540339375968,-0.058384738659476,2.13020292047766,0.221049379732854,5.32192809488736,8,FALSE,"phosphatidic_PMC4891923","defensible",8,"complete_case","none",NA,NA
"ancova","none","lm","permutation",1.04637975316696,0.534889469177814,0.0388,15,0.980689981365662,0,18,9.90089934557663,0.105685323791767,1.06698321900854,-0.0937101628368056,2.18646966917072,0.230300273987355,4.68779953736232,9,FALSE,"phosphatidic_PMC4891923","defensible",9,"complete_case","none",NA,NA
"endpoint","none","lm","model",0.00882796427469498,0.0745715161091166,0.90723807427538,16,0.157210559651164,0,18,0.157210559651164,0.0561537615175687,0.0561537615175688,-0.149256587895984,0.166912516445374,2.01111875081998,0.140446907411852,10,FALSE,"phosphatidic_PMC4891923","defensible",10,"complete_case","log",NA,NA
"change","none","lm","model",0.0158706115184562,0.00678638370430907,0.0326639157476407,16,0.0143069530543115,0,18,0.157210559651164,0.10095130730195,1.10929360418034,0.00148412074114266,0.0302571022957698,0.18302193961062,4.93615843834008,11,FALSE,"phosphatidic_PMC4891923","defensible",11,"complete_case","log",NA,NA
"ancova","none","lm","model",0.0159303889042493,0.00698114976434751,0.0375114720765361,15,0.0147133511367056,0,18,0.157210559651164,0.101331545028511,1.08271655833099,0.00105042041154606,0.0308103573969525,0.189299860336615,4.73652430945073,12,FALSE,"phosphatidic_PMC4891923","defensible",12,"complete_case","log",NA,NA
"endpoint","none","lm","hc3",0.00882796427469498,0.0801216774878071,0.913635252460447,16,0.157210559651164,0,18,0.157210559651164,0.0561537615175687,0.0561537615175688,-0.161022404414203,0.178678332963593,2.16080101827487,0.130309776970463,13,FALSE,"phosphatidic_PMC4891923","defensible",13,"complete_case","log",NA,NA
"change","none","lm","hc3",0.0158706115184562,0.00767102368303655,0.055110491552208,16,0.0143069530543115,0,18,0.157210559651164,0.10095130730195,1.10929360418034,-0.000391232237664709,0.0321324552745771,0.206879789655408,4.1815291945809,14,FALSE,"phosphatidic_PMC4891923","defensible",14,"complete_case","log",NA,NA
"ancova","none","lm","hc3",0.0159303889042493,0.0081660171482916,0.0700160755802483,15,0.0147133511367056,0,18,0.157210559651164,0.101331545028511,1.08271655833099,-0.00147506463551018,0.0333358424440088,0.221428555160424,3.83616998918486,15,FALSE,"phosphatidic_PMC4891923","defensible",15,"complete_case","log",NA,NA
"endpoint","none","lm","permutation",0.00882796427469498,0.0721280768822395,0.9058,16,0.157210559651164,0,18,0.157210559651164,0.0561537615175687,0.0561537615175688,-0.144076728130603,0.161732656679992,1.94522165361639,0.142735555499338,16,FALSE,"phosphatidic_PMC4891923","defensible",16,"complete_case","log",NA,NA
"change","none","lm","permutation",0.0158706115184562,0.00766078364495336,0.0272,16,0.0143069530543115,0,18,0.157210559651164,0.10095130730195,1.10929360418034,-0.000369524326667935,0.0321107473635804,0.206603626132488,5.20024953829911,17,FALSE,"phosphatidic_PMC4891923","defensible",17,"complete_case","log",NA,NA
"ancova","none","lm","permutation",0.0159303889042493,0.00811066773956736,0.0436,15,0.0147133511367056,0,18,0.157210559651164,0.101331545028511,1.08271655833099,-0.0013570901634379,0.0332178679719365,0.219927708495492,4.51952805477252,18,FALSE,"phosphatidic_PMC4891923","defensible",18,"complete_case","log",NA,NA
"ancova","none","lm","model",1.04637975316696,0.465296787829029,0.0399766969097399,15,0.980689981365662,0,18,9.90089934557663,0.105685323791767,1.06698321900854,0.0546231261983481,2.03813638013556,0.200336674953006,4.64469691601139,1,FALSE,"phosphatidic_PMC4891923","strict",1,NA,NA,NA,NA
"ancova","none","lm","hc3",1.04637975316696,0.551096637212726,0.0770097470116645,15,0.980689981365662,0,18,9.90089934557663,0.105685323791767,1.06698321900854,-0.12825492377963,2.22101443011354,0.237278379659798,3.69881513259767,2,FALSE,"phosphatidic_PMC4891923","strict",2,NA,NA,NA,NA
"ancova","none","lm","permutation",1.04637975316696,0.545097949020625,0.0472,15,0.980689981365662,0,18,9.90089934557663,0.105685323791767,1.06698321900854,-0.115469022558621,2.20822852889253,0.234695603939181,4.40506933018761,3,FALSE,"phosphatidic_PMC4891923","strict",3,NA,NA,NA,NA
"endpoint","none","lm","model",0.63113636363637,4.6964089224139,0.894772504863243,16,9.90089934557663,0,18,9.90089934557663,0.0637453570233839,0.0637453570233839,-9.32480579829884,10.5870785255716,2.01111875081998,0.160407169857003,1,FALSE,"phosphatidic_PMC4891923","outlier_arm",1,NA,NA,"none","pooled"
"change","none","lm","model",1.03590909090909,0.465580108352354,0.0408162894569702,16,0.981529050440949,0,18,9.90089934557663,0.104627777210148,1.05540339375968,0.0489233520009293,2.02289482981725,0.19937294673117,4.61471115452181,2,FALSE,"phosphatidic_PMC4891923","outlier_arm",2,NA,NA,"none","pooled"
"ancova","none","lm","model",1.04637975316696,0.465296787829029,0.0399766969097399,15,0.980689981365662,0,18,9.90089934557663,0.105685323791767,1.06698321900854,0.0546231261983481,2.03813638013556,0.200336674953006,4.64469691601139,3,FALSE,"phosphatidic_PMC4891923","outlier_arm",3,NA,NA,"none","pooled"
"endpoint","none","lm","hc3",0.63113636363637,5.01878683400763,0.901492666051083,16,9.90089934557663,0,18,9.90089934557663,0.0637453570233839,0.0637453570233839,-10.0082164414383,11.270489168711,2.14916896611577,0.149612339995992,4,FALSE,"phosphatidic_PMC4891923","outlier_arm",4,NA,NA,"none","pooled"
"change","none","lm","hc3",1.03590909090909,0.533911604460533,0.0701859661476712,16,0.981529050440949,0,18,9.90089934557663,0.104627777210148,1.05540339375968,-0.0959329487025151,2.1677511305207,0.228634187684631,3.83267360074346,5,FALSE,"phosphatidic_PMC4891923","outlier_arm",5,NA,NA,"none","pooled"
"ancova","none","lm","hc3",1.04637975316696,0.551096637212726,0.0770097470116645,15,0.980689981365662,0,18,9.90089934557663,0.105685323791767,1.06698321900854,-0.12825492377963,2.22101443011354,0.237278379659798,3.69881513259767,6,FALSE,"phosphatidic_PMC4891923","outlier_arm",6,NA,NA,"none","pooled"
"endpoint","none","lm","permutation",0.63113636363637,4.61364531056202,0.8842,16,9.90089934557663,0,18,9.90089934557663,0.0637453570233839,0.0637453570233839,-9.14935477895133,10.4116275062241,1.9756773200522,0.177555360595383,7,FALSE,"phosphatidic_PMC4891923","outlier_arm",7,NA,NA,"none","pooled"
"change","none","lm","permutation",1.03590909090909,0.516199393421279,0.025,16,0.981529050440949,0,18,9.90089934557663,0.104627777210148,1.05540339375968,-0.058384738659476,2.13020292047766,0.221049379732854,5.32192809488736,8,FALSE,"phosphatidic_PMC4891923","outlier_arm",8,NA,NA,"none","pooled"
"ancova","none","lm","permutation",1.04637975316696,0.534889469177814,0.0388,15,0.980689981365662,0,18,9.90089934557663,0.105685323791767,1.06698321900854,-0.0937101628368056,2.18646966917072,0.230300273987355,4.68779953736232,9,FALSE,"phosphatidic_PMC4891923","outlier_arm",9,NA,NA,"none","pooled"
"endpoint","none","lm","model",28.9166666666667,7.76287933532369,0.0012515329147679,21,18.5971281278367,0,23,18.5971281278367,1.55489957739138,1.55489957739138,12.7728753259771,45.0604580073562,1.7361596080553,9.64208805088875,1,FALSE,"facial_PMC11164989","principled",1,NA,NA,NA,NA
"change","none","lm","model",27.0454545454545,6.9441631846493,0.000835420247064357,21,16.6357722318177,0,23,18.5971281278367,1.45428123953032,1.62574085341991,12.6042766466096,41.4866324442995,1.55305462215201,10.2252102707802,2,FALSE,"facial_PMC11164989","principled",2,NA,NA,NA,NA
"ancova","none","lm","model",27.7993899775068,6.3379890462965,0.000285289651791281,20,15.163220424295,0,23,18.5971281278367,1.49482166205522,1.83334339273772,14.5785764977609,41.0202034572527,1.42181237757422,11.775284962038,3,FALSE,"facial_PMC11164989","principled",3,NA,NA,NA,NA
"endpoint","none","lm","hc3",28.9166666666667,8.42097767564872,0.00249159136228389,21,18.5971281278367,0,23,18.5971281278367,1.55489957739138,1.55489957739138,11.4042849062449,46.4290484270885,1.88334259354903,8.6487168085747,4,FALSE,"facial_PMC11164989","principled",4,NA,NA,NA,NA
"change","none","lm","hc3",27.0454545454545,7.3431927210746,0.00138260257641944,21,16.6357722318177,0,23,18.5971281278367,1.45428123953032,1.62574085341991,11.7744492982043,42.3164597927048,1.64229714849275,9.49839776550273,5,FALSE,"facial_PMC11164989","principled",5,NA,NA,NA,NA
"ancova","none","lm","hc3",27.7993899775068,6.90570857116703,0.000662697633293956,20,15.163220424295,0,23,18.5971281278367,1.49482166205522,1.83334339273772,13.3943343205818,42.2044456344318,1.54916991031138,10.5593616124532,6,FALSE,"facial_PMC11164989","principled",6,NA,NA,NA,NA
"endpoint","none","lm","permutation",28.9166666666667,9.90077789240125,0.0024,21,18.5971281278367,0,23,18.5971281278367,1.55489957739138,1.55489957739138,8.32687188805529,49.506461445278,2.21429831929716,8.70274987882829,7,FALSE,"facial_PMC11164989","principled",7,NA,NA,NA,NA
"change","none","lm","permutation",27.0454545454545,8.9230377602122,0.0018,21,16.6357722318177,0,23,18.5971281278367,1.45428123953032,1.62574085341991,8.48898168228937,45.6019274086197,1.99562779108774,9.11778737810714,8,FALSE,"facial_PMC11164989","principled",8,NA,NA,NA,NA
"ancova","none","lm","permutation",27.7993899775068,8.98586875500693,0.001,20,15.163220424295,0,23,18.5971281278367,1.49482166205522,1.83334339273772,9.05519621263393,46.5435837423797,2.01581595136897,9.96578428466209,9,FALSE,"facial_PMC11164989","principled",9,NA,NA,NA,NA
"endpoint","none","lm","model",28.9166666666667,7.76287933532369,0.0012515329147679,21,18.5971281278367,0,23,18.5971281278367,1.55489957739138,1.55489957739138,12.7728753259771,45.0604580073562,1.7361596080553,9.64208805088875,1,FALSE,"facial_PMC11164989","defensible",1,"complete_case","none",NA,NA
"change","none","lm","model",27.0454545454545,6.9441631846493,0.000835420247064357,21,16.6357722318177,0,23,18.5971281278367,1.45428123953032,1.62574085341991,12.6042766466096,41.4866324442995,1.55305462215201,10.2252102707802,2,FALSE,"facial_PMC11164989","defensible",2,"complete_case","none",NA,NA
"ancova","none","lm","model",27.7993899775068,6.3379890462965,0.000285289651791281,20,15.163220424295,0,23,18.5971281278367,1.49482166205522,1.83334339273772,14.5785764977609,41.0202034572527,1.42181237757422,11.775284962038,3,FALSE,"facial_PMC11164989","defensible",3,"complete_case","none",NA,NA
"endpoint","none","lm","hc3",28.9166666666667,8.42097767564872,0.00249159136228389,21,18.5971281278367,0,23,18.5971281278367,1.55489957739138,1.55489957739138,11.4042849062449,46.4290484270885,1.88334259354903,8.6487168085747,4,FALSE,"facial_PMC11164989","defensible",4,"complete_case","none",NA,NA
"change","none","lm","hc3",27.0454545454545,7.3431927210746,0.00138260257641944,21,16.6357722318177,0,23,18.5971281278367,1.45428123953032,1.62574085341991,11.7744492982043,42.3164597927048,1.64229714849275,9.49839776550273,5,FALSE,"facial_PMC11164989","defensible",5,"complete_case","none",NA,NA
"ancova","none","lm","hc3",27.7993899775068,6.90570857116703,0.000662697633293956,20,15.163220424295,0,23,18.5971281278367,1.49482166205522,1.83334339273772,13.3943343205818,42.2044456344318,1.54916991031138,10.5593616124532,6,FALSE,"facial_PMC11164989","defensible",6,"complete_case","none",NA,NA
"endpoint","none","lm","permutation",28.9166666666667,9.90077789240125,0.0024,21,18.5971281278367,0,23,18.5971281278367,1.55489957739138,1.55489957739138,8.32687188805529,49.506461445278,2.21429831929716,8.70274987882829,7,FALSE,"facial_PMC11164989","defensible",7,"complete_case","none",NA,NA
"change","none","lm","permutation",27.0454545454545,8.9230377602122,0.0018,21,16.6357722318177,0,23,18.5971281278367,1.45428123953032,1.62574085341991,8.48898168228937,45.6019274086197,1.99562779108774,9.11778737810714,8,FALSE,"facial_PMC11164989","defensible",8,"complete_case","none",NA,NA
"ancova","none","lm","permutation",27.7993899775068,8.98586875500693,0.001,20,15.163220424295,0,23,18.5971281278367,1.49482166205522,1.83334339273772,9.05519621263393,46.5435837423797,2.01581595136897,9.96578428466209,9,FALSE,"facial_PMC11164989","defensible",9,"complete_case","none",NA,NA
"endpoint","none","lm","model",28.2833333333333,7.92710518060605,0.00206464703402918,18.9134507560383,18.8008503791629,0,24,18.5971281278367,1.52084413996149,1.50436457728954,11.6865712366107,44.880095430056,1.78487366249633,8.91988912082889,10,FALSE,"facial_PMC11164989","defensible",10,"mi","none",NA,NA
"change","none","lm","model",26.8166666666667,7.03839898984453,0.0011818377394627,19.0053409591187,16.720217183497,0,24,18.5971281278367,1.44197891643962,1.60384679052704,12.0854084725869,41.5479248607464,1.58425086850153,9.72475231051859,11,FALSE,"facial_PMC11164989","defensible",11,"mi","none",NA,NA
"ancova","none","lm","model",27.4154900059449,6.47172211234514,0.000496265457333493,18.0070433600152,15.3202004614383,0,24,18.5971281278367,1.47417869132754,1.78949943082997,13.8192875799676,41.0116924319223,1.46218301369083,10.9766003405259,12,FALSE,"facial_PMC11164989","defensible",12,"mi","none",NA,NA
"endpoint","none","lm","hc3",28.2833333333333,8.25818970399584,0.00283623522706063,19.0222623937996,18.8008503791629,0,24,18.5971281278367,1.52084413996149,1.50436457728954,11.00011267256,45.5665539941067,1.858697809895,8.46180709522966,13,FALSE,"facial_PMC11164989","defensible",13,"mi","none",NA,NA
"change","none","lm","hc3",26.8166666666667,7.33362754296664,0.00166494912714558,19.106832444355,16.720217183497,0,24,18.5971281278367,1.44197891643962,1.60384679052704,11.4730145394889,42.1603187938445,1.65010984725227,9.23030618852835,14,FALSE,"facial_PMC11164989","defensible",14,"mi","none",NA,NA
"ancova","none","lm","hc3",27.4154900059449,6.79583835435175,0.000768768436947836,18.1275239263008,15.3202004614383,0,24,18.5971281278367,1.47417869132754,1.78949943082997,13.1451595022732,41.6858205096166,1.53468109759501,10.3451632744388,15,FALSE,"facial_PMC11164989","defensible",15,"mi","none",NA,NA
"endpoint","none","lm","model",0.456391580246455,0.11908910737417,0.000969323967985617,21,0.285295609116254,0,23,0.285295609116254,1.59971470174461,1.59971470174461,0.208732223794869,0.704050936698042,1.7361596080553,10.0107334549902,16,FALSE,"facial_PMC11164989","defensible",16,"complete_case","log",NA,NA
"change","none","lm","model",0.385407082672332,0.221887217320889,0.0970434044549534,21,0.531563719104705,0,23,0.285295609116254,1.35090436150135,0.725043995330344,-0.0760326464362887,0.846846811780953,3.234818303289,3.36522602612459,17,FALSE,"facial_PMC11164989","defensible",17,"complete_case","log",NA,NA
"ancova","none","lm","model",0.438305751464738,0.100266416072055,0.000295276994309011,20,0.239800872256447,0,23,0.285295609116254,1.53632140649643,1.82779048024482,0.229153672550081,0.647457830379395,1.46621309428867,11.7256434222961,18,FALSE,"facial_PMC11164989","defensible",18,"complete_case","log",NA,NA
"endpoint","none","lm","hc3",0.456391580246455,0.129891787796818,0.00206487673408569,21,0.285295609116254,0,23,0.285295609116254,1.59971470174461,1.59971470174461,0.186266820027763,0.726516340465148,1.89364821320205,8.91972862429158,19,FALSE,"facial_PMC11164989","defensible",19,"complete_case","log",NA,NA
"change","none","lm","hc3",0.385407082672332,0.232900312432841,0.112831956216955,21,0.531563719104705,0,23,0.285295609116254,1.35090436150135,0.725043995330344,-0.0989356315044059,0.86974979684907,3.39537447265356,3.14775236982385,20,FALSE,"facial_PMC11164989","defensible",20,"complete_case","log",NA,NA
"ancova","none","lm","hc3",0.438305751464738,0.11101317181246,0.000794032856395014,20,0.239800872256447,0,23,0.285295609116254,1.53632140649643,1.82779048024482,0.206736332898901,0.669875170030575,1.62336475687907,10.2985136734691,21,FALSE,"facial_PMC11164989","defensible",21,"complete_case","log",NA,NA
"endpoint","none","lm","permutation",0.456391580246455,0.153349267948289,0.0016,21,0.285295609116254,0,23,0.285295609116254,1.59971470174461,1.59971470174461,0.13748431954234,0.775298840950571,2.23562684116996,9.28771237954945,22,FALSE,"facial_PMC11164989","defensible",22,"complete_case","log",NA,NA
"change","none","lm","permutation",0.385407082672332,0.231716130685482,0.0982,21,0.531563719104705,0,23,0.285295609116254,1.35090436150135,0.725043995330344,-0.0964729907479238,0.867287156092588,3.37811068956128,3.34813316523476,23,FALSE,"facial_PMC11164989","defensible",23,"complete_case","log",NA,NA
"ancova","none","lm","permutation",0.438305751464738,0.142210260604158,4e-04,20,0.239800872256447,0,23,0.285295609116254,1.53632140649643,1.82779048024482,0.141660346018312,0.734951156911164,2.07956516656762,11.2877123795494,24,FALSE,"facial_PMC11164989","defensible",24,"complete_case","log",NA,NA
"endpoint","none","lm","model",0.447277851904283,0.119303547051454,0.00132850135578794,19.3045761875249,0.28563602992338,0,24,0.285295609116254,1.56776984156817,1.56590137464193,0.19783904066316,0.696716663145407,1.74863407126242,9.55598458450582,25,FALSE,"facial_PMC11164989","defensible",25,"mi","log",NA,NA
"change","none","lm","model",0.39071116911326,0.21677448346809,0.086748815511336,19.7750238744678,0.524951928371207,0,24,0.285295609116254,1.36949590750291,0.744279900686406,-0.061802499566418,0.843224837792937,3.17224418617172,3.52701213084565,26,FALSE,"facial_PMC11164989","defensible",26,"mi","log",NA,NA
"ancova","none","lm","model",0.432761616386925,0.100938723440251,0.000432301968250469,18.2255816647172,0.240427633149756,0,24,0.285295609116254,1.51688845730038,1.79996621319052,0.220885212896789,0.644638019877061,1.48531135229494,11.1756729747782,27,FALSE,"facial_PMC11164989","defensible",27,"mi","log",NA,NA
"endpoint","none","lm","hc3",0.447277851904283,0.124378219074162,0.00187724423225704,19.3819356926585,0.28563602992338,0,24,0.285295609116254,1.56776984156817,1.56590137464193,0.187298020820821,0.707257682987745,1.82252949415372,9.05716792551927,28,FALSE,"facial_PMC11164989","defensible",28,"mi","log",NA,NA
"change","none","lm","hc3",0.39071116911326,0.226201580093972,0.0996765669779821,19.8137176339225,0.524951928371207,0,24,0.285295609116254,1.36949590750291,0.744279900686406,-0.0814216109716328,0.862843949198152,3.3097795058774,3.32660180930537,29,FALSE,"facial_PMC11164989","defensible",29,"mi","log",NA,NA
"ancova","none","lm","hc3",0.432761616386925,0.106611560557435,0.000712362979536026,18.3354873658312,0.240427633149756,0,24,0.285295609116254,1.51688845730038,1.79996621319052,0.209072438306842,0.656450794467008,1.56812212268527,10.4550998359167,30,FALSE,"facial_PMC11164989","defensible",30,"mi","log",NA,NA
"ancova","none","lm","model",27.7993899775068,6.3379890462965,0.000285289651791281,20,15.163220424295,0,23,18.5971281278367,1.49482166205522,1.83334339273772,14.5785764977609,41.0202034572527,1.42181237757422,11.775284962038,1,FALSE,"facial_PMC11164989","strict",1,NA,NA,NA,NA
"ancova","none","lm","hc3",27.7993899775068,6.90570857116703,0.000662697633293956,20,15.163220424295,0,23,18.5971281278367,1.49482166205522,1.83334339273772,13.3943343205818,42.2044456344318,1.54916991031138,10.5593616124532,2,FALSE,"facial_PMC11164989","strict",2,NA,NA,NA,NA
"ancova","none","lm","permutation",27.7993899775068,8.91179097217676,0.0014,20,15.163220424295,0,23,18.5971281278367,1.49482166205522,1.83334339273772,9.20971975987216,46.3890601951415,1.99919795033397,9.48035745749184,3,FALSE,"facial_PMC11164989","strict",3,NA,NA,NA,NA
"endpoint","none","lm","model",28.9166666666667,7.76287933532369,0.0012515329147679,21,18.5971281278367,0,23,18.5971281278367,1.55489957739138,1.55489957739138,12.7728753259771,45.0604580073562,1.7361596080553,9.64208805088875,1,FALSE,"facial_PMC11164989","outlier_arm",1,NA,NA,"none","pooled"
"change","none","lm","model",27.0454545454545,6.9441631846493,0.000835420247064357,21,16.6357722318177,0,23,18.5971281278367,1.45428123953032,1.62574085341991,12.6042766466096,41.4866324442995,1.55305462215201,10.2252102707802,2,FALSE,"facial_PMC11164989","outlier_arm",2,NA,NA,"none","pooled"
"ancova","none","lm","model",27.7993899775068,6.3379890462965,0.000285289651791281,20,15.163220424295,0,23,18.5971281278367,1.49482166205522,1.83334339273772,14.5785764977609,41.0202034572527,1.42181237757422,11.775284962038,3,FALSE,"facial_PMC11164989","outlier_arm",3,NA,NA,"none","pooled"
"endpoint","none","lm","model",28.9166666666667,7.76287933532369,0.0012515329147679,21,18.5971281278367,0,23,18.5971281278367,1.55489957739138,1.55489957739138,12.7728753259771,45.0604580073562,1.7361596080553,9.64208805088875,1,TRUE,"facial_PMC11164989","outlier_arm",4,NA,NA,"iqr15_winsor","pooled"
"change","none","lm","model",26.8636363636364,6.95002635430928,0.000896203330966962,21,16.6498183238271,0,23,18.5971281278367,1.44450455892844,1.61344921855348,12.4102653359925,41.3170073912802,1.55436591373586,10.1238862909071,4,FALSE,"facial_PMC11164989","outlier_arm",5,NA,NA,"iqr15_winsor","pooled"
"ancova","none","lm","model",27.6882276616092,6.3681376371157,0.000311915298441636,20,15.2306979144067,0,23,18.5971281278367,1.48884427053899,1.81792244959563,14.4045253234279,40.9719299997906,1.42857566467996,11.6465580655529,5,FALSE,"facial_PMC11164989","outlier_arm",6,NA,NA,"iqr15_winsor","pooled"
"endpoint","none","lm","hc3",28.9166666666667,8.42097767564872,0.00249159136228389,21,18.5971281278367,0,23,18.5971281278367,1.55489957739138,1.55489957739138,11.4042849062449,46.4290484270885,1.88334259354903,8.6487168085747,6,FALSE,"facial_PMC11164989","outlier_arm",7,NA,NA,"none","pooled"
"change","none","lm","hc3",27.0454545454545,7.3431927210746,0.00138260257641944,21,16.6357722318177,0,23,18.5971281278367,1.45428123953032,1.62574085341991,11.7744492982043,42.3164597927048,1.64229714849275,9.49839776550273,7,FALSE,"facial_PMC11164989","outlier_arm",8,NA,NA,"none","pooled"
"ancova","none","lm","hc3",27.7993899775068,6.90570857116703,0.000662697633293956,20,15.163220424295,0,23,18.5971281278367,1.49482166205522,1.83334339273772,13.3943343205818,42.2044456344318,1.54916991031138,10.5593616124532,8,FALSE,"facial_PMC11164989","outlier_arm",9,NA,NA,"none","pooled"
"endpoint","none","lm","hc3",28.9166666666667,8.42097767564872,0.00249159136228389,21,18.5971281278367,0,23,18.5971281278367,1.55489957739138,1.55489957739138,11.4042849062449,46.4290484270885,1.88334259354903,8.6487168085747,6,TRUE,"facial_PMC11164989","outlier_arm",10,NA,NA,"iqr15_winsor","pooled"
"change","none","lm","hc3",26.8636363636364,7.34987490757664,0.00147789203331148,21,16.6498183238271,0,23,18.5971281278367,1.44450455892844,1.61344921855348,11.5787347488234,42.1485379784493,1.64379161231181,9.40224340671764,9,FALSE,"facial_PMC11164989","outlier_arm",11,NA,NA,"iqr15_winsor","pooled"
"ancova","none","lm","hc3",27.6882276616092,6.94116676862235,0.000721872966286054,20,15.2306979144067,0,23,18.5971281278367,1.48884427053899,1.81792244959563,13.2092075008865,42.167247822332,1.55712431093596,10.4359674025949,10,FALSE,"facial_PMC11164989","outlier_arm",12,NA,NA,"iqr15_winsor","pooled"
"endpoint","none","lm","permutation",28.9166666666667,9.90077789240125,0.0024,21,18.5971281278367,0,23,18.5971281278367,1.55489957739138,1.55489957739138,8.32687188805529,49.506461445278,2.21429831929716,8.70274987882829,11,FALSE,"facial_PMC11164989","outlier_arm",13,NA,NA,"none","pooled"
"change","none","lm","permutation",27.0454545454545,8.9230377602122,0.0018,21,16.6357722318177,0,23,18.5971281278367,1.45428123953032,1.62574085341991,8.48898168228937,45.6019274086197,1.99562779108774,9.11778737810714,12,FALSE,"facial_PMC11164989","outlier_arm",14,NA,NA,"none","pooled"
"ancova","none","lm","permutation",27.7993899775068,8.98586875500693,0.001,20,15.163220424295,0,23,18.5971281278367,1.49482166205522,1.83334339273772,9.05519621263393,46.5435837423797,2.01581595136897,9.96578428466209,13,FALSE,"facial_PMC11164989","outlier_arm",15,NA,NA,"none","pooled"
"endpoint","none","lm","permutation",28.9166666666667,9.64987981347395,0.0014,21,18.5971281278367,0,23,18.5971281278367,1.55489957739138,1.55489957739138,8.84864300660807,48.9846903267253,2.15818523399,9.48035745749184,14,FALSE,"facial_PMC11164989","outlier_arm",16,NA,NA,"iqr15_winsor","pooled"
"change","none","lm","permutation",26.8636363636364,9.1365349957645,0.0032,21,16.6498183238271,0,23,18.5971281278367,1.44450455892844,1.61344921855348,7.86317169360555,45.8641010336672,2.0433762180291,8.28771237954945,15,FALSE,"facial_PMC11164989","outlier_arm",17,NA,NA,"iqr15_winsor","pooled"
"ancova","none","lm","permutation",27.6882276616092,9.017342138463,0.0014,20,15.2306979144067,0,23,18.5971281278367,1.48884427053899,1.81792244959563,8.87838156928521,46.4980737539333,2.02287643156783,9.48035745749184,16,FALSE,"facial_PMC11164989","outlier_arm",18,NA,NA,"iqr15_winsor","pooled"
"endpoint","none","lm","model",-3.83515873015873,2.63497021252842,0.15396801301874,37,8.203313451728,0,39,8.203313451728,-0.467513371606063,-0.467513371606063,-9.17411551509003,1.50379805477257,1.30165860815831,2.69929743391842,1,FALSE,"gainingmore_PMC10809978","principled",1,NA,NA,NA,NA
"change","none","lm","model",-0.492460317460317,1.10181517329263,0.657513953779686,37,3.43022292601797,0,39,8.203313451728,-0.0600318786254086,-0.143565105849257,-2.72494991723695,1.74002928231632,0.544289722174732,0.604906583242663,2,FALSE,"gainingmore_PMC10809978","principled",2,NA,NA,NA,NA
"ancova","none","lm","model",-0.738716146918102,1.12455974186819,0.51542704360694,36,3.4249114244016,0,39,8.203313451728,-0.0900509472501619,-0.215689124587264,-3.0194290131451,1.54199671930889,0.556046743708561,0.956159859874428,3,FALSE,"gainingmore_PMC10809978","principled",3,NA,NA,NA,NA
"endpoint","none","lm","hc3",-3.83515873015873,2.74553014432756,0.170774161054841,37,8.203313451728,0,39,8.203313451728,-0.467513371606063,-0.467513371606063,-9.39813121561446,1.727813755297,1.3562745147289,2.54983839005805,4,FALSE,"gainingmore_PMC10809978","principled",4,NA,NA,NA,NA
"change","none","lm","hc3",-0.492460317460317,1.13459199419848,0.666778679984148,37,3.43022292601797,0,39,8.203313451728,-0.0600318786254086,-0.143565105849257,-2.79136206471844,1.80644142979781,0.560481264256425,0.584720119496564,5,FALSE,"gainingmore_PMC10809978","principled",5,NA,NA,NA,NA
"ancova","none","lm","hc3",-0.738716146918102,1.20791402135132,0.54466957073426,36,3.4249114244016,0,39,8.203313451728,-0.0900509472501619,-0.215689124587264,-3.18847932732088,1.71104703348468,0.597261873465715,0.876546825059935,6,FALSE,"gainingmore_PMC10809978","principled",6,NA,NA,NA,NA
"endpoint","none","lm","permutation",-3.83515873015873,2.68982517242506,0.1558,37,8.203313451728,0,39,8.203313451728,-0.467513371606063,-0.467513371606063,-9.28526222139235,1.61494476107489,1.32875661116803,2.68223286148778,7,FALSE,"gainingmore_PMC10809978","principled",7,NA,NA,NA,NA
"change","none","lm","permutation",-0.492460317460317,1.1079825076607,0.6654,37,3.43022292601797,0,39,8.203313451728,-0.0600318786254086,-0.143565105849257,-2.73744612365052,1.75252548872989,0.547336346319255,0.587706228666583,8,FALSE,"gainingmore_PMC10809978","principled",8,NA,NA,NA,NA
"ancova","none","lm","permutation",-0.738716146918102,1.09953205350314,0.51,36,3.4249114244016,0,39,8.203313451728,-0.0900509472501619,-0.215689124587264,-2.96867050851353,1.49123821467733,0.543671621160764,0.971430847803229,9,FALSE,"gainingmore_PMC10809978","principled",9,NA,NA,NA,NA
"endpoint","none","lm","model",-3.83515873015873,2.63497021252842,0.15396801301874,37,8.203313451728,0,39,8.203313451728,-0.467513371606063,-0.467513371606063,-9.17411551509003,1.50379805477257,1.30165860815831,2.69929743391842,1,FALSE,"gainingmore_PMC10809978","defensible",1,"complete_case","none",NA,NA
"change","none","lm","model",-0.492460317460317,1.10181517329263,0.657513953779686,37,3.43022292601797,0,39,8.203313451728,-0.0600318786254086,-0.143565105849257,-2.72494991723695,1.74002928231632,0.544289722174732,0.604906583242663,2,FALSE,"gainingmore_PMC10809978","defensible",2,"complete_case","none",NA,NA
"ancova","none","lm","model",-0.738716146918102,1.12455974186819,0.51542704360694,36,3.4249114244016,0,39,8.203313451728,-0.0900509472501619,-0.215689124587264,-3.0194290131451,1.54199671930889,0.556046743708561,0.956159859874428,3,FALSE,"gainingmore_PMC10809978","defensible",3,"complete_case","none",NA,NA
"endpoint","none","lm","hc3",-3.83515873015873,2.74553014432756,0.170774161054841,37,8.203313451728,0,39,8.203313451728,-0.467513371606063,-0.467513371606063,-9.39813121561446,1.727813755297,1.3562745147289,2.54983839005805,4,FALSE,"gainingmore_PMC10809978","defensible",4,"complete_case","none",NA,NA
"change","none","lm","hc3",-0.492460317460317,1.13459199419848,0.666778679984148,37,3.43022292601797,0,39,8.203313451728,-0.0600318786254086,-0.143565105849257,-2.79136206471844,1.80644142979781,0.560481264256425,0.584720119496564,5,FALSE,"gainingmore_PMC10809978","defensible",5,"complete_case","none",NA,NA
"ancova","none","lm","hc3",-0.738716146918102,1.20791402135132,0.54466957073426,36,3.4249114244016,0,39,8.203313451728,-0.0900509472501619,-0.215689124587264,-3.18847932732088,1.71104703348468,0.597261873465715,0.876546825059935,6,FALSE,"gainingmore_PMC10809978","defensible",6,"complete_case","none",NA,NA
"endpoint","none","lm","permutation",-3.83515873015873,2.68982517242506,0.1558,37,8.203313451728,0,39,8.203313451728,-0.467513371606063,-0.467513371606063,-9.28526222139235,1.61494476107489,1.32875661116803,2.68223286148778,7,FALSE,"gainingmore_PMC10809978","defensible",7,"complete_case","none",NA,NA
"change","none","lm","permutation",-0.492460317460317,1.1079825076607,0.6654,37,3.43022292601797,0,39,8.203313451728,-0.0600318786254086,-0.143565105849257,-2.73744612365052,1.75252548872989,0.547336346319255,0.587706228666583,8,FALSE,"gainingmore_PMC10809978","defensible",8,"complete_case","none",NA,NA
"ancova","none","lm","permutation",-0.738716146918102,1.09953205350314,0.51,36,3.4249114244016,0,39,8.203313451728,-0.0900509472501619,-0.215689124587264,-2.96867050851353,1.49123821467733,0.543671621160764,0.971430847803229,9,FALSE,"gainingmore_PMC10809978","defensible",9,"complete_case","none",NA,NA
"endpoint","none","lm","model",-0.0876187136866036,0.0563945502649924,0.128775270405593,37,0.17557017175881,0,39,0.17557017175881,-0.499052389189263,-0.499052389189263,-0.201884926389447,0.0266474990162404,1.30165860815831,2.95707252541518,10,FALSE,"gainingmore_PMC10809978","defensible",10,"complete_case","log",NA,NA
"change","none","lm","model",-0.00743007430050191,0.0247155947683828,0.765384840458922,37,0.0769457544783331,0,39,0.17557017175881,-0.0423196846370293,-0.0965624984883879,-0.0575086261394809,0.0426484775384771,0.570467652190652,0.385742768235961,11,FALSE,"gainingmore_PMC10809978","defensible",11,"complete_case","log",NA,NA
"ancova","none","lm","model",-0.0199781719103839,0.0236327382451141,0.403493589817215,36,0.0719224702060181,0,39,0.17557017175881,-0.113790239596217,-0.277773717353666,-0.0679075865720411,0.0279512427512732,0.54598584920792,1.30938234086975,12,FALSE,"gainingmore_PMC10809978","defensible",12,"complete_case","log",NA,NA
"endpoint","none","lm","hc3",-0.0876187136866036,0.0589355433540563,0.145570033448374,37,0.17557017175881,0,39,0.17557017175881,-0.499052389189263,-0.499052389189263,-0.207033467435118,0.0317960400619107,1.36030799027252,2.78021469707724,13,FALSE,"gainingmore_PMC10809978","defensible",13,"complete_case","log",NA,NA
"change","none","lm","hc3",-0.00743007430050191,0.0254357906810394,0.771833467178747,37,0.0769457544783331,0,39,0.17557017175881,-0.0423196846370293,-0.0965624984883879,-0.05896788166961,0.0441077330686061,0.587090698298208,0.373638493498469,14,FALSE,"gainingmore_PMC10809978","defensible",14,"complete_case","log",NA,NA
"ancova","none","lm","hc3",-0.0199781719103839,0.0258510848589462,0.444675033314658,36,0.0719224702060181,0,39,0.17557017175881,-0.113790239596217,-0.277773717353666,-0.0724066020316493,0.0324502582108814,0.597236188767748,1.16917668935306,15,FALSE,"gainingmore_PMC10809978","defensible",15,"complete_case","log",NA,NA
"endpoint","none","lm","permutation",-0.0876187136866036,0.0581105827448335,0.131,37,0.17557017175881,0,39,0.17557017175881,-0.499052389189263,-0.499052389189263,-0.205361938466415,0.0301245110932075,1.34126684049226,2.93236128312464,16,FALSE,"gainingmore_PMC10809978","defensible",16,"complete_case","log",NA,NA
"change","none","lm","permutation",-0.00743007430050191,0.0252571430124829,0.7854,37,0.0769457544783331,0,39,0.17557017175881,-0.0423196846370293,-0.0965624984883879,-0.058605907110043,0.0437457585090392,0.582967280795784,0.348500496883052,17,FALSE,"gainingmore_PMC10809978","defensible",17,"complete_case","log",NA,NA
"ancova","none","lm","permutation",-0.0199781719103839,0.0231558298082166,0.394,36,0.0719224702060181,0,39,0.17557017175881,-0.113790239596217,-0.277773717353666,-0.0669403714321523,0.0269840276113844,0.534967859874087,1.34373246520571,18,FALSE,"gainingmore_PMC10809978","defensible",18,"complete_case","log",NA,NA
"ancova","none","lm","model",-0.738716146918102,1.12455974186819,0.51542704360694,36,3.4249114244016,0,39,8.203313451728,-0.0900509472501619,-0.215689124587264,-3.0194290131451,1.54199671930889,0.556046743708561,0.956159859874428,1,FALSE,"gainingmore_PMC10809978","strict",1,NA,NA,NA,NA
"ancova","none","lm","hc3",-0.738716146918102,1.20791402135132,0.54466957073426,36,3.4249114244016,0,39,8.203313451728,-0.0900509472501619,-0.215689124587264,-3.18847932732088,1.71104703348468,0.597261873465715,0.876546825059935,2,FALSE,"gainingmore_PMC10809978","strict",2,NA,NA,NA,NA
"ancova","none","lm","permutation",-0.738716146918102,1.11361186574839,0.514,36,3.4249114244016,0,39,8.203313451728,-0.0900509472501619,-0.215689124587264,-2.99722569126305,1.51979339742685,0.550633486733145,0.960159735468209,3,FALSE,"gainingmore_PMC10809978","strict",3,NA,NA,NA,NA
"endpoint","none","lm","model",-3.83515873015873,2.63497021252842,0.15396801301874,37,8.203313451728,0,39,8.203313451728,-0.467513371606063,-0.467513371606063,-9.17411551509003,1.50379805477257,1.30165860815831,2.69929743391842,1,FALSE,"gainingmore_PMC10809978","outlier_arm",1,NA,NA,"none","pooled"
"change","none","lm","model",-0.492460317460317,1.10181517329263,0.657513953779686,37,3.43022292601797,0,39,8.203313451728,-0.0600318786254086,-0.143565105849257,-2.72494991723695,1.74002928231632,0.544289722174732,0.604906583242663,2,FALSE,"gainingmore_PMC10809978","outlier_arm",2,NA,NA,"none","pooled"
"ancova","none","lm","model",-0.738716146918102,1.12455974186819,0.51542704360694,36,3.4249114244016,0,39,8.203313451728,-0.0900509472501619,-0.215689124587264,-3.0194290131451,1.54199671930889,0.556046743708561,0.956159859874428,3,FALSE,"gainingmore_PMC10809978","outlier_arm",3,NA,NA,"none","pooled"
"endpoint","none","lm","hc3",-3.83515873015873,2.74553014432756,0.170774161054841,37,8.203313451728,0,39,8.203313451728,-0.467513371606063,-0.467513371606063,-9.39813121561446,1.727813755297,1.3562745147289,2.54983839005805,4,FALSE,"gainingmore_PMC10809978","outlier_arm",4,NA,NA,"none","pooled"
"change","none","lm","hc3",-0.492460317460317,1.13459199419848,0.666778679984148,37,3.43022292601797,0,39,8.203313451728,-0.0600318786254086,-0.143565105849257,-2.79136206471844,1.80644142979781,0.560481264256425,0.584720119496564,5,FALSE,"gainingmore_PMC10809978","outlier_arm",5,NA,NA,"none","pooled"
"ancova","none","lm","hc3",-0.738716146918102,1.20791402135132,0.54466957073426,36,3.4249114244016,0,39,8.203313451728,-0.0900509472501619,-0.215689124587264,-3.18847932732088,1.71104703348468,0.597261873465715,0.876546825059935,6,FALSE,"gainingmore_PMC10809978","outlier_arm",6,NA,NA,"none","pooled"
"endpoint","none","lm","permutation",-3.83515873015873,2.68982517242506,0.1558,37,8.203313451728,0,39,8.203313451728,-0.467513371606063,-0.467513371606063,-9.28526222139235,1.61494476107489,1.32875661116803,2.68223286148778,7,FALSE,"gainingmore_PMC10809978","outlier_arm",7,NA,NA,"none","pooled"
"change","none","lm","permutation",-0.492460317460317,1.1079825076607,0.6654,37,3.43022292601797,0,39,8.203313451728,-0.0600318786254086,-0.143565105849257,-2.73744612365052,1.75252548872989,0.547336346319255,0.587706228666583,8,FALSE,"gainingmore_PMC10809978","outlier_arm",8,NA,NA,"none","pooled"
"ancova","none","lm","permutation",-0.738716146918102,1.09953205350314,0.51,36,3.4249114244016,0,39,8.203313451728,-0.0900509472501619,-0.215689124587264,-2.96867050851353,1.49123821467733,0.543671621160764,0.971430847803229,9,FALSE,"gainingmore_PMC10809978","outlier_arm",9,NA,NA,"none","pooled"
"endpoint","none","lm","model",-2.91875,1.17676074382786,0.0264524652084875,14,2.35352148765571,0,16,2.35352148765571,-1.24016288583254,-1.24016288583254,-5.44265077822624,-0.394849221773766,2.14478668791781,5.24045401078777,1,FALSE,"etre_PMC11945196","principled",1,NA,NA,NA,NA
"change","none","lm","model",-2.12625,0.437505867307596,0.000252519768477257,14,0.875011734615192,0,16,2.35352148765571,-0.903433434176083,-2.42996741173428,-3.06460676008727,-1.18789323991274,0.79740657989228,11.9513160460702,2,FALSE,"etre_PMC11945196","principled",2,NA,NA,NA,NA
"ancova","none","lm","model",-2.05678493056185,0.454390401750449,0.000569068548494722,13,0.889346298809625,0,16,2.35352148765571,-0.873918059108339,-2.31269296708697,-3.03843571230105,-1.07513414882264,0.834197424487513,10.7791099333148,3,FALSE,"etre_PMC11945196","principled",3,NA,NA,NA,NA
"endpoint","none","lm","hc3",-2.91875,1.25801015131688,0.0359498872295379,14,2.35352148765571,0,16,2.35352148765571,-1.24016288583254,-1.24016288583254,-5.61691342580992,-0.220586574190088,2.29287341540059,4.79786894466346,4,FALSE,"etre_PMC11945196","principled",4,NA,NA,NA,NA
"change","none","lm","hc3",-2.12625,0.467713445762402,0.000457128534554592,14,0.875011734615192,0,16,2.35352148765571,-0.903433434176083,-2.42996741173428,-3.12939557223137,-1.12310442776864,0.852463491404598,11.0951125029056,5,FALSE,"etre_PMC11945196","principled",5,NA,NA,NA,NA
"ancova","none","lm","hc3",-2.05678493056185,0.554728398770871,0.00263097264404327,13,0.889346298809625,0,16,2.35352148765571,-0.873918059108339,-2.31269296708697,-3.25520277611623,-0.858367085007466,1.01840399744818,8.57018803673156,6,FALSE,"etre_PMC11945196","principled",6,NA,NA,NA,NA
"endpoint","none","lm","permutation",-2.91875,1.35188383192319,0.0254,14,2.35352148765571,0,16,2.35352148765571,-1.24016288583254,-1.24016288583254,-5.81825244632016,-0.0192475536798442,2.46396938504971,5.29902769277728,7,FALSE,"etre_PMC11945196","principled",7,NA,NA,NA,NA
"change","none","lm","permutation",-2.12625,0.686705555869193,4e-04,14,0.875011734615192,0,16,2.35352148765571,-0.903433434176083,-2.42996741173428,-3.59908693474744,-0.653413065252561,1.25160270893851,11.2877123795494,8,FALSE,"etre_PMC11945196","principled",8,NA,NA,NA,NA
"ancova","none","lm","permutation",-2.05678493056185,0.721199630571391,0.0012,13,0.889346298809625,0,16,2.35352148765571,-0.873918059108339,-2.31269296708697,-3.61484200750083,-0.498727853622869,1.32402196887603,9.70274987882829,9,FALSE,"etre_PMC11945196","principled",9,NA,NA,NA,NA
"endpoint","none","lm","model",-2.91875,1.17676074382786,0.0264524652084875,14,2.35352148765571,0,16,2.35352148765571,-1.24016288583254,-1.24016288583254,-5.44265077822624,-0.394849221773766,2.14478668791781,5.24045401078777,1,FALSE,"etre_PMC11945196","defensible",1,"complete_case","none",NA,NA
"change","none","lm","model",-2.12625,0.437505867307596,0.000252519768477257,14,0.875011734615192,0,16,2.35352148765571,-0.903433434176083,-2.42996741173428,-3.06460676008727,-1.18789323991274,0.79740657989228,11.9513160460702,2,FALSE,"etre_PMC11945196","defensible",2,"complete_case","none",NA,NA
"ancova","none","lm","model",-2.05678493056185,0.454390401750449,0.000569068548494722,13,0.889346298809625,0,16,2.35352148765571,-0.873918059108339,-2.31269296708697,-3.03843571230105,-1.07513414882264,0.834197424487513,10.7791099333148,3,FALSE,"etre_PMC11945196","defensible",3,"complete_case","none",NA,NA
"endpoint","none","lm","hc3",-2.91875,1.25801015131688,0.0359498872295379,14,2.35352148765571,0,16,2.35352148765571,-1.24016288583254,-1.24016288583254,-5.61691342580992,-0.220586574190088,2.29287341540059,4.79786894466346,4,FALSE,"etre_PMC11945196","defensible",4,"complete_case","none",NA,NA
"change","none","lm","hc3",-2.12625,0.467713445762402,0.000457128534554592,14,0.875011734615192,0,16,2.35352148765571,-0.903433434176083,-2.42996741173428,-3.12939557223137,-1.12310442776864,0.852463491404598,11.0951125029056,5,FALSE,"etre_PMC11945196","defensible",5,"complete_case","none",NA,NA
"ancova","none","lm","hc3",-2.05678493056185,0.554728398770871,0.00263097264404327,13,0.889346298809625,0,16,2.35352148765571,-0.873918059108339,-2.31269296708697,-3.25520277611623,-0.858367085007466,1.01840399744818,8.57018803673156,6,FALSE,"etre_PMC11945196","defensible",6,"complete_case","none",NA,NA
"endpoint","none","lm","permutation",-2.91875,1.35188383192319,0.0254,14,2.35352148765571,0,16,2.35352148765571,-1.24016288583254,-1.24016288583254,-5.81825244632016,-0.0192475536798442,2.46396938504971,5.29902769277728,7,FALSE,"etre_PMC11945196","defensible",7,"complete_case","none",NA,NA
"change","none","lm","permutation",-2.12625,0.686705555869193,4e-04,14,0.875011734615192,0,16,2.35352148765571,-0.903433434176083,-2.42996741173428,-3.59908693474744,-0.653413065252561,1.25160270893851,11.2877123795494,8,FALSE,"etre_PMC11945196","defensible",8,"complete_case","none",NA,NA
"ancova","none","lm","permutation",-2.05678493056185,0.721199630571391,0.0012,13,0.889346298809625,0,16,2.35352148765571,-0.873918059108339,-2.31269296708697,-3.61484200750083,-0.498727853622869,1.32402196887603,9.70274987882829,9,FALSE,"etre_PMC11945196","defensible",9,"complete_case","none",NA,NA
"endpoint","none","lm","model",-0.0556689880381719,0.022098411917889,0.0245414998051849,14,0.0441968238357781,0,16,0.044196823835778,-1.25956987870941,-1.2595698787094,-0.103065367743784,-0.00827260833255932,2.14478668791781,5.34863277062785,10,FALSE,"etre_PMC11945196","defensible",10,"complete_case","log",NA,NA
"change","none","lm","model",-0.041011065728984,0.00861168502459908,0.000303360823473452,14,0.0172233700491982,0,16,0.044196823835778,-0.927918845059288,-2.38112898996171,-0.0594812931302852,-0.0225408383276828,0.835816956889525,11.6866775939973,11,FALSE,"etre_PMC11945196","defensible",11,"complete_case","log",NA,NA
"ancova","none","lm","model",-0.039191226205021,0.00882028737211161,0.000662717999145012,13,0.0172462283439159,0,16,0.044196823835778,-0.886743046302235,-2.27245200651926,-0.0582462985847255,-0.0201361538253165,0.86228243235339,10.5593172766062,12,FALSE,"etre_PMC11945196","defensible",12,"complete_case","log",NA,NA
"endpoint","none","lm","hc3",-0.0556689880381719,0.0236241960538694,0.0335489912101095,14,0.0441968238357781,0,16,0.044196823835778,-1.25956987870941,-1.2595698787094,-0.106337849247271,-0.00500012682907252,2.29287341540059,4.89758680332104,13,FALSE,"etre_PMC11945196","defensible",13,"complete_case","log",NA,NA
"change","none","lm","hc3",-0.041011065728984,0.00920627853853191,0.000544481191126355,14,0.0172233700491982,0,16,0.044196823835778,-0.927918845059288,-2.38112898996171,-0.0607565693836906,-0.0212655620742773,0.893525911639031,10.8428301670396,14,FALSE,"etre_PMC11945196","defensible",14,"complete_case","log",NA,NA
"ancova","none","lm","hc3",-0.039191226205021,0.0107100676905224,0.00288569516923576,13,0.0172462283439159,0,16,0.044196823835778,-0.886743046302235,-2.27245200651926,-0.0623289207522205,-0.0160535316578216,1.0470297428237,8.43686537605233,15,FALSE,"etre_PMC11945196","defensible",15,"complete_case","log",NA,NA
"endpoint","none","lm","permutation",-0.0556689880381719,0.0256141860035431,0.0286,14,0.0441968238357781,0,16,0.044196823835778,-1.25956987870941,-1.2595698787094,-0.110605953200422,-0.000732022875922105,2.48601416999461,5.12784104277106,16,FALSE,"etre_PMC11945196","defensible",16,"complete_case","log",NA,NA
"change","none","lm","permutation",-0.041011065728984,0.0135452399586107,4e-04,14,0.0172233700491982,0,16,0.044196823835778,-0.927918845059288,-2.38112898996171,-0.0700627160768645,-0.0119594153811034,1.31464878362426,11.2877123795494,17,FALSE,"etre_PMC11945196","defensible",17,"complete_case","log",NA,NA
"ancova","none","lm","permutation",-0.039191226205021,0.0137857711267772,0.0018,13,0.0172462283439159,0,16,0.044196823835778,-0.886743046302235,-2.27245200651926,-0.0689735740524803,-0.00940887835756177,1.3477143949584,9.11778737810714,18,FALSE,"etre_PMC11945196","defensible",18,"complete_case","log",NA,NA
"ancova","none","lm","model",-2.05678493056185,0.454390401750449,0.000569068548494722,13,0.889346298809625,0,16,2.35352148765571,-0.873918059108339,-2.31269296708697,-3.03843571230105,-1.07513414882264,0.834197424487513,10.7791099333148,1,FALSE,"etre_PMC11945196","strict",1,NA,NA,NA,NA
"ancova","none","lm","hc3",-2.05678493056185,0.554728398770871,0.00263097264404327,13,0.889346298809625,0,16,2.35352148765571,-0.873918059108339,-2.31269296708697,-3.25520277611623,-0.858367085007466,1.01840399744818,8.57018803673156,2,FALSE,"etre_PMC11945196","strict",2,NA,NA,NA,NA
"ancova","none","lm","permutation",-2.05678493056185,0.721933722611905,0.002,13,0.889346298809625,0,16,2.35352148765571,-0.873918059108339,-2.31269296708697,-3.61642791693611,-0.497141944187586,1.32536965951204,8.96578428466209,3,FALSE,"etre_PMC11945196","strict",3,NA,NA,NA,NA
"endpoint","none","lm","model",-2.91875,1.17676074382786,0.0264524652084875,14,2.35352148765571,0,16,2.35352148765571,-1.24016288583254,-1.24016288583254,-5.44265077822624,-0.394849221773766,2.14478668791781,5.24045401078777,1,FALSE,"etre_PMC11945196","outlier_arm",1,NA,NA,"none","pooled"
"change","none","lm","model",-2.12625,0.437505867307596,0.000252519768477257,14,0.875011734615192,0,16,2.35352148765571,-0.903433434176083,-2.42996741173428,-3.06460676008727,-1.18789323991274,0.79740657989228,11.9513160460702,2,FALSE,"etre_PMC11945196","outlier_arm",2,NA,NA,"none","pooled"
"ancova","none","lm","model",-2.05678493056185,0.454390401750449,0.000569068548494722,13,0.889346298809625,0,16,2.35352148765571,-0.873918059108339,-2.31269296708697,-3.03843571230105,-1.07513414882264,0.834197424487513,10.7791099333148,3,FALSE,"etre_PMC11945196","outlier_arm",3,NA,NA,"none","pooled"
"endpoint","none","lm","hc3",-2.91875,1.25801015131688,0.0359498872295379,14,2.35352148765571,0,16,2.35352148765571,-1.24016288583254,-1.24016288583254,-5.61691342580992,-0.220586574190088,2.29287341540059,4.79786894466346,4,FALSE,"etre_PMC11945196","outlier_arm",4,NA,NA,"none","pooled"
"change","none","lm","hc3",-2.12625,0.467713445762402,0.000457128534554592,14,0.875011734615192,0,16,2.35352148765571,-0.903433434176083,-2.42996741173428,-3.12939557223137,-1.12310442776864,0.852463491404598,11.0951125029056,5,FALSE,"etre_PMC11945196","outlier_arm",5,NA,NA,"none","pooled"
"ancova","none","lm","hc3",-2.05678493056185,0.554728398770871,0.00263097264404327,13,0.889346298809625,0,16,2.35352148765571,-0.873918059108339,-2.31269296708697,-3.25520277611623,-0.858367085007466,1.01840399744818,8.57018803673156,6,FALSE,"etre_PMC11945196","outlier_arm",6,NA,NA,"none","pooled"
"endpoint","none","lm","permutation",-2.91875,1.35188383192319,0.0254,14,2.35352148765571,0,16,2.35352148765571,-1.24016288583254,-1.24016288583254,-5.81825244632016,-0.0192475536798442,2.46396938504971,5.29902769277728,7,FALSE,"etre_PMC11945196","outlier_arm",7,NA,NA,"none","pooled"
"change","none","lm","permutation",-2.12625,0.686705555869193,4e-04,14,0.875011734615192,0,16,2.35352148765571,-0.903433434176083,-2.42996741173428,-3.59908693474744,-0.653413065252561,1.25160270893851,11.2877123795494,8,FALSE,"etre_PMC11945196","outlier_arm",8,NA,NA,"none","pooled"
"ancova","none","lm","permutation",-2.05678493056185,0.721199630571391,0.0012,13,0.889346298809625,0,16,2.35352148765571,-0.873918059108339,-2.31269296708697,-3.61484200750083,-0.498727853622869,1.32402196887603,9.70274987882829,9,FALSE,"etre_PMC11945196","outlier_arm",9,NA,NA,"none","pooled"
"endpoint","none","lm","model",2.96454242424242,2.91733605658362,0.313556702812693,61,11.5646843164543,0,63,11.5646843164543,0.256344431298003,0.256344431298003,-2.86903155985832,8.79811640834316,1.00886004744646,1.67320173489183,1,FALSE,"creatine_PMC11944689","principled",1,NA,NA,NA,NA
"change","none","lm","model",0.515312121212122,0.222262475854081,0.0237906555386558,61,0.881076200612999,0,63,11.5646843164543,0.0445591169729494,0.584866690138264,0.0708708324349329,0.959753409989311,0.0768618107707158,5.39346116478183,2,FALSE,"creatine_PMC11944689","principled",2,NA,NA,NA,NA
"ancova","none","lm","model",0.507348905795354,0.22521112027606,0.0279430683615745,60,0.887588726173465,0,63,11.5646843164543,0.0438705365328039,0.571603593910679,0.0568595924137595,0.957838219176949,0.0779077579732348,5.16136574143339,3,FALSE,"creatine_PMC11944689","principled",3,NA,NA,NA,NA
"endpoint","none","lm","hc3",2.96454242424242,3.01084253631534,0.328699067707655,61,11.5646843164543,0,63,11.5646843164543,0.256344431298003,0.256344431298003,-3.05600932207972,8.98509417056455,1.04119603814106,1.60516073039323,4,FALSE,"creatine_PMC11944689","principled",4,NA,NA,NA,NA
"change","none","lm","hc3",0.515312121212122,0.226681124548928,0.026542065139569,61,0.881076200612999,0,63,11.5646843164543,0.0445591169729494,0.584866690138264,0.0620351982909101,0.968589044133334,0.0783898480093028,5.23557556395339,5,FALSE,"creatine_PMC11944689","principled",5,NA,NA,NA,NA
"ancova","none","lm","hc3",0.507348905795354,0.225967039268593,0.0284503168328867,60,0.887588726173465,0,63,11.5646843164543,0.0438705365328039,0.571603593910679,0.0553475292993773,0.959350282291331,0.0781692546251116,5.1354114707863,6,FALSE,"creatine_PMC11944689","principled",6,NA,NA,NA,NA
"endpoint","none","lm","permutation",2.96454242424242,2.8928115576541,0.3072,61,11.5646843164543,0,63,11.5646843164543,0.256344431298003,0.256344431298003,-2.81999179338866,8.7490766418735,1.00037909541565,1.70274987882829,7,FALSE,"creatine_PMC11944689","principled",7,NA,NA,NA,NA
"change","none","lm","permutation",0.515312121212122,0.229479972289589,0.0232,61,0.881076200612999,0,63,11.5646843164543,0.0445591169729494,0.584866690138264,0.0564385563378751,0.974185686086369,0.0793577329597069,5.42973138442188,8,FALSE,"creatine_PMC11944689","principled",8,NA,NA,NA,NA
"ancova","none","lm","permutation",0.507348905795354,0.231379486188561,0.027,60,0.887588726173465,0,63,11.5646843164543,0.0438705365328039,0.571603593910679,0.0445210235135971,0.970176788077111,0.0800415938069734,5.21089678249862,9,FALSE,"creatine_PMC11944689","principled",9,NA,NA,NA,NA
"endpoint","none","lm","model",2.96454242424242,2.91733605658362,0.313556702812693,61,11.5646843164543,0,63,11.5646843164543,0.256344431298003,0.256344431298003,-2.86903155985832,8.79811640834316,1.00886004744646,1.67320173489183,1,FALSE,"creatine_PMC11944689","defensible",1,"complete_case","none",NA,NA
"change","none","lm","model",0.515312121212122,0.222262475854081,0.0237906555386558,61,0.881076200612999,0,63,11.5646843164543,0.0445591169729494,0.584866690138264,0.0708708324349329,0.959753409989311,0.0768618107707158,5.39346116478183,2,FALSE,"creatine_PMC11944689","defensible",2,"complete_case","none",NA,NA
"ancova","none","lm","model",0.507348905795354,0.22521112027606,0.0279430683615745,60,0.887588726173465,0,63,11.5646843164543,0.0438705365328039,0.571603593910679,0.0568595924137595,0.957838219176949,0.0779077579732348,5.16136574143339,3,FALSE,"creatine_PMC11944689","defensible",3,"complete_case","none",NA,NA
"endpoint","none","lm","hc3",2.96454242424242,3.01084253631534,0.328699067707655,61,11.5646843164543,0,63,11.5646843164543,0.256344431298003,0.256344431298003,-3.05600932207972,8.98509417056455,1.04119603814106,1.60516073039323,4,FALSE,"creatine_PMC11944689","defensible",4,"complete_case","none",NA,NA
"change","none","lm","hc3",0.515312121212122,0.226681124548928,0.026542065139569,61,0.881076200612999,0,63,11.5646843164543,0.0445591169729494,0.584866690138264,0.0620351982909101,0.968589044133334,0.0783898480093028,5.23557556395339,5,FALSE,"creatine_PMC11944689","defensible",5,"complete_case","none",NA,NA
"ancova","none","lm","hc3",0.507348905795354,0.225967039268593,0.0284503168328867,60,0.887588726173465,0,63,11.5646843164543,0.0438705365328039,0.571603593910679,0.0553475292993773,0.959350282291331,0.0781692546251116,5.1354114707863,6,FALSE,"creatine_PMC11944689","defensible",6,"complete_case","none",NA,NA
"endpoint","none","lm","permutation",2.96454242424242,2.8928115576541,0.3072,61,11.5646843164543,0,63,11.5646843164543,0.256344431298003,0.256344431298003,-2.81999179338866,8.7490766418735,1.00037909541565,1.70274987882829,7,FALSE,"creatine_PMC11944689","defensible",7,"complete_case","none",NA,NA
"change","none","lm","permutation",0.515312121212122,0.229479972289589,0.0232,61,0.881076200612999,0,63,11.5646843164543,0.0445591169729494,0.584866690138264,0.0564385563378751,0.974185686086369,0.0793577329597069,5.42973138442188,8,FALSE,"creatine_PMC11944689","defensible",8,"complete_case","none",NA,NA
"ancova","none","lm","permutation",0.507348905795354,0.231379486188561,0.027,60,0.887588726173465,0,63,11.5646843164543,0.0438705365328039,0.571603593910679,0.0445210235135971,0.970176788077111,0.0800415938069734,5.21089678249862,9,FALSE,"creatine_PMC11944689","defensible",9,"complete_case","none",NA,NA
"endpoint","none","lm","model",2.98099780058651,2.92989526869597,0.313120707888569,58.6706848571214,11.5830522639496,0,64,11.5646843164543,0.257767330176503,0.257358572909524,-2.88239769382469,8.84439329499771,1.01401738845023,1.67520917222923,10,FALSE,"creatine_PMC11944689","defensible",10,"mi","none",NA,NA
"change","none","lm","model",0.245214809384165,0.684241003349232,0.722827433456346,27.2184590069904,1.93187268343298,0,64,11.5646843164543,0.0212037616137322,0.126931143800021,-1.15820469741682,1.64863431618515,0.242707793554587,0.468276833067305,11,FALSE,"creatine_PMC11944689","defensible",11,"mi","none",NA,NA
"ancova","none","lm","model",0.260610305931574,0.665186192557555,0.697957441644096,30.3143048316431,1.94146543460449,0,64,11.5646843164543,0.0225350125260899,0.134233811885847,-1.09729073872882,1.61851135059197,0.234835816958421,0.518789024929346,12,FALSE,"creatine_PMC11944689","defensible",12,"mi","none",NA,NA
"endpoint","none","lm","hc3",2.98099780058651,3.00514933913331,0.325283859988672,58.7449940978111,11.5830522639496,0,64,11.5646843164543,0.257767330176503,0.257358572909524,-3.03283834892148,8.9948339500945,1.04003464079888,1.62022885471544,13,FALSE,"creatine_PMC11944689","defensible",13,"mi","none",NA,NA
"change","none","lm","hc3",0.245214809384165,0.702262136269124,0.729511392740405,28.6204342957933,1.93187268343298,0,64,11.5646843164543,0.0212037616137322,0.126931143800021,-1.19190037309719,1.68232999186552,0.248535133888025,0.454997586076969,14,FALSE,"creatine_PMC11944689","defensible",14,"mi","none",NA,NA
"ancova","none","lm","hc3",0.260610305931574,0.647557690791568,0.69031124442378,28.921850859061,1.94146543460449,0,64,11.5646843164543,0.0225350125260899,0.134233811885847,-1.06394934064446,1.58516995250761,0.229069745499484,0.53468111047049,15,FALSE,"creatine_PMC11944689","defensible",15,"mi","none",NA,NA
"endpoint","none","lm","model",3.23442521994135,2.88104842863688,0.26591251307075,62,11.5185652923732,0,64,11.5646843164543,0.279681237415134,0.280801049248986,-2.52470852809755,8.99355896798025,0.995986330529533,1.91097642705485,16,FALSE,"creatine_PMC11944689","defensible",16,"locf","none",NA,NA
"change","none","lm","model",0.498642228739003,0.219187895512446,0.0263780603254789,62,0.876323376123365,0,64,11.5646843164543,0.0431176688523638,0.569016235701564,0.0604918687311348,0.936792588746872,0.075773855648522,5.24451770788795,17,FALSE,"creatine_PMC11944689","defensible",17,"locf","none",NA,NA
"ancova","none","lm","model",0.491324842787565,0.222460099741237,0.030970032873571,61,0.882937051924266,0,64,11.5646843164543,0.0424849333836552,0.556466445390162,0.0464883806246614,0.936161304950469,0.0769301521754444,5.01298327539267,18,FALSE,"creatine_PMC11944689","defensible",18,"locf","none",NA,NA
"endpoint","none","lm","hc3",3.23442521994135,2.95594626964755,0.278095899583161,62,11.5185652923732,0,64,11.5646843164543,0.279681237415134,0.280801049248986,-2.67442717896517,9.14327761884786,1.02187871924863,1.84634562202819,19,FALSE,"creatine_PMC11944689","defensible",19,"locf","none",NA,NA
"change","none","lm","hc3",0.498642228739003,0.223127623025612,0.0290445174422212,62,0.876323376123365,0,64,11.5646843164543,0.0431176688523638,0.569016235701564,0.0526164656474447,0.944667991830562,0.0771358302373977,5.10559032925684,20,FALSE,"creatine_PMC11944689","defensible",20,"locf","none",NA,NA
"ancova","none","lm","hc3",0.491324842787565,0.222416410160493,0.0309382945392683,61,0.882937051924266,0,64,11.5646843164543,0.0424849333836552,0.556466445390162,0.0465757433407356,0.936073942234395,0.0769150436409296,5.01446251876524,21,FALSE,"creatine_PMC11944689","defensible",21,"locf","none",NA,NA
"endpoint","none","lm","permutation",3.23442521994135,2.8611622153406,0.2622,62,11.5185652923732,0,64,11.5646843164543,0.279681237415134,0.280801049248986,-2.48495655413664,8.95380699401933,0.989111612141526,1.93126040932769,22,FALSE,"creatine_PMC11944689","defensible",22,"locf","none",NA,NA
"change","none","lm","permutation",0.498642228739003,0.225285633554325,0.027,62,0.876323376123365,0,64,11.5646843164543,0.0431176688523638,0.569016235701564,0.0483026640670896,0.948981793410917,0.0778818603861355,5.21089678249862,23,FALSE,"creatine_PMC11944689","defensible",23,"locf","none",NA,NA
"ancova","none","lm","permutation",0.491324842787565,0.231415170839354,0.0354,61,0.882937051924266,0,64,11.5646843164543,0.0424849333836552,0.556466445390162,0.0285816092515606,0.95406807632357,0.080026954627306,4.82010682946645,24,FALSE,"creatine_PMC11944689","defensible",24,"locf","none",NA,NA
"endpoint","none","lm","model",0.0483739632090865,0.0629013445764184,0.44483416323694,61,0.249348782244397,0,63,0.249348782244397,0.194001200942996,0.194001200942996,-0.0774050489338132,0.174152975351986,1.00886004744646,1.16866050367882,25,FALSE,"creatine_PMC11944689","defensible",25,"complete_case","log",NA,NA
"change","none","lm","model",0.0103106425974405,0.00491371346051682,0.0400237227560473,61,0.0194785735651366,0,63,0.249348782244397,0.0413502825425257,0.529332528532523,0.000485065271883968,0.020136219922997,0.0788099082507337,4.6430008258319,26,FALSE,"creatine_PMC11944689","defensible",26,"complete_case","log",NA,NA
"ancova","none","lm","model",0.0106584097870608,0.00493463016971967,0.0347845092186319,60,0.019503752437793,0,63,0.249348782244397,0.0427449843192501,0.546479956667606,0.000787679806124734,0.020529139767997,0.0791720728859339,4.84541122418941,27,FALSE,"creatine_PMC11944689","defensible",27,"complete_case","log",NA,NA
"endpoint","none","lm","hc3",0.0483739632090865,0.0646878387327082,0.457450396791781,61,0.249348782244397,0,63,0.249348782244397,0.194001200942996,0.194001200942996,-0.080977364783186,0.177725291201359,1.03751321203959,1.12831278030438,28,FALSE,"creatine_PMC11944689","defensible",28,"complete_case","log",NA,NA
"change","none","lm","hc3",0.0103106425974405,0.00497748171789703,0.0425526800927258,61,0.0194785735651366,0,63,0.249348782244397,0.0413502825425257,0.529332528532523,0.000357552760452471,0.0202637324344285,0.0798326725111705,4.5546061898325,29,FALSE,"creatine_PMC11944689","defensible",29,"complete_case","log",NA,NA
"ancova","none","lm","hc3",0.0106584097870608,0.00497092464197512,0.0360819884384289,60,0.019503752437793,0,63,0.249348782244397,0.0427449843192501,0.546479956667606,0.000715080052320995,0.0206017395218007,0.0797543877715352,4.79257734366443,30,FALSE,"creatine_PMC11944689","defensible",30,"complete_case","log",NA,NA
"endpoint","none","lm","permutation",0.0483739632090865,0.0630145909786905,0.4448,61,0.249348782244397,0,63,0.249348782244397,0.194001200942996,0.194001200942996,-0.0776314991107123,0.174379425528885,1.01067638017414,1.16877130682594,31,FALSE,"creatine_PMC11944689","defensible",31,"complete_case","log",NA,NA
"change","none","lm","permutation",0.0103106425974405,0.00493926759723104,0.0344,61,0.0194785735651366,0,63,0.249348782244397,0.0413502825425257,0.529332528532523,0.000433966617416036,0.020187318577465,0.0792197651107352,4.86144762484735,32,FALSE,"creatine_PMC11944689","defensible",32,"complete_case","log",NA,NA
"ancova","none","lm","permutation",0.0106584097870608,0.00501280272909307,0.033,60,0.019503752437793,0,63,0.249348782244397,0.0427449843192501,0.546479956667606,0.000631311405868844,0.0206855081682528,0.0804262871543848,4.92139016530363,33,FALSE,"creatine_PMC11944689","defensible",33,"complete_case","log",NA,NA
"endpoint","none","lm","model",0.0488024110473575,0.0630786957489389,0.442223780612523,58.7752715377574,0.249573239660107,0,64,0.249348782244397,0.195719468160564,0.195543444937531,-0.0774278661039082,0.175032688198623,1.01247959597045,1.17715148662767,34,FALSE,"creatine_PMC11944689","defensible",34,"mi","log",NA,NA
"change","none","lm","model",0.00407193656283962,0.0145478818512504,0.781577175982205,28.4913423426488,0.0409901106188309,0,64,0.249348782244397,0.016330284536335,0.0993394870461504,-0.0257049131703293,0.0338487862960085,0.23883693728236,0.355539757286889,35,FALSE,"creatine_PMC11944689","defensible",35,"mi","log",NA,NA
"ancova","none","lm","model",0.00492210161068653,0.0141890105272894,0.731038317321849,30.6782566070456,0.0410078560014298,0,64,0.249348782244397,0.0197398261438558,0.120028260207384,-0.0240288822592825,0.0338730854806555,0.232212755236903,0.451981067968976,36,FALSE,"creatine_PMC11944689","defensible",36,"mi","log",NA,NA
"endpoint","none","lm","hc3",0.0488024110473575,0.064553611717957,0.452666518461425,58.8379658464033,0.249573239660107,0,64,0.249348782244397,0.195719468160564,0.195543444937531,-0.0803765110304278,0.177981333125143,1.03613036257921,1.14347949348388,37,FALSE,"creatine_PMC11944689","defensible",37,"mi","log",NA,NA
"change","none","lm","hc3",0.00407193656283962,0.0149334502479249,0.786980527279401,29.8848713407186,0.0409901106188309,0,64,0.249348782244397,0.016330284536335,0.0993394870461504,-0.0264311651566643,0.0345750382823435,0.244662127041043,0.345600156162225,38,FALSE,"creatine_PMC11944689","defensible",38,"mi","log",NA,NA
"ancova","none","lm","hc3",0.00492210161068653,0.0139977361642026,0.727571025186235,29.9812468848279,0.0410078560014298,0,64,0.249348782244397,0.0197398261438558,0.120028260207384,-0.0236658392481181,0.0335100424694911,0.229300825947363,0.458840004691362,39,FALSE,"creatine_PMC11944689","defensible",39,"mi","log",NA,NA
"endpoint","none","lm","model",0.0546937762110433,0.0621648405730326,0.382355179861333,62,0.248537916930898,0,64,0.249348782244397,0.219346474118473,0.220062101133044,-0.0695719694553698,0.178959521877456,0.996722298363706,1.38701467612285,40,FALSE,"creatine_PMC11944689","defensible",40,"locf","log",NA,NA
"change","none","lm","model",0.00996330172652529,0.0048442723319325,0.043927523548393,62,0.0193676255472741,0,64,0.249348782244397,0.0399572904942438,0.5144307288576,0.000279739314239349,0.0196468641388112,0.0776708217712064,4.50873102121497,41,FALSE,"creatine_PMC11944689","defensible",41,"locf","log",NA,NA
"ancova","none","lm","model",0.0103924525110856,0.00486608975508987,0.0367275553470826,61,0.0193751852405396,0,64,0.249348782244397,0.0416783768404353,0.536379517515063,0.000662104670105667,0.0201228003520656,0.0780460827070962,4.76699331891659,42,FALSE,"creatine_PMC11944689","defensible",42,"locf","log",NA,NA
"endpoint","none","lm","hc3",0.0546937762110433,0.0636352057664718,0.393381762700879,62,0.248537916930898,0,64,0.249348782244397,0.219346474118473,0.220062101133044,-0.072511187596692,0.181898740018779,1.02029745373335,1.34599801950498,43,FALSE,"creatine_PMC11944689","defensible",43,"locf","log",NA,NA
"change","none","lm","hc3",0.00996330172652529,0.004909451233019,0.0467145381075685,62,0.0193676255472741,0,64,0.249348782244397,0.0399572904942438,0.5144307288576,0.000149448547455916,0.0197771549055947,0.0787158701216389,4.41998458648498,44,FALSE,"creatine_PMC11944689","defensible",44,"locf","log",NA,NA
"ancova","none","lm","hc3",0.0103924525110856,0.00489385765662046,0.0377700762346805,61,0.0193751852405396,0,64,0.249348782244397,0.0416783768404353,0.536379517515063,0.000606579319299284,0.0201783257028719,0.0784914456265105,4.72661249407489,45,FALSE,"creatine_PMC11944689","defensible",45,"locf","log",NA,NA
"endpoint","none","lm","permutation",0.0546937762110433,0.0617354589662639,0.3744,62,0.248537916930898,0,64,0.249348782244397,0.219346474118473,0.220062101133044,-0.0687136478535011,0.178101200275588,0.989837792298403,1.41734765996604,46,FALSE,"creatine_PMC11944689","defensible",46,"locf","log",NA,NA
"change","none","lm","permutation",0.00996330172652529,0.0049524401552242,0.0444,62,0.0193676255472741,0,64,0.249348782244397,0.0399572904942438,0.5144307288576,6.35149164197445e-05,0.0198630885366308,0.0794051346150339,4.49329651319934,47,FALSE,"creatine_PMC11944689","defensible",47,"locf","log",NA,NA
"ancova","none","lm","permutation",0.0103924525110856,0.0050526687126939,0.0424,61,0.0193751852405396,0,64,0.249348782244397,0.0416783768404353,0.536379517515063,0.000289016986016867,0.0204958880361544,0.0810385792473289,4.55979192498625,48,FALSE,"creatine_PMC11944689","defensible",48,"locf","log",NA,NA
"ancova","none","lm","model",0.507348905795354,0.22521112027606,0.0279430683615745,60,0.887588726173465,0,63,11.5646843164543,0.0438705365328039,0.571603593910679,0.0568595924137595,0.957838219176949,0.0779077579732348,5.16136574143339,1,FALSE,"creatine_PMC11944689","strict",1,NA,NA,NA,NA
"ancova","none","lm","hc3",0.507348905795354,0.225967039268593,0.0284503168328867,60,0.887588726173465,0,63,11.5646843164543,0.0438705365328039,0.571603593910679,0.0553475292993773,0.959350282291331,0.0781692546251116,5.1354114707863,2,FALSE,"creatine_PMC11944689","strict",2,NA,NA,NA,NA
"ancova","none","lm","permutation",0.507348905795354,0.23224644442635,0.0294,60,0.887588726173465,0,63,11.5646843164543,0.0438705365328039,0.571603593910679,0.0427868488387709,0.971910962751937,0.0803415024992252,5.08804003471309,3,FALSE,"creatine_PMC11944689","strict",3,NA,NA,NA,NA
"endpoint","none","lm","model",2.96454242424242,2.91733605658362,0.313556702812693,61,11.5646843164543,0,63,11.5646843164543,0.256344431298003,0.256344431298003,-2.86903155985832,8.79811640834316,1.00886004744646,1.67320173489183,1,FALSE,"creatine_PMC11944689","outlier_arm",1,NA,NA,"none","pooled"
"change","none","lm","model",0.515312121212122,0.222262475854081,0.0237906555386558,61,0.881076200612999,0,63,11.5646843164543,0.0445591169729494,0.584866690138264,0.0708708324349329,0.959753409989311,0.0768618107707158,5.39346116478183,2,FALSE,"creatine_PMC11944689","outlier_arm",2,NA,NA,"none","pooled"
"ancova","none","lm","model",0.507348905795354,0.22521112027606,0.0279430683615745,60,0.887588726173465,0,63,11.5646843164543,0.0438705365328039,0.571603593910679,0.0568595924137595,0.957838219176949,0.0779077579732348,5.16136574143339,3,FALSE,"creatine_PMC11944689","outlier_arm",3,NA,NA,"none","pooled"
"endpoint","none","lm","hc3",2.96454242424242,3.01084253631534,0.328699067707655,61,11.5646843164543,0,63,11.5646843164543,0.256344431298003,0.256344431298003,-3.05600932207972,8.98509417056455,1.04119603814106,1.60516073039323,4,FALSE,"creatine_PMC11944689","outlier_arm",4,NA,NA,"none","pooled"
"change","none","lm","hc3",0.515312121212122,0.226681124548928,0.026542065139569,61,0.881076200612999,0,63,11.5646843164543,0.0445591169729494,0.584866690138264,0.0620351982909101,0.968589044133334,0.0783898480093028,5.23557556395339,5,FALSE,"creatine_PMC11944689","outlier_arm",5,NA,NA,"none","pooled"
"ancova","none","lm","hc3",0.507348905795354,0.225967039268593,0.0284503168328867,60,0.887588726173465,0,63,11.5646843164543,0.0438705365328039,0.571603593910679,0.0553475292993773,0.959350282291331,0.0781692546251116,5.1354114707863,6,FALSE,"creatine_PMC11944689","outlier_arm",6,NA,NA,"none","pooled"
"endpoint","none","lm","permutation",2.96454242424242,2.8928115576541,0.3072,61,11.5646843164543,0,63,11.5646843164543,0.256344431298003,0.256344431298003,-2.81999179338866,8.7490766418735,1.00037909541565,1.70274987882829,7,FALSE,"creatine_PMC11944689","outlier_arm",7,NA,NA,"none","pooled"
"change","none","lm","permutation",0.515312121212122,0.229479972289589,0.0232,61,0.881076200612999,0,63,11.5646843164543,0.0445591169729494,0.584866690138264,0.0564385563378751,0.974185686086369,0.0793577329597069,5.42973138442188,8,FALSE,"creatine_PMC11944689","outlier_arm",8,NA,NA,"none","pooled"
"ancova","none","lm","permutation",0.507348905795354,0.231379486188561,0.027,60,0.887588726173465,0,63,11.5646843164543,0.0438705365328039,0.571603593910679,0.0445210235135971,0.970176788077111,0.0800415938069734,5.21089678249862,9,FALSE,"creatine_PMC11944689","outlier_arm",9,NA,NA,"none","pooled"
"endpoint","none","lm","model",0.397069209039548,0.573379601186807,0.489377030704018,212,4.17168945606764,0,214,4.17168945606764,0.095181871330815,0.095181871330815,-0.73318641546773,1.52732483354683,0.54186949264085,1.03098170590787,1,FALSE,"free_PMC6733445","principled",1,NA,NA,NA,NA
"change","none","lm","model",0.301024011299432,0.820753668467784,0.714159854050963,212,5.97148802937684,0,214,4.17168945606764,0.0721587775095768,0.0504102176573978,-1.31685958309524,1.9189076056941,0.775649104005808,0.485681058680375,2,FALSE,"free_PMC6733445","principled",2,NA,NA,NA,NA
"ancova","none","lm","model",0.380008936672451,0.559813323454164,0.497999795796004,211,4.07282078309008,0,214,4.17168945606764,0.0910923357729172,0.093303623437154,-0.72353463511965,1.48355250846455,0.529063144998494,1.00578294416861,3,FALSE,"free_PMC6733445","principled",3,NA,NA,NA,NA
"endpoint","strat","lm","model",0.38732806555458,0.576673933628813,0.502535699778095,211,4.18115369707916,0,214,4.17168945606764,0.0928468117374411,0.0926366485463467,-0.749452332149274,1.52410846325843,0.544997612921753,0.992702006927387,4,FALSE,"free_PMC6733445","principled",4,NA,NA,NA,NA
"change","strat","lm","model",0.405618964003509,0.820987682926587,0.621776204609246,211,5.95254178409676,0,214,4.17168945606764,0.0972313419479354,0.0681421447703551,-1.21276995611712,2.02400788412414,0.775891368312048,0.685532689126886,5,FALSE,"free_PMC6733445","principled",5,NA,NA,NA,NA
"ancova","strat","lm","model",0.390605549445088,0.562999544245509,0.488578295947614,210,4.0820019458924,0,214,4.17168945606764,0.0936324607952206,0.0956897019214171,-0.719249410710778,1.50046050960095,0.532088963880858,1.03333831851966,6,FALSE,"free_PMC6733445","principled",6,NA,NA,NA,NA
"endpoint","published","lm","model",0.327695700556766,0.571448219862496,0.566964034336871,207,4.13319179520185,0,214,4.17168945606764,0.0785522757644721,0.0792839328039851,-0.798908974351835,1.45430037546537,0.540119146821908,0.818670874939539,7,FALSE,"free_PMC6733445","principled",7,NA,NA,NA,NA
"change","published","lm","model",0.249125691221084,0.821750417122924,0.762068837161269,207,5.94358677427228,0,214,4.17168945606764,0.0597181774541574,0.0419150423275493,-1.37094736064973,1.8691987430919,0.776698778244125,0.392006773617968,8,FALSE,"free_PMC6733445","principled",8,NA,NA,NA,NA
"ancova","published","lm","model",0.313989920620748,0.558372096705769,0.5745019351151,206,4.03850189128012,0,214,4.17168945606764,0.0752668490613692,0.0777491082271649,-0.786866726950658,1.41484656819216,0.527774974223085,0.799616342527277,9,FALSE,"free_PMC6733445","principled",9,NA,NA,NA,NA
"endpoint","none","mixed_ri","model",0.471771022287492,0.844918997332823,0.59986853969653,5.18097382085736,4.11939474837714,1,214,4.17168945606764,0.113088720350771,0.114524353965676,-1.67754060345552,2.6210826480305,1.03042743156103,0.737281724012724,10,FALSE,"free_PMC6733445","principled",10,NA,NA,NA,NA
"change","none","mixed_ri","model",0.275507809494542,0.881365564715048,0.766977044228386,5.09674206523685,5.96249810110265,1,214,4.17168945606764,0.0660422623486082,0.0462067752178557,-1.97724073462829,2.52825635361738,1.08001737322334,0.382744696655215,11,FALSE,"free_PMC6733445","principled",11,NA,NA,NA,NA
"ancova","none","mixed_ri","model",0.413570991895524,0.78534726734468,0.620827523098468,5.03597037570487,4.03124213677755,1,214,4.17168945606764,0.0991375307895926,0.102591453915026,-1.60089902287484,2.42804100666589,0.965781387126195,0.687735577057097,12,FALSE,"free_PMC6733445","principled",12,NA,NA,NA,NA
"endpoint","strat","mixed_ri","model",0.487787323879866,0.947439086596284,0.630967749047994,4.49237962214629,4.11959136028509,1,214,4.17168945606764,0.116928004593053,0.1184067256239,-2.03283013230116,3.00840478006089,1.20843964188889,0.664361828946756,13,FALSE,"free_PMC6733445","principled",13,NA,NA,NA,NA
"change","strat","mixed_ri","model",0.405618964003511,0.820987682926588,0.621776204609242,211.000000001006,5.95254178409676,1,214,4.17168945606764,0.0972313419479359,0.0681421447703554,-1.21276995611708,2.0240078841241,0.775891368312027,0.685532689126894,5,TRUE,"free_PMC6733445","principled",14,NA,NA,NA,NA
"ancova","strat","mixed_ri","model",0.436881301718881,0.881667094365301,0.643947433238816,4.40510326935797,4.03135469665106,1,214,4.17168945606764,0.104725269299096,0.108370841712789,-1.92474368568575,2.79850628912352,1.13221514318124,0.634985171921678,14,FALSE,"free_PMC6733445","principled",15,NA,NA,NA,NA
"endpoint","published","mixed_ri","model",0.423465423055389,0.793154274862205,0.616762838706487,4.89302396095973,4.09279110213985,1,214,4.17168945606764,0.101509335130271,0.103466170759115,-1.62888313851694,2.47581398462772,0.983941198493205,0.697212252508869,15,FALSE,"free_PMC6733445","principled",16,NA,NA,NA,NA
"change","published","mixed_ri","model",0.234575207568846,0.871922217013761,0.79846763010978,5.091307576499,5.93622559664223,1,214,4.17168945606764,0.0562302659484063,0.0395158849255208,-1.99473584855486,2.46388626369255,1.06878092417988,0.324694172944891,16,FALSE,"free_PMC6733445","principled",17,NA,NA,NA,NA
"ancova","published","mixed_ri","model",0.366579022499845,0.7246825083737,0.636103127637911,4.63197006247452,4.01004753319144,1,214,4.17168945606764,0.0878730371376668,0.0914151314830173,-1.54168796067198,2.27484600567167,0.914865309735022,0.652667414801333,17,FALSE,"free_PMC6733445","principled",18,NA,NA,NA,NA
"endpoint","none","lm","hc3",0.397069209039548,0.566303830467676,0.483972503698336,212,4.17168945606764,0,214,4.17168945606764,0.095181871330815,0.095181871330815,-0.719238535849292,1.51337695392839,0.535182571303429,1.04700301000092,18,FALSE,"free_PMC6733445","principled",19,NA,NA,NA,NA
"change","none","lm","hc3",0.301024011299432,0.832585018377926,0.718045814490911,212,5.97148802937684,0,214,4.17168945606764,0.0721587775095768,0.0504102176573978,-1.34018174131952,1.94222976391838,0.786830261409726,0.477852197593668,19,FALSE,"free_PMC6733445","principled",20,NA,NA,NA,NA
"ancova","none","lm","hc3",0.380008936672451,0.555694871156506,0.494823615047434,211,4.07282078309008,0,214,4.17168945606764,0.0910923357729172,0.093303623437154,-0.715416050998123,1.47543392434303,0.525170916582633,1.01501374150347,20,FALSE,"free_PMC6733445","principled",21,NA,NA,NA,NA
"endpoint","strat","lm","hc3",0.38732806555458,0.566208619571104,0.494679637372746,211,4.18115369707916,0,214,4.17168945606764,0.0928468117374411,0.0926366485463467,-0.728822365745633,1.50347849685479,0.53510715169692,1.01543358020178,21,FALSE,"free_PMC6733445","principled",22,NA,NA,NA,NA
"change","strat","lm","hc3",0.405618964003509,0.833971167604424,0.627209282716711,211,5.95254178409676,0,214,4.17168945606764,0.0972313419479354,0.0681421447703551,-1.23836391834596,2.04960184635298,0.788161678697503,0.672981183345175,22,FALSE,"free_PMC6733445","principled",23,NA,NA,NA,NA
"ancova","strat","lm","hc3",0.390605549445088,0.557476017344238,0.484285885941858,210,4.0820019458924,0,214,4.17168945606764,0.0936324607952206,0.0956897019214171,-0.708360745184157,1.48957184407433,0.526868697299997,1.04606913732962,23,FALSE,"free_PMC6733445","principled",24,NA,NA,NA,NA
"endpoint","published","lm","hc3",0.327695700556766,0.571625420739126,0.567084147530802,207,4.13319179520185,0,214,4.17168945606764,0.0785522757644721,0.0792839328039851,-0.799258324177542,1.45464972529107,0.540286632838969,0.818365267624703,24,FALSE,"free_PMC6733445","principled",25,NA,NA,NA,NA
"change","published","lm","hc3",0.249125691221084,0.836928417660255,0.76625611770628,207,5.94358677427228,0,214,4.17168945606764,0.0597181774541574,0.0419150423275493,-1.40087064287684,1.89912202531901,0.791044660190627,0.384101407716206,25,FALSE,"free_PMC6733445","principled",26,NA,NA,NA,NA
"ancova","published","lm","hc3",0.313989920620748,0.560128448245754,0.57570143098362,206,4.03850189128012,0,214,4.17168945606764,0.0752668490613692,0.0777491082271649,-0.79032945597969,1.41830929722119,0.52943508294666,0.796607296615183,26,FALSE,"free_PMC6733445","principled",27,NA,NA,NA,NA
"endpoint","none","lm","permutation",0.397069209039548,0.574950104265432,0.4936,212,4.17168945606764,0,214,4.17168945606764,0.095181871330815,0.095181871330815,-0.736282217854574,1.53042063593367,0.543353688633599,1.01858570040003,27,FALSE,"free_PMC6733445","principled",28,NA,NA,NA,NA
"change","none","lm","permutation",0.301024011299432,0.810565133752424,0.7134,212,5.97148802937684,0,214,4.17168945606764,0.0721587775095768,0.0504102176573978,-1.29677577013139,1.89882379273025,0.766020480794347,0.487216879082637,28,FALSE,"free_PMC6733445","principled",29,NA,NA,NA,NA
"ancova","none","lm","permutation",0.380008936672451,0.561919224776422,0.5046,211,4.07282078309008,0,214,4.17168945606764,0.0910923357729172,0.093303623437154,-0.72768593657969,1.48770380992459,0.531053370543209,0.986787888573149,29,FALSE,"free_PMC6733445","principled",30,NA,NA,NA,NA
"endpoint","strat","lm","permutation",0.38732806555458,0.586152399576535,0.5104,211,4.18115369707916,0,214,4.17168945606764,0.0928468117374411,0.0926366485463467,-0.768136953841589,1.54279308495075,0.553955432955618,0.97029976578458,30,FALSE,"free_PMC6733445","principled",31,NA,NA,NA,NA
"change","strat","lm","permutation",0.405618964003509,0.817651349031688,0.6182,211,5.95254178409676,0,214,4.17168945606764,0.0972313419479354,0.0681421447703551,-1.20619313904469,2.01743106705171,0.772738297048382,0.693854440691226,31,FALSE,"free_PMC6733445","principled",32,NA,NA,NA,NA
"ancova","strat","lm","permutation",0.390605549445088,0.563128594218048,0.4932,210,4.0820019458924,0,214,4.17168945606764,0.0936324607952206,0.0956897019214171,-0.719503810121212,1.50071490901139,0.532210928573155,1.01975529514661,32,FALSE,"free_PMC6733445","principled",33,NA,NA,NA,NA
"endpoint","published","lm","permutation",0.327695700556766,0.564316355713764,0.568,207,4.13319179520185,0,214,4.17168945606764,0.0785522757644721,0.0792839328039851,-0.784848572706507,1.44023997382004,0.533378279941284,0.816037165157405,33,FALSE,"free_PMC6733445","principled",34,NA,NA,NA,NA
"change","published","lm","permutation",0.249125691221084,0.830875123048171,0.7638,207,5.94358677427228,0,214,4.17168945606764,0.0597181774541574,0.0419150423275493,-1.38893663070997,1.88718801315214,0.785323231358234,0.388733174926935,34,FALSE,"free_PMC6733445","principled",35,NA,NA,NA,NA
"ancova","published","lm","permutation",0.313989920620748,0.562876220260972,0.5748,206,4.03850189128012,0,214,4.17168945606764,0.0752668490613692,0.0777491082271649,-0.795746816744688,1.42372665798618,0.532032285265792,0.798868033092113,35,FALSE,"free_PMC6733445","principled",36,NA,NA,NA,NA
"endpoint","none","lm","model",0.397069209039548,0.573379601186807,0.489377030704018,212,4.17168945606764,0,214,4.17168945606764,0.095181871330815,0.095181871330815,-0.73318641546773,1.52732483354683,0.54186949264085,1.03098170590787,1,FALSE,"free_PMC6733445","defensible",1,"complete_case","none",NA,NA
"change","none","lm","model",0.301024011299432,0.820753668467784,0.714159854050963,212,5.97148802937684,0,214,4.17168945606764,0.0721587775095768,0.0504102176573978,-1.31685958309524,1.9189076056941,0.775649104005808,0.485681058680375,2,FALSE,"free_PMC6733445","defensible",2,"complete_case","none",NA,NA
"ancova","none","lm","model",0.380008936672451,0.559813323454164,0.497999795796004,211,4.07282078309008,0,214,4.17168945606764,0.0910923357729172,0.093303623437154,-0.72353463511965,1.48355250846455,0.529063144998494,1.00578294416861,3,FALSE,"free_PMC6733445","defensible",3,"complete_case","none",NA,NA
"endpoint","strat","lm","model",0.38732806555458,0.576673933628813,0.502535699778095,211,4.18115369707916,0,214,4.17168945606764,0.0928468117374411,0.0926366485463467,-0.749452332149274,1.52410846325843,0.544997612921753,0.992702006927387,4,FALSE,"free_PMC6733445","defensible",4,"complete_case","none",NA,NA
"change","strat","lm","model",0.405618964003509,0.820987682926587,0.621776204609246,211,5.95254178409676,0,214,4.17168945606764,0.0972313419479354,0.0681421447703551,-1.21276995611712,2.02400788412414,0.775891368312048,0.685532689126886,5,FALSE,"free_PMC6733445","defensible",5,"complete_case","none",NA,NA
"ancova","strat","lm","model",0.390605549445088,0.562999544245509,0.488578295947614,210,4.0820019458924,0,214,4.17168945606764,0.0936324607952206,0.0956897019214171,-0.719249410710778,1.50046050960095,0.532088963880858,1.03333831851966,6,FALSE,"free_PMC6733445","defensible",6,"complete_case","none",NA,NA
"endpoint","published","lm","model",0.327695700556766,0.571448219862496,0.566964034336871,207,4.13319179520185,0,214,4.17168945606764,0.0785522757644721,0.0792839328039851,-0.798908974351835,1.45430037546537,0.540119146821908,0.818670874939539,7,FALSE,"free_PMC6733445","defensible",7,"complete_case","none",NA,NA
"change","published","lm","model",0.249125691221084,0.821750417122924,0.762068837161269,207,5.94358677427228,0,214,4.17168945606764,0.0597181774541574,0.0419150423275493,-1.37094736064973,1.8691987430919,0.776698778244125,0.392006773617968,8,FALSE,"free_PMC6733445","defensible",8,"complete_case","none",NA,NA
"ancova","published","lm","model",0.313989920620748,0.558372096705769,0.5745019351151,206,4.03850189128012,0,214,4.17168945606764,0.0752668490613692,0.0777491082271649,-0.786866726950658,1.41484656819216,0.527774974223085,0.799616342527277,9,FALSE,"free_PMC6733445","defensible",9,"complete_case","none",NA,NA
"endpoint","none","mixed_ri","model",0.471771022287492,0.844918997332823,0.59986853969653,5.18097382085736,4.11939474837714,1,214,4.17168945606764,0.113088720350771,0.114524353965676,-1.67754060345552,2.6210826480305,1.03042743156103,0.737281724012724,10,FALSE,"free_PMC6733445","defensible",10,"complete_case","none",NA,NA
"change","none","mixed_ri","model",0.275507809494542,0.881365564715048,0.766977044228386,5.09674206523685,5.96249810110265,1,214,4.17168945606764,0.0660422623486082,0.0462067752178557,-1.97724073462829,2.52825635361738,1.08001737322334,0.382744696655215,11,FALSE,"free_PMC6733445","defensible",11,"complete_case","none",NA,NA
"ancova","none","mixed_ri","model",0.413570991895524,0.78534726734468,0.620827523098468,5.03597037570487,4.03124213677755,1,214,4.17168945606764,0.0991375307895926,0.102591453915026,-1.60089902287484,2.42804100666589,0.965781387126195,0.687735577057097,12,FALSE,"free_PMC6733445","defensible",12,"complete_case","none",NA,NA
"endpoint","strat","mixed_ri","model",0.487787323879866,0.947439086596284,0.630967749047994,4.49237962214629,4.11959136028509,1,214,4.17168945606764,0.116928004593053,0.1184067256239,-2.03283013230116,3.00840478006089,1.20843964188889,0.664361828946756,13,FALSE,"free_PMC6733445","defensible",13,"complete_case","none",NA,NA
"change","strat","mixed_ri","model",0.405618964003511,0.820987682926588,0.621776204609242,211.000000001006,5.95254178409676,1,214,4.17168945606764,0.0972313419479359,0.0681421447703554,-1.21276995611708,2.0240078841241,0.775891368312027,0.685532689126894,5,TRUE,"free_PMC6733445","defensible",14,"complete_case","none",NA,NA
"ancova","strat","mixed_ri","model",0.436881301718881,0.881667094365301,0.643947433238816,4.40510326935797,4.03135469665106,1,214,4.17168945606764,0.104725269299096,0.108370841712789,-1.92474368568575,2.79850628912352,1.13221514318124,0.634985171921678,14,FALSE,"free_PMC6733445","defensible",15,"complete_case","none",NA,NA
"endpoint","published","mixed_ri","model",0.423465423055389,0.793154274862205,0.616762838706487,4.89302396095973,4.09279110213985,1,214,4.17168945606764,0.101509335130271,0.103466170759115,-1.62888313851694,2.47581398462772,0.983941198493205,0.697212252508869,15,FALSE,"free_PMC6733445","defensible",16,"complete_case","none",NA,NA
"change","published","mixed_ri","model",0.234575207568846,0.871922217013761,0.79846763010978,5.091307576499,5.93622559664223,1,214,4.17168945606764,0.0562302659484063,0.0395158849255208,-1.99473584855486,2.46388626369255,1.06878092417988,0.324694172944891,16,FALSE,"free_PMC6733445","defensible",17,"complete_case","none",NA,NA
"ancova","published","mixed_ri","model",0.366579022499845,0.7246825083737,0.636103127637911,4.63197006247452,4.01004753319144,1,214,4.17168945606764,0.0878730371376668,0.0914151314830173,-1.54168796067198,2.27484600567167,0.914865309735022,0.652667414801333,17,FALSE,"free_PMC6733445","defensible",18,"complete_case","none",NA,NA
"endpoint","none","lm","hc3",0.397069209039548,0.566303830467676,0.483972503698336,212,4.17168945606764,0,214,4.17168945606764,0.095181871330815,0.095181871330815,-0.719238535849292,1.51337695392839,0.535182571303429,1.04700301000092,18,FALSE,"free_PMC6733445","defensible",19,"complete_case","none",NA,NA
"change","none","lm","hc3",0.301024011299432,0.832585018377926,0.718045814490911,212,5.97148802937684,0,214,4.17168945606764,0.0721587775095768,0.0504102176573978,-1.34018174131952,1.94222976391838,0.786830261409726,0.477852197593668,19,FALSE,"free_PMC6733445","defensible",20,"complete_case","none",NA,NA
"ancova","none","lm","hc3",0.380008936672451,0.555694871156506,0.494823615047434,211,4.07282078309008,0,214,4.17168945606764,0.0910923357729172,0.093303623437154,-0.715416050998123,1.47543392434303,0.525170916582633,1.01501374150347,20,FALSE,"free_PMC6733445","defensible",21,"complete_case","none",NA,NA
"endpoint","strat","lm","hc3",0.38732806555458,0.566208619571104,0.494679637372746,211,4.18115369707916,0,214,4.17168945606764,0.0928468117374411,0.0926366485463467,-0.728822365745633,1.50347849685479,0.53510715169692,1.01543358020178,21,FALSE,"free_PMC6733445","defensible",22,"complete_case","none",NA,NA
"change","strat","lm","hc3",0.405618964003509,0.833971167604424,0.627209282716711,211,5.95254178409676,0,214,4.17168945606764,0.0972313419479354,0.0681421447703551,-1.23836391834596,2.04960184635298,0.788161678697503,0.672981183345175,22,FALSE,"free_PMC6733445","defensible",23,"complete_case","none",NA,NA
"ancova","strat","lm","hc3",0.390605549445088,0.557476017344238,0.484285885941858,210,4.0820019458924,0,214,4.17168945606764,0.0936324607952206,0.0956897019214171,-0.708360745184157,1.48957184407433,0.526868697299997,1.04606913732962,23,FALSE,"free_PMC6733445","defensible",24,"complete_case","none",NA,NA
"endpoint","published","lm","hc3",0.327695700556766,0.571625420739126,0.567084147530802,207,4.13319179520185,0,214,4.17168945606764,0.0785522757644721,0.0792839328039851,-0.799258324177542,1.45464972529107,0.540286632838969,0.818365267624703,24,FALSE,"free_PMC6733445","defensible",25,"complete_case","none",NA,NA
"change","published","lm","hc3",0.249125691221084,0.836928417660255,0.76625611770628,207,5.94358677427228,0,214,4.17168945606764,0.0597181774541574,0.0419150423275493,-1.40087064287684,1.89912202531901,0.791044660190627,0.384101407716206,25,FALSE,"free_PMC6733445","defensible",26,"complete_case","none",NA,NA
"ancova","published","lm","hc3",0.313989920620748,0.560128448245754,0.57570143098362,206,4.03850189128012,0,214,4.17168945606764,0.0752668490613692,0.0777491082271649,-0.79032945597969,1.41830929722119,0.52943508294666,0.796607296615183,26,FALSE,"free_PMC6733445","defensible",27,"complete_case","none",NA,NA
"endpoint","none","lm","permutation",0.397069209039548,0.574950104265432,0.4936,212,4.17168945606764,0,214,4.17168945606764,0.095181871330815,0.095181871330815,-0.736282217854574,1.53042063593367,0.543353688633599,1.01858570040003,27,FALSE,"free_PMC6733445","defensible",28,"complete_case","none",NA,NA
"change","none","lm","permutation",0.301024011299432,0.810565133752424,0.7134,212,5.97148802937684,0,214,4.17168945606764,0.0721587775095768,0.0504102176573978,-1.29677577013139,1.89882379273025,0.766020480794347,0.487216879082637,28,FALSE,"free_PMC6733445","defensible",29,"complete_case","none",NA,NA
"ancova","none","lm","permutation",0.380008936672451,0.561919224776422,0.5046,211,4.07282078309008,0,214,4.17168945606764,0.0910923357729172,0.093303623437154,-0.72768593657969,1.48770380992459,0.531053370543209,0.986787888573149,29,FALSE,"free_PMC6733445","defensible",30,"complete_case","none",NA,NA
"endpoint","strat","lm","permutation",0.38732806555458,0.586152399576535,0.5104,211,4.18115369707916,0,214,4.17168945606764,0.0928468117374411,0.0926366485463467,-0.768136953841589,1.54279308495075,0.553955432955618,0.97029976578458,30,FALSE,"free_PMC6733445","defensible",31,"complete_case","none",NA,NA
"change","strat","lm","permutation",0.405618964003509,0.817651349031688,0.6182,211,5.95254178409676,0,214,4.17168945606764,0.0972313419479354,0.0681421447703551,-1.20619313904469,2.01743106705171,0.772738297048382,0.693854440691226,31,FALSE,"free_PMC6733445","defensible",32,"complete_case","none",NA,NA
"ancova","strat","lm","permutation",0.390605549445088,0.563128594218048,0.4932,210,4.0820019458924,0,214,4.17168945606764,0.0936324607952206,0.0956897019214171,-0.719503810121212,1.50071490901139,0.532210928573155,1.01975529514661,32,FALSE,"free_PMC6733445","defensible",33,"complete_case","none",NA,NA
"endpoint","published","lm","permutation",0.327695700556766,0.564316355713764,0.568,207,4.13319179520185,0,214,4.17168945606764,0.0785522757644721,0.0792839328039851,-0.784848572706507,1.44023997382004,0.533378279941284,0.816037165157405,33,FALSE,"free_PMC6733445","defensible",34,"complete_case","none",NA,NA
"change","published","lm","permutation",0.249125691221084,0.830875123048171,0.7638,207,5.94358677427228,0,214,4.17168945606764,0.0597181774541574,0.0419150423275493,-1.38893663070997,1.88718801315214,0.785323231358234,0.388733174926935,34,FALSE,"free_PMC6733445","defensible",35,"complete_case","none",NA,NA
"ancova","published","lm","permutation",0.313989920620748,0.562876220260972,0.5748,206,4.03850189128012,0,214,4.17168945606764,0.0752668490613692,0.0777491082271649,-0.795746816744688,1.42372665798618,0.532032285265792,0.798868033092113,35,FALSE,"free_PMC6733445","defensible",36,"complete_case","none",NA,NA
"endpoint","none","lm","model",0.304357142857143,0.567711052876454,0.592455276138986,207.346819382846,4.14187323153024,0,226,4.17168945606764,0.072957765927294,0.0734829691406796,-0.814868734961508,1.42358302067579,0.536581588637073,0.755221844383332,36,FALSE,"free_PMC6733445","defensible",37,"mi","none",NA,NA
"change","none","lm","model",0.43118253968254,0.807918485567181,0.594101247950664,215.874356462219,5.96494705994079,0,226,4.17168945606764,0.103359213149338,0.0722860631200338,-1.161236053779,2.02360113314409,0.763440620511867,0.751219275866626,37,FALSE,"free_PMC6733445","defensible",38,"mi","none",NA,NA
"ancova","none","lm","model",0.327084578939301,0.553873743635418,0.555476549862604,205.82559187721,4.03763576291672,0,226,4.17168945606764,0.0784057831686304,0.0810089364532032,-0.764908823235727,1.41907798111433,0.523525738756391,0.848202087163251,38,FALSE,"free_PMC6733445","defensible",39,"mi","none",NA,NA
"endpoint","strat","lm","model",0.298342159176681,0.571154450285486,0.60198997575213,205.41394412172,4.15073623795219,0,226,4.17168945606764,0.0715159079597231,0.0718769254593423,-0.827734479022188,1.42441879737555,0.539865994368786,0.732188631246402,39,FALSE,"free_PMC6733445","defensible",40,"mi","none",NA,NA
"change","strat","lm","model",0.522951885176179,0.807908520374266,0.518136046436218,214.415437580603,5.94467021432562,0,226,4.17168945606764,0.125357338000209,0.0879698732346759,-1.06950814798589,2.11541191833825,0.763460487618927,0.948597140317346,40,FALSE,"free_PMC6733445","defensible",41,"mi","none",NA,NA
"ancova","strat","lm","model",0.339014975635404,0.557122783136926,0.543525767817458,204.068722731693,4.04573794868323,0,226,4.17168945606764,0.0812656309165854,0.0837955843743521,-0.759440019135865,1.43746997040667,0.526623568863012,0.879579661803616,41,FALSE,"free_PMC6733445","defensible",42,"mi","none",NA,NA
"endpoint","published","lm","model",0.262315286890837,0.564538894289029,0.642675257906454,203.791358457383,4.10454971848351,0,226,4.17168945606764,0.0628798690921982,0.0639084198955087,-0.850770771682902,1.37540134546458,0.533638023777047,0.637838163173732,42,FALSE,"free_PMC6733445","defensible",43,"mi","none",NA,NA
"change","published","lm","model",0.394840083338545,0.808536212556301,0.625815331995745,211.519913002499,5.94587483250495,0,226,4.17168945606764,0.0946475253003931,0.0664057173185063,-1.19898102144664,1.98866118812373,0.764113015395719,0.676191090953348,43,FALSE,"free_PMC6733445","defensible",44,"mi","none",NA,NA
"ancova","published","lm","model",0.285848608669848,0.550704178233245,0.604285793520376,202.425334905296,4.00143237599967,0,226,4.17168945606764,0.0685210660285576,0.071436571159955,-0.800003685307196,1.37170090264689,0.520581555943812,0.726697069544502,44,FALSE,"free_PMC6733445","defensible",45,"mi","none",NA,NA
"endpoint","none","mixed_ri","model",0.337934684080224,0.826149457345439,0.705436843677082,3.63603922399408,4.0951122843946,1,226,4.17168945606764,0.0810066731090696,0.0825214696476099,-2.04927439205339,2.72514376021384,1.14448071999294,0.503411167830148,45,FALSE,"free_PMC6733445","defensible",46,"mi","none",NA,NA
"change","none","mixed_ri","model",0.422980711557946,0.840980469577777,0.618122145137651,35.2222540155981,5.96027936897998,1,226,4.17168945606764,0.101393144435219,0.0709665915593372,-1.28391538625706,2.12987680937295,0.818323662770421,0.694036142239501,46,FALSE,"free_PMC6733445","defensible",47,"mi","none",NA,NA
"ancova","none","mixed_ri","model",0.344845788292178,0.768821841750097,0.679166864730754,3.63813417052939,4.00000437341495,1,226,4.17168945606764,0.082663341057328,0.0862113528135398,-1.87614395087841,2.56583552746277,1.06479150116997,0.558162020647082,47,FALSE,"free_PMC6733445","defensible",48,"mi","none",NA,NA
"endpoint","strat","mixed_ri","model",0.344804367459771,0.932145865545414,0.735898817209453,3.01662293967128,4.09452141028909,1,226,4.17168945606764,0.0826534120266934,0.084211152637599,-2.61247349618649,3.30208223110603,1.41778427890645,0.442420679074099,48,FALSE,"free_PMC6733445","defensible",49,"mi","none",NA,NA
"change","strat","mixed_ri","model",0.522951885176178,0.807908520374275,0.518136046436239,214.415437575754,5.94467021432562,1,226,4.17168945606764,0.125357338000209,0.0879698732346758,-1.06950814798611,2.11541191833847,0.763460487619034,0.948597140317287,40,TRUE,"free_PMC6733445","defensible",50,"mi","none",NA,NA
"ancova","strat","mixed_ri","model",0.363450606099844,0.863846255913941,0.701870358438927,3.0463085904682,3.99961575636614,1,226,4.17168945606764,0.0871231212024214,0.0908713807123457,-2.36220208863296,3.08910330083265,1.30673806065233,0.510723518074794,49,FALSE,"free_PMC6733445","defensible",51,"mi","none",NA,NA
"endpoint","published","mixed_ri","model",0.300752420865717,0.769539255190378,0.719150088989695,3.4006153965304,4.0694795897807,1,226,4.17168945606764,0.0720936742854332,0.0739043934809177,-1.99286940758633,2.59437424931776,1.09961292785877,0.475635197596898,50,FALSE,"free_PMC6733445","defensible",52,"mi","none",NA,NA
"change","published","mixed_ri","model",0.391806247042659,0.826230680013871,0.637217964227707,55.2960346734058,5.94342765242362,1,226,4.17168945606764,0.0939202812598586,0.0659226072824976,-1.26379781060765,2.04741030469297,0.793733126631592,0.650141155492905,51,FALSE,"free_PMC6733445","defensible",53,"mi","none",NA,NA
"ancova","published","mixed_ri","model",0.312628985515607,0.705937383605799,0.685369634612367,3.29247336261939,3.97617855164718,1,226,4.17168945606764,0.0749406178978387,0.0786254896390649,-1.82519211627837,2.45045008730958,1.02491862076865,0.545045820399107,52,FALSE,"free_PMC6733445","defensible",54,"mi","none",NA,NA
"endpoint","none","lm","hc3",0.304357142857143,0.561521008499498,0.588386036294925,206.930125835411,4.14187323153024,0,226,4.17168945606764,0.072957765927294,0.0734829691406796,-0.802678328345418,1.4113926140597,0.530737238646755,0.765165086240081,53,FALSE,"free_PMC6733445","defensible",55,"mi","none",NA,NA
"change","none","lm","hc3",0.43118253968254,0.821213683558421,0.600083035154021,216.107742086453,5.96494705994079,0,226,4.17168945606764,0.103359213149338,0.0722860631200338,-1.18743122031166,2.04979629967674,0.775999161509954,0.73676595063887,54,FALSE,"free_PMC6733445","defensible",56,"mi","none",NA,NA
"ancova","none","lm","hc3",0.327084578939301,0.554413635032567,0.555861180055118,205.863393625692,4.03763576291672,0,226,4.17168945606764,0.0784057831686304,0.0810089364532032,-0.765972062636285,1.42014122051489,0.524035479192133,0.84720346347122,55,FALSE,"free_PMC6733445","defensible",57,"mi","none",NA,NA
"endpoint","strat","lm","hc3",0.298342159176681,0.562965632812256,0.596722405495134,204.825328695689,4.15073623795219,0,226,4.17168945606764,0.0715159079597231,0.0718769254593423,-0.811608472977057,1.40829279133042,0.532134831148247,0.744868147238959,56,FALSE,"free_PMC6733445","defensible",58,"mi","none",NA,NA
"change","strat","lm","hc3",0.522951885176179,0.822271583071918,0.525463999223255,214.687469460063,5.94467021432562,0,226,4.17168945606764,0.125357338000209,0.0879698732346759,-1.09780737441569,2.14371114476805,0.777027761371119,0.928336169750794,57,FALSE,"free_PMC6733445","defensible",59,"mi","none",NA,NA
"ancova","strat","lm","hc3",0.339014975635404,0.556887052249364,0.54335538814726,204.051406363763,4.04573794868323,0,226,4.17168945606764,0.0812656309165854,0.0837955843743521,-0.758975794526838,1.43700574579765,0.526401009339387,0.880031976034894,58,FALSE,"free_PMC6733445","defensible",60,"mi","none",NA,NA
"endpoint","published","lm","hc3",0.262315286890837,0.566569382571617,0.643866114070952,203.911025710564,4.10454971848351,0,226,4.17168945606764,0.0628798690921982,0.0639084198955087,-0.854770314498356,1.37940088828003,0.53555549287803,0.63516737028511,59,FALSE,"free_PMC6733445","defensible",61,"mi","none",NA,NA
"change","published","lm","hc3",0.394840083338545,0.821094419060721,0.631105100447787,211.715436115204,5.94587483250495,0,226,4.17168945606764,0.0946475253003931,0.0664057173185063,-1.22372769350837,2.01340786018546,0.775977116174236,0.664047811916436,60,FALSE,"free_PMC6733445","defensible",62,"mi","none",NA,NA
"ancova","published","lm","hc3",0.285848608669848,0.556743397576772,0.608209660602034,202.795870866973,4.00143237599967,0,226,4.17168945606764,0.0685210660285576,0.071436571159955,-0.811899468325047,1.38359668566474,0.526284656878398,0.717359363043547,61,FALSE,"free_PMC6733445","defensible",63,"mi","none",NA,NA
"endpoint","none","lm","model",0.392698412698413,0.631891968937289,0.534925997502673,224,4.71817330087102,0,226,4.17168945606764,0.094134143213187,0.083231027700046,-0.852514827521962,1.63791165291879,0.596982710881913,0.902588774252923,62,FALSE,"free_PMC6733445","defensible",64,"locf","none",NA,NA
"change","none","lm","model",0.51952380952381,0.833403100213661,0.533671428799168,224,6.22280460836411,0,226,4.17168945606764,0.124535590435231,0.0834870837540866,-1.12278947477392,2.16183709382154,0.787361236541239,0.905976319148766,63,FALSE,"free_PMC6733445","defensible",65,"locf","none",NA,NA
"ancova","none","lm","model",0.419755343759114,0.614479251289754,0.495248037525906,223,4.5878372422626,0,226,4.17168945606764,0.10061998817975,0.0914930764963453,-0.791173699042722,1.63068438656095,0.580546109941412,1.01377683659694,64,FALSE,"free_PMC6733445","defensible",66,"locf","none",NA,NA
"endpoint","strat","lm","model",0.348616818622929,0.633664942566003,0.582760573590186,223,4.71898756185392,0,226,4.17168945606764,0.0835672986434484,0.0738753417027381,-0.900120678612276,1.59735431585813,0.598672317479884,0.77902481908065,65,FALSE,"free_PMC6733445","defensible",67,"locf","none",NA,NA
"change","strat","lm","model",0.573226544622427,0.835995249105722,0.493626126677158,223,6.22576841054758,0,226,4.17168945606764,0.137408728683934,0.0920732200143001,-1.07423498424393,2.22068807348879,0.789829418616076,1.01850933931808,66,FALSE,"free_PMC6733445","defensible",68,"locf","none",NA,NA
"ancova","strat","lm","model",0.395683224983602,0.617195288203297,0.522119700268679,222,4.59532048982545,0,226,4.17168945606764,0.0948496356573448,0.0861056863954731,-0.820628093835536,1.61199454380274,0.583126491858131,0.937547500377484,67,FALSE,"free_PMC6733445","defensible",69,"locf","none",NA,NA
"endpoint","published","lm","model",0.369236401267067,0.634828658272046,0.561413055674161,219,4.71768132366608,0,226,4.17168945606764,0.0885100401541204,0.0782664991411791,-0.881919067115039,1.62039186964917,0.599831546215563,0.832865480738819,68,FALSE,"free_PMC6733445","defensible",70,"locf","none",NA,NA
"change","published","lm","model",0.501761197714776,0.827198471709695,0.544758636666243,219,6.14726309233131,0,226,4.17168945606764,0.120277696362315,0.0816235111753589,-1.12852734996039,2.13204974538994,0.781596312402373,0.876310930711327,69,FALSE,"free_PMC6733445","defensible",71,"locf","none",NA,NA
"ancova","published","lm","model",0.39962837512419,0.614381687497658,0.516082511735727,218,4.56537886535713,0,226,4.17168945606764,0.0957953316834115,0.0875345479334996,-0.811259933965609,1.61051668421399,0.580526581300814,0.954326351418314,70,FALSE,"free_PMC6733445","defensible",72,"locf","none",NA,NA
"endpoint","none","mixed_ri","model",-0.126185046637053,1.22492084418052,0.923852368039705,3.3269373495358,4.61485784973881,1,226,4.17168945606764,-0.0302479482152056,-0.027343214188969,-3.8164245641831,3.564054470909,1.76918227322922,0.11426576804458,71,FALSE,"free_PMC6733445","defensible",73,"locf","none",NA,NA
"change","none","mixed_ri","model",0.509083151883609,0.843373341307404,0.580688015453757,3.75032948308008,6.2214051925234,1,226,4.17168945606764,0.122032849579241,0.081827679781314,-1.89527497691692,2.91344128068414,1.15270235434397,0.78416483564244,72,FALSE,"free_PMC6733445","defensible",74,"locf","none",NA,NA
"ancova","none","mixed_ri","model",-0.0612333901398508,1.10434909429233,0.959139280963623,3.12367004493807,4.50518329284238,1,226,4.17168945606764,-0.0146783193678974,-0.0135917644543199,-3.49834433247852,3.37587755219881,1.64782684738887,0.0601877641433281,73,FALSE,"free_PMC6733445","defensible",75,"locf","none",NA,NA
"endpoint","strat","mixed_ri","model",-0.252296917900596,1.38674519676251,0.866893112027995,3.09735887875483,4.60816133574606,1,226,4.17168945606764,-0.0604783554858417,-0.0547500183952977,-4.58809023595028,4.08349640014909,2.07867501342573,0.206073974858478,74,FALSE,"free_PMC6733445","defensible",76,"locf","none",NA,NA
"change","strat","mixed_ri","model",0.573226544622425,0.83599524910572,0.493626126677168,222.999999997008,6.22576841054758,1,226,4.17168945606764,0.137408728683934,0.0920732200142998,-1.07423498424405,2.2206880734889,0.789829418616133,1.01850933931805,66,TRUE,"free_PMC6733445","defensible",77,"locf","none",NA,NA
"ancova","strat","mixed_ri","model",-0.209707456101557,1.29339706989718,0.881305638933839,3.06301052295415,4.4971267950935,1,226,4.17168945606764,-0.0502691914894437,-0.0466314306126202,-4.27838364891031,3.8589687367072,1.95061316795331,0.182285658823255,75,FALSE,"free_PMC6733445","defensible",78,"locf","none",NA,NA
"endpoint","published","mixed_ri","model",-0.0390061855783813,1.15826852328749,0.97531653693337,2.90250169251031,4.63079770619248,1,226,4.17168945606764,-0.00935021314245901,-0.00842321087060676,-3.79618155296652,3.71816918180976,1.80127279700717,0.0360575763830891,76,FALSE,"free_PMC6733445","defensible",79,"locf","none",NA,NA
"change","published","mixed_ri","model",0.463191276428548,0.874016960400754,0.622816217496512,4.21833321698564,6.14047240294518,1,226,4.17168945606764,0.111032060585154,0.0754325149651981,-1.91472850072563,2.84111105358272,1.14002722503495,0.68312158367983,77,FALSE,"free_PMC6733445","defensible",80,"locf","none",NA,NA
"ancova","published","mixed_ri","model",0.0533775507581783,1.01599058357347,0.96180623926786,2.64862532448973,4.500710632739,1,226,4.17168945606764,0.0127951879736738,0.0118598050649824,-3.43670110484284,3.5434562063592,1.67322073819506,0.0561818098344818,78,FALSE,"free_PMC6733445","defensible",81,"locf","none",NA,NA
"endpoint","none","lm","hc3",0.392698412698413,0.630940234390207,0.534310672852539,224,4.71817330087102,0,226,4.17168945606764,0.094134143213187,0.083231027700046,-0.850639328991422,1.63603615438825,0.596083555491613,0.904249259613919,79,FALSE,"free_PMC6733445","defensible",82,"locf","none",NA,NA
"change","none","lm","hc3",0.51952380952381,0.843844226022138,0.538741890650743,224,6.22280460836411,0,226,4.17168945606764,0.124535590435231,0.0834870837540866,-1.14336487173835,2.18241249078597,0.797225535972495,0.892333846520445,80,FALSE,"free_PMC6733445","defensible",83,"locf","none",NA,NA
"ancova","none","lm","hc3",0.419755343759114,0.61830658677555,0.497918495364067,223,4.5878372422626,0,226,4.17168945606764,0.10061998817975,0.0914930764963453,-0.798716072013931,1.63822675953216,0.58416209001406,1.00601848905473,81,FALSE,"free_PMC6733445","defensible",84,"locf","none",NA,NA
"endpoint","strat","lm","hc3",0.348616818622929,0.635646990303723,0.583935661117054,223,4.71898756185392,0,226,4.17168945606764,0.0835672986434484,0.0738753417027381,-0.904026618747419,1.60126025599328,0.60054491138999,0.776118675269695,82,FALSE,"free_PMC6733445","defensible",85,"locf","none",NA,NA
"change","strat","lm","hc3",0.573226544622427,0.849033256973378,0.500278597588235,223,6.22576841054758,0,226,4.17168945606764,0.137408728683934,0.0920732200143001,-1.09992845127978,2.24638154052463,0.802147433802214,0.999196361153158,83,FALSE,"free_PMC6733445","defensible",86,"locf","none",NA,NA
"ancova","strat","lm","hc3",0.395683224983602,0.623523485750984,0.526347752490428,222,4.59532048982545,0,226,4.17168945606764,0.0948496356573448,0.0861056863954731,-0.83309911954181,1.62446556950902,0.589105376833922,0.925911806733595,84,FALSE,"free_PMC6733445","defensible",87,"locf","none",NA,NA
"endpoint","published","lm","hc3",0.369236401267067,0.634344284823991,0.561114412279515,219,4.71768132366608,0,226,4.17168945606764,0.0885100401541204,0.0782664991411791,-0.880964437105231,1.61943723963937,0.599373875518901,0.833633125837785,85,FALSE,"free_PMC6733445","defensible",88,"locf","none",NA,NA
"change","published","lm","hc3",0.501761197714776,0.843810950821835,0.552699995804913,219,6.14726309233131,0,226,4.17168945606764,0.120277696362315,0.0816235111753589,-1.16126814358037,2.16479053900992,0.797292971496863,0.855431493285589,86,FALSE,"free_PMC6733445","defensible",89,"locf","none",NA,NA
"ancova","published","lm","hc3",0.39962837512419,0.619865150159668,0.519798077541088,218,4.56537886535713,0,226,4.17168945606764,0.0957953316834115,0.0875345479334996,-0.822067321239475,1.62132407148786,0.585707881293385,0.943976796835364,87,FALSE,"free_PMC6733445","defensible",90,"locf","none",NA,NA
"endpoint","none","lm","permutation",0.392698412698413,0.627318009345771,0.5316,224,4.71817330087102,0,226,4.17168945606764,0.094134143213187,0.083231027700046,-0.843501332615278,1.6288981580121,0.592661442483771,0.911586990273275,88,FALSE,"free_PMC6733445","defensible",91,"locf","none",NA,NA
"change","none","lm","permutation",0.51952380952381,0.822783307013725,0.5328,224,6.22280460836411,0,226,4.17168945606764,0.124535590435231,0.0834870837540866,-1.10186199388949,2.14090961293711,0.777328140307771,0.908334012478187,89,FALSE,"free_PMC6733445","defensible",92,"locf","none",NA,NA
"ancova","none","lm","permutation",0.419755343759114,0.618595046033487,0.4956,223,4.5878372422626,0,226,4.17168945606764,0.10061998817975,0.0914930764963453,-0.799284526835421,1.63879521435365,0.58443461980204,1.01275190740885,90,FALSE,"free_PMC6733445","defensible",93,"locf","none",NA,NA
"endpoint","strat","lm","permutation",0.348616818622929,0.635925742147727,0.5882,223,4.71898756185392,0,226,4.17168945606764,0.0835672986434484,0.0738753417027381,-0.904575943566654,1.60180958081251,0.600808269832664,0.765621310662385,91,FALSE,"free_PMC6733445","defensible",94,"locf","none",NA,NA
"change","strat","lm","permutation",0.573226544622427,0.839962799358689,0.485,223,6.22576841054758,0,226,4.17168945606764,0.137408728683934,0.0920732200143001,-1.08205367270251,2.22850676194736,0.793577870432021,1.0439433475876,92,FALSE,"free_PMC6733445","defensible",95,"locf","none",NA,NA
"ancova","strat","lm","permutation",0.395683224983602,0.617926322771714,0.5178,222,4.59532048982545,0,226,4.17168945606764,0.0948496356573448,0.0861056863954731,-0.822068749065749,1.61343519903295,0.583817173772681,0.949533129649338,93,FALSE,"free_PMC6733445","defensible",96,"locf","none",NA,NA
"endpoint","published","lm","permutation",0.369236401267067,0.632218807011222,0.559,219,4.71768132366608,0,226,4.17168945606764,0.0885100401541204,0.0782664991411791,-0.876775427750156,1.61524823028429,0.597365571977044,0.839079811818897,94,FALSE,"free_PMC6733445","defensible",97,"locf","none",NA,NA
"change","published","lm","permutation",0.501761197714776,0.833346260765929,0.5502,219,6.14726309233131,0,226,4.17168945606764,0.120277696362315,0.0816235111753589,-1.14064375301803,2.14416614844758,0.787405183453415,0.861971955233239,95,FALSE,"free_PMC6733445","defensible",98,"locf","none",NA,NA
"ancova","published","lm","permutation",0.39962837512419,0.620266252943968,0.519,218,4.56537886535713,0,226,4.17168945606764,0.0957953316834115,0.0875345479334996,-0.82285785696366,1.62211460721204,0.586086881567739,0.946193556304206,96,FALSE,"free_PMC6733445","defensible",99,"locf","none",NA,NA
"ancova","none","lm","model",0.380008936672451,0.559813323454164,0.497999795796004,211,4.07282078309008,0,214,4.17168945606764,0.0910923357729172,0.093303623437154,-0.72353463511965,1.48355250846455,0.529063144998494,1.00578294416861,1,FALSE,"free_PMC6733445","strict",1,NA,NA,NA,NA
"ancova","strat","lm","model",0.390605549445088,0.562999544245509,0.488578295947614,210,4.0820019458924,0,214,4.17168945606764,0.0936324607952206,0.0956897019214171,-0.719249410710778,1.50046050960095,0.532088963880858,1.03333831851966,2,FALSE,"free_PMC6733445","strict",2,NA,NA,NA,NA
"ancova","published","lm","model",0.313989920620748,0.558372096705769,0.5745019351151,206,4.03850189128012,0,214,4.17168945606764,0.0752668490613692,0.0777491082271649,-0.786866726950658,1.41484656819216,0.527774974223085,0.799616342527277,3,FALSE,"free_PMC6733445","strict",3,NA,NA,NA,NA
"ancova","none","mixed_ri","model",0.413570991895524,0.78534726734468,0.620827523098468,5.03597037570487,4.03124213677755,1,214,4.17168945606764,0.0991375307895926,0.102591453915026,-1.60089902287484,2.42804100666589,0.965781387126195,0.687735577057097,4,FALSE,"free_PMC6733445","strict",4,NA,NA,NA,NA
"ancova","strat","mixed_ri","model",0.436881301718881,0.881667094365301,0.643947433238816,4.40510326935797,4.03135469665106,1,214,4.17168945606764,0.104725269299096,0.108370841712789,-1.92474368568575,2.79850628912352,1.13221514318124,0.634985171921678,5,FALSE,"free_PMC6733445","strict",5,NA,NA,NA,NA
"ancova","published","mixed_ri","model",0.366579022499845,0.7246825083737,0.636103127637911,4.63197006247452,4.01004753319144,1,214,4.17168945606764,0.0878730371376668,0.0914151314830173,-1.54168796067198,2.27484600567167,0.914865309735022,0.652667414801333,6,FALSE,"free_PMC6733445","strict",6,NA,NA,NA,NA
"ancova","none","lm","hc3",0.380008936672451,0.555694871156506,0.494823615047434,211,4.07282078309008,0,214,4.17168945606764,0.0910923357729172,0.093303623437154,-0.715416050998123,1.47543392434303,0.525170916582633,1.01501374150347,7,FALSE,"free_PMC6733445","strict",7,NA,NA,NA,NA
"ancova","strat","lm","hc3",0.390605549445088,0.557476017344238,0.484285885941858,210,4.0820019458924,0,214,4.17168945606764,0.0936324607952206,0.0956897019214171,-0.708360745184157,1.48957184407433,0.526868697299997,1.04606913732962,8,FALSE,"free_PMC6733445","strict",8,NA,NA,NA,NA
"ancova","published","lm","hc3",0.313989920620748,0.560128448245754,0.57570143098362,206,4.03850189128012,0,214,4.17168945606764,0.0752668490613692,0.0777491082271649,-0.79032945597969,1.41830929722119,0.52943508294666,0.796607296615183,9,FALSE,"free_PMC6733445","strict",9,NA,NA,NA,NA
"ancova","none","lm","permutation",0.380008936672451,0.561573586374634,0.5098,211,4.07282078309008,0,214,4.17168945606764,0.0910923357729172,0.093303623437154,-0.727004589744099,1.487022463089,0.530726717831991,0.971996721527247,10,FALSE,"free_PMC6733445","strict",10,NA,NA,NA,NA
"ancova","strat","lm","permutation",0.390605549445088,0.558288323302352,0.4752,210,4.0820019458924,0,214,4.17168945606764,0.0936324607952206,0.0956897019214171,-0.709962064059085,1.49117316294926,0.527636404911885,1.07339325874868,11,FALSE,"free_PMC6733445","strict",11,NA,NA,NA,NA
"ancova","published","lm","permutation",0.313989920620748,0.563536342208308,0.5828,206,4.03850189128012,0,214,4.17168945606764,0.0752668490613692,0.0777491082271649,-0.797048277971386,1.42502811921288,0.532656234502859,0.778927217484937,12,FALSE,"free_PMC6733445","strict",12,NA,NA,NA,NA
"endpoint","none","lm","model",0.397069209039548,0.573379601186807,0.489377030704018,212,4.17168945606764,0,214,4.17168945606764,0.095181871330815,0.095181871330815,-0.73318641546773,1.52732483354683,0.54186949264085,1.03098170590787,1,FALSE,"free_PMC6733445","outlier_arm",1,NA,NA,"none","pooled"
"change","none","lm","model",0.301024011299432,0.820753668467784,0.714159854050963,212,5.97148802937684,0,214,4.17168945606764,0.0721587775095768,0.0504102176573978,-1.31685958309524,1.9189076056941,0.775649104005808,0.485681058680375,2,FALSE,"free_PMC6733445","outlier_arm",2,NA,NA,"none","pooled"
"ancova","none","lm","model",0.380008936672451,0.559813323454164,0.497999795796004,211,4.07282078309008,0,214,4.17168945606764,0.0910923357729172,0.093303623437154,-0.72353463511965,1.48355250846455,0.529063144998494,1.00578294416861,3,FALSE,"free_PMC6733445","outlier_arm",3,NA,NA,"none","pooled"
"endpoint","strat","lm","model",0.38732806555458,0.576673933628813,0.502535699778095,211,4.18115369707916,0,214,4.17168945606764,0.0928468117374411,0.0926366485463467,-0.749452332149274,1.52410846325843,0.544997612921753,0.992702006927387,4,FALSE,"free_PMC6733445","outlier_arm",4,NA,NA,"none","pooled"
"change","strat","lm","model",0.405618964003509,0.820987682926587,0.621776204609246,211,5.95254178409676,0,214,4.17168945606764,0.0972313419479354,0.0681421447703551,-1.21276995611712,2.02400788412414,0.775891368312048,0.685532689126886,5,FALSE,"free_PMC6733445","outlier_arm",5,NA,NA,"none","pooled"
"ancova","strat","lm","model",0.390605549445088,0.562999544245509,0.488578295947614,210,4.0820019458924,0,214,4.17168945606764,0.0936324607952206,0.0956897019214171,-0.719249410710778,1.50046050960095,0.532088963880858,1.03333831851966,6,FALSE,"free_PMC6733445","outlier_arm",6,NA,NA,"none","pooled"
"endpoint","published","lm","model",0.327695700556766,0.571448219862496,0.566964034336871,207,4.13319179520185,0,214,4.17168945606764,0.0785522757644721,0.0792839328039851,-0.798908974351835,1.45430037546537,0.540119146821908,0.818670874939539,7,FALSE,"free_PMC6733445","outlier_arm",7,NA,NA,"none","pooled"
"change","published","lm","model",0.249125691221084,0.821750417122924,0.762068837161269,207,5.94358677427228,0,214,4.17168945606764,0.0597181774541574,0.0419150423275493,-1.37094736064973,1.8691987430919,0.776698778244125,0.392006773617968,8,FALSE,"free_PMC6733445","outlier_arm",8,NA,NA,"none","pooled"
"ancova","published","lm","model",0.313989920620748,0.558372096705769,0.5745019351151,206,4.03850189128012,0,214,4.17168945606764,0.0752668490613692,0.0777491082271649,-0.786866726950658,1.41484656819216,0.527774974223085,0.799616342527277,9,FALSE,"free_PMC6733445","outlier_arm",9,NA,NA,"none","pooled"
"endpoint","none","lm","model",0.360349490502016,0.554426879980884,0.516428471812619,212,4.03379674580225,0,214,4.17168945606764,0.0863797495707393,0.0893325849590742,-0.732546207530072,1.4532451885341,0.523958319305141,0.953359553168397,10,FALSE,"free_PMC6733445","outlier_arm",10,NA,NA,"sd3_winsor","pooled"
"change","none","lm","model",0.264304292761901,0.81237196082809,0.745237921488425,212,5.91050594820064,0,214,4.17168945606764,0.0633566557495011,0.0447177103074169,-1.3370571369392,1.86566572246301,0.767728013585459,0.424227007092875,11,FALSE,"free_PMC6733445","outlier_arm",11,NA,NA,"sd3_winsor","pooled"
"ancova","none","lm","model",0.343979315788215,0.541532173589567,0.525988522974053,211,3.93981957717395,0,214,4.17168945606764,0.0824556380360248,0.0873083929480223,-0.72352716189979,1.41148579347622,0.511786166698165,0.926896774512488,12,FALSE,"free_PMC6733445","outlier_arm",12,NA,NA,"sd3_winsor","pooled"
"endpoint","strat","lm","model",0.351569077375383,0.557619477891067,0.52906148592261,211,4.04300004835713,0,214,4.17168945606764,0.0842749876465596,0.0869574754317016,-0.747649831056221,1.45078798580699,0.526989805932372,0.918492697158845,13,FALSE,"free_PMC6733445","outlier_arm",13,NA,NA,"sd3_winsor","pooled"
"change","strat","lm","model",0.369859975824313,0.812424334400186,0.649394130727683,211,5.89045353237844,0,214,4.17168945606764,0.0886595178570541,0.0627897281238667,-1.23164826671434,1.97136821836297,0.767798398900135,0.622833749389217,14,FALSE,"free_PMC6733445","outlier_arm",14,NA,NA,"sd3_winsor","pooled"
"ancova","strat","lm","model",0.354715514341962,0.54460781646384,0.515550204904708,210,3.94865358111938,0,214,4.17168945606764,0.085029223310483,0.0898320166747589,-0.718883376847318,1.42831440553124,0.514707004198384,0.955815169058757,15,FALSE,"free_PMC6733445","outlier_arm",15,NA,NA,"sd3_winsor","pooled"
"endpoint","published","lm","model",0.29263408674619,0.553035981329186,0.597274509956593,207,4.00001907614869,0,214,4.17168945606764,0.0701476200057412,0.073158172792502,-0.797671036801221,1.3829392102936,0.522716340719746,0.743533942074672,16,FALSE,"free_PMC6733445","outlier_arm",16,NA,NA,"sd3_winsor","pooled"
"change","published","lm","model",0.214064077410509,0.813623060961,0.79273533702506,207,5.88480293238153,0,214,4.17168945606764,0.0513135216954266,0.0363757427173316,-1.38998596987579,1.81811412469681,0.769016996197184,0.335088807385584,17,FALSE,"free_PMC6733445","outlier_arm",17,NA,NA,"sd3_winsor","pooled"
"ancova","published","lm","model",0.279472062957728,0.540598892411827,0.605733432043379,206,3.90995478160423,0,214,4.17168945606764,0.0669925376519198,0.0714770575538632,-0.786343882882586,1.34528800879804,0.510975688418085,0.723245055112914,18,FALSE,"free_PMC6733445","outlier_arm",18,NA,NA,"sd3_winsor","pooled"
"endpoint","none","lm","model",0.224046610169493,0.460968627762504,0.627444771727986,212,3.3538304467659,0,214,4.17168945606764,0.053706444961674,0.0668032012129714,-0.684622591126746,1.13271581146573,0.435636070644998,0.672439617593984,19,FALSE,"free_PMC6733445","outlier_arm",19,NA,NA,"iqr15_winsor","pooled"
"change","none","lm","model",0.128001412429377,0.773112843591764,0.868656068569888,212,5.62487171027116,0,214,4.17168945606764,0.0306833511404358,0.0227563256590622,-1.39597177747788,1.65197460233663,0.730626383366415,0.203143018405597,20,FALSE,"free_PMC6733445","outlier_arm",20,NA,NA,"iqr15_winsor","pooled"
"ancova","none","lm","model",0.210607933732151,0.450548516792994,0.64066188945883,211,3.27788440557749,0,214,4.17168945606764,0.0504850459148693,0.0642511777943696,-0.67754513204261,1.09876099950691,0.425800182457474,0.642364922278199,21,FALSE,"free_PMC6733445","outlier_arm",21,NA,NA,"iqr15_winsor","pooled"
"endpoint","strat","lm","model",0.210711150131696,0.463530820875753,0.649879808442375,211,3.36081361128815,0,214,4.17168945606764,0.0505097880249021,0.0626964701118707,-0.703033550599485,1.12445585086288,0.438069377097165,0.62175517028135,22,FALSE,"free_PMC6733445","outlier_arm",22,NA,NA,"iqr15_winsor","pooled"
"change","strat","lm","model",0.229002048580624,0.773113831327055,0.767363020024316,211,5.60543413810137,0,214,4.17168945606764,0.0548943182353964,0.0408535793907643,-1.29501455316856,1.75301865032981,0.730647195961596,0.382018853158833,23,FALSE,"free_PMC6733445","outlier_arm",23,NA,NA,"iqr15_winsor","pooled"
"ancova","strat","lm","model",0.213277603159282,0.45316336333135,0.638385046099638,210,3.28563983724836,0,214,4.17168945606764,0.0511249951381385,0.0649120456665438,-0.680054570365345,1.10660977668391,0.428283161022589,0.64750123745394,24,FALSE,"free_PMC6733445","outlier_arm",24,NA,NA,"iqr15_winsor","pooled"
"endpoint","published","lm","model",0.163457696171908,0.459738126605993,0.722543212771382,207,3.32521090587453,0,214,4.17168945606764,0.0391826136373027,0.049157091324082,-0.742911603206894,1.06982699555071,0.43453344690387,0.468844222171367,25,FALSE,"free_PMC6733445","outlier_arm",25,NA,NA,"iqr15_winsor","pooled"
"change","published","lm","model",0.0848876868362265,0.772565298706047,0.912612829292975,207,5.58783883277797,0,214,4.17168945606764,0.020348515326988,0.0151915059429201,-1.43821737665286,1.60799275032531,0.730210184400836,0.131925159899264,26,FALSE,"free_PMC6733445","outlier_arm",26,NA,NA,"iqr15_winsor","pooled"
"ancova","published","lm","model",0.152449591699064,0.449257517582944,0.734701737471543,206,3.24931590445606,0,214,4.17168945606764,0.0365438495133739,0.0469174423730231,-0.733282570814819,1.03818175421295,0.424639548001639,0.444769408479076,27,FALSE,"free_PMC6733445","outlier_arm",27,NA,NA,"iqr15_winsor","pooled"
"endpoint","none","lm","model",0.0272294844632764,0.296105248674728,0.926817606554063,212,2.15434790708608,0,214,4.17168945606764,0.00652720792140259,0.0126393162282253,-0.55645821922903,0.610917188155583,0.279832767917729,0.10964264385795,28,FALSE,"free_PMC6733445","outlier_arm",28,NA,NA,"mad_winsor","pooled"
"change","none","lm","model",-0.0688157132768379,0.735050856842524,0.92549916753115,212,5.34794733334855,0,214,4.17168945606764,-0.0164958858998353,-0.012867687168069,-1.51776046737262,1.38012904081895,0.694656095260553,0.111696402467604,29,FALSE,"free_PMC6733445","outlier_arm",29,NA,NA,"mad_winsor","pooled"
"ancova","none","lm","model",0.0198428200025218,0.291413654154715,0.945777203719105,211,2.12012743782924,0,214,4.17168945606764,0.00475654293338178,0.0093592581504622,-0.554612362290425,0.594298002295469,0.275406493384791,0.0804277262759859,30,FALSE,"free_PMC6733445","outlier_arm",30,NA,NA,"mad_winsor","pooled"
"endpoint","strat","lm","model",0.020851185250219,0.297788783232408,0.944244018069668,211,2.15910690487758,0,214,4.17168945606764,0.00499825921123907,0.00965731951628456,-0.566171101858354,0.607873472358792,0.281431440806199,0.0827683558867933,31,FALSE,"free_PMC6733445","outlier_arm",31,NA,NA,"mad_winsor","pooled"
"change","strat","lm","model",0.0391420836991499,0.733914259803523,0.957516793494784,211,5.32121904905066,0,214,4.17168945606764,0.0093827894217338,0.0073558489771499,-1.40760155336802,1.48588572076632,0.69360083117544,0.0626303047905701,32,FALSE,"free_PMC6733445","outlier_arm",32,NA,NA,"mad_winsor","pooled"
"ancova","strat","lm","model",0.0222644223301012,0.293101499025579,0.939522064459062,210,2.12511875292861,0,214,4.17168945606764,0.0053370277353023,0.010476789732065,-0.555533829635808,0.600062674296011,0.277009234772024,0.090001051483779,33,FALSE,"free_PMC6733445","outlier_arm",33,NA,NA,"mad_winsor","pooled"
"endpoint","published","lm","model",-0.00955295606468324,0.294166726370511,0.974124837356248,207,2.12765996567203,0,214,4.17168945606764,-0.00228994899195784,-0.00448988852486393,-0.589499830711211,0.570393918581845,0.278039331908087,0.0378214245366933,34,FALSE,"free_PMC6733445","outlier_arm",34,NA,NA,"mad_winsor","pooled"
"change","published","lm","model",-0.0881229654003633,0.733038206148003,0.90442859564835,207,5.3019458175046,0,214,4.17168945606764,-0.0211240473022723,-0.0166208724935328,-1.53330074569282,1.35705481489209,0.692850124877091,0.144921487862189,35,FALSE,"free_PMC6733445","outlier_arm",35,NA,NA,"mad_winsor","pooled"
"ancova","published","lm","model",-0.0157702500128018,0.289117526459133,0.956552898711495,206,2.09108170751358,0,214,4.17168945606764,-0.00378030296331486,-0.0075416708759571,-0.585778946381547,0.554238446355944,0.273274749892842,0.0640833410587928,36,FALSE,"free_PMC6733445","outlier_arm",36,NA,NA,"mad_winsor","pooled"
"endpoint","none","mixed_ri","model",0.471771022287492,0.844918997332823,0.59986853969653,5.18097382085736,4.11939474837714,1,214,4.17168945606764,0.113088720350771,0.114524353965676,-1.67754060345552,2.6210826480305,1.03042743156103,0.737281724012724,37,FALSE,"free_PMC6733445","outlier_arm",37,NA,NA,"none","pooled"
"change","none","mixed_ri","model",0.275507809494542,0.881365564715048,0.766977044228386,5.09674206523685,5.96249810110265,1,214,4.17168945606764,0.0660422623486082,0.0462067752178557,-1.97724073462829,2.52825635361738,1.08001737322334,0.382744696655215,38,FALSE,"free_PMC6733445","outlier_arm",38,NA,NA,"none","pooled"
"ancova","none","mixed_ri","model",0.413570991895524,0.78534726734468,0.620827523098468,5.03597037570487,4.03124213677755,1,214,4.17168945606764,0.0991375307895926,0.102591453915026,-1.60089902287484,2.42804100666589,0.965781387126195,0.687735577057097,39,FALSE,"free_PMC6733445","outlier_arm",39,NA,NA,"none","pooled"
"endpoint","strat","mixed_ri","model",0.487787323879866,0.947439086596284,0.630967749047994,4.49237962214629,4.11959136028509,1,214,4.17168945606764,0.116928004593053,0.1184067256239,-2.03283013230116,3.00840478006089,1.20843964188889,0.664361828946756,40,FALSE,"free_PMC6733445","outlier_arm",40,NA,NA,"none","pooled"
"change","strat","mixed_ri","model",0.405618964003511,0.820987682926588,0.621776204609242,211.000000001006,5.95254178409676,1,214,4.17168945606764,0.0972313419479359,0.0681421447703554,-1.21276995611708,2.0240078841241,0.775891368312027,0.685532689126894,5,TRUE,"free_PMC6733445","outlier_arm",41,NA,NA,"none","pooled"
"ancova","strat","mixed_ri","model",0.436881301718881,0.881667094365301,0.643947433238816,4.40510326935797,4.03135469665106,1,214,4.17168945606764,0.104725269299096,0.108370841712789,-1.92474368568575,2.79850628912352,1.13221514318124,0.634985171921678,41,FALSE,"free_PMC6733445","outlier_arm",42,NA,NA,"none","pooled"
"endpoint","published","mixed_ri","model",0.423465423055389,0.793154274862205,0.616762838706487,4.89302396095973,4.09279110213985,1,214,4.17168945606764,0.101509335130271,0.103466170759115,-1.62888313851694,2.47581398462772,0.983941198493205,0.697212252508869,42,FALSE,"free_PMC6733445","outlier_arm",43,NA,NA,"none","pooled"
"change","published","mixed_ri","model",0.234575207568846,0.871922217013761,0.79846763010978,5.091307576499,5.93622559664223,1,214,4.17168945606764,0.0562302659484063,0.0395158849255208,-1.99473584855486,2.46388626369255,1.06878092417988,0.324694172944891,43,FALSE,"free_PMC6733445","outlier_arm",44,NA,NA,"none","pooled"
"ancova","published","mixed_ri","model",0.366579022499845,0.7246825083737,0.636103127637911,4.63197006247452,4.01004753319144,1,214,4.17168945606764,0.0878730371376668,0.0914151314830173,-1.54168796067198,2.27484600567167,0.914865309735022,0.652667414801333,44,FALSE,"free_PMC6733445","outlier_arm",45,NA,NA,"none","pooled"
"endpoint","none","mixed_ri","model",0.429795213161238,0.795938611777996,0.612175402112487,5.0463258392586,3.98859858829698,1,214,4.17168945606764,0.103026655672107,0.10775594576559,-1.61059358893234,2.47018401525481,0.978207425831216,0.707983017946797,45,FALSE,"free_PMC6733445","outlier_arm",46,NA,NA,"sd3_winsor","pooled"
"change","none","mixed_ri","model",0.243261777025149,0.861227765764545,0.788672445163454,5.11168252415278,5.90335280706826,1,214,4.17168945606764,0.0583125325091802,0.0412073926420057,-1.95612505898324,2.44264861303353,1.05443459258906,0.342501856572468,46,FALSE,"free_PMC6733445","outlier_arm",47,NA,NA,"sd3_winsor","pooled"
"ancova","none","mixed_ri","model",0.37556880763736,0.73857768721913,0.633170423910785,4.89737742634584,3.90454671948018,1,214,4.17168945606764,0.0900279878434151,0.0961875563592592,-1.53503429252076,2.28617190779548,0.915985295779479,0.659334227715788,47,FALSE,"free_PMC6733445","outlier_arm",48,NA,NA,"sd3_winsor","pooled"
"endpoint","strat","mixed_ri","model",0.44673256719578,0.895059057030663,0.641719484534378,4.38401040790177,3.98868083418405,1,214,4.17168945606764,0.107086726349205,0.112000078664396,-1.95481203526604,2.8482771696576,1.1513534877189,0.639985306435946,48,FALSE,"free_PMC6733445","outlier_arm",49,NA,NA,"sd3_winsor","pooled"
"change","strat","mixed_ri","model",0.369859975824314,0.812424334400187,0.649394130727688,210.999999996988,5.89045353237844,1,214,4.17168945606764,0.0886595178570544,0.062789728123867,-1.23164826671447,1.9713682183631,0.767798398900198,0.622833749389205,14,TRUE,"free_PMC6733445","outlier_arm",50,NA,NA,"sd3_winsor","pooled"
"ancova","strat","mixed_ri","model",0.39959826870524,0.831333026002532,0.65425485243525,4.28782275045587,3.90456060036353,1,214,4.17168945606764,0.0957881148425447,0.102341418050481,-1.84871396688744,2.64791050429792,1.07789050899872,0.612075375486715,49,FALSE,"free_PMC6733445","outlier_arm",51,NA,NA,"sd3_winsor","pooled"
"endpoint","published","mixed_ri","model",0.379495657448394,0.746120474405699,0.633713560303882,4.75708095140633,3.96582767891086,1,214,4.17168945606764,0.0909692970785314,0.0956914137914876,-1.56830403468582,2.3272953495826,0.933818162951307,0.658097208006615,50,FALSE,"free_PMC6733445","outlier_arm",52,NA,NA,"sd3_winsor","pooled"
"change","published","mixed_ri","model",0.20097882245068,0.857544860580722,0.823795853550514,5.11422673296732,5.87840294004235,1,214,4.17168945606764,0.0481768416770237,0.0341893579770889,-1.98868357305897,2.39064121796033,1.04977248118257,0.279641230246094,51,FALSE,"free_PMC6733445","outlier_arm",53,NA,NA,"sd3_winsor","pooled"
"ancova","published","mixed_ri","model",0.325860817686415,0.679614078522247,0.654018553073969,4.49241467681062,3.88687815802598,1,214,4.17168945606764,0.0781124340912904,0.0838361287486071,-1.48221588070983,2.13393751608266,0.866831875880135,0.612596532484873,52,FALSE,"free_PMC6733445","outlier_arm",54,NA,NA,"sd3_winsor","pooled"
"endpoint","none","mixed_ri","model",0.31029794919319,0.771392734649406,0.702862257103484,5.42396726992158,3.28660829096389,1,214,4.17168945606764,0.0743818427668118,0.0944128176291391,-1.62690533130459,2.24750122969097,0.928738009335836,0.508686108953062,53,FALSE,"free_PMC6733445","outlier_arm",55,NA,NA,"iqr15_winsor","pooled"
"change","none","mixed_ri","model",0.0968024843442882,0.840174543504851,0.912645645932238,5.1323306821267,5.61479538057711,1,214,4.17168945606764,0.0232046237774221,0.0172406076772006,-2.04629281241231,2.23989778110088,1.02744718624226,0.131873282969644,54,FALSE,"free_PMC6733445","outlier_arm",56,NA,NA,"iqr15_winsor","pooled"
"ancova","none","mixed_ri","model",0.256484151903387,0.724040192220964,0.736814882324448,5.30203770691104,3.22091552681348,1,214,4.17168945606764,0.0614820816852356,0.0796308222827352,-1.57327783156435,2.08624613537113,0.87722828016663,0.44062589334025,55,FALSE,"free_PMC6733445","outlier_arm",57,NA,NA,"iqr15_winsor","pooled"
"endpoint","strat","mixed_ri","model",0.316320162133723,0.859623704325029,0.72915761966096,4.61564543161075,3.28658748777145,1,214,4.17168945606764,0.0758254336678013,0.0962457756900338,-1.94992257785768,2.58256290212512,1.08648678855767,0.455697383869317,56,FALSE,"free_PMC6733445","outlier_arm",58,NA,NA,"iqr15_winsor","pooled"
"change","strat","mixed_ri","model",0.229002048580627,0.77311383132706,0.767363020024319,210.999999997738,5.60543413810136,1,214,4.17168945606764,0.0548943182353969,0.0408535793907647,-1.29501455316867,1.75301865032992,0.730647195961646,0.382018853158828,23,TRUE,"free_PMC6733445","outlier_arm",59,NA,NA,"iqr15_winsor","pooled"
"ancova","strat","mixed_ri","model",0.267629121046008,0.810691667780856,0.755955828868343,4.5502375842577,3.22083926791546,1,214,4.17168945606764,0.0641536537809032,0.0830929763282532,-1.8798266365643,2.41508487865631,1.02953768741672,0.403626155856785,57,FALSE,"free_PMC6733445","outlier_arm",60,NA,NA,"iqr15_winsor","pooled"
"endpoint","published","mixed_ri","model",0.284623216039491,0.731414590782957,0.712498286926939,5.23573310193659,3.26889252664862,1,214,4.17168945606764,0.0682273258920346,0.0870702275217647,-1.57035945547632,2.13960588755531,0.889319634671167,0.489041549417331,58,FALSE,"free_PMC6733445","outlier_arm",61,NA,NA,"iqr15_winsor","pooled"
"change","published","mixed_ri","model",0.0607354955125125,0.845436551887753,0.94543468969173,5.15396268487582,5.57677377217858,1,214,4.17168945606764,0.0145589685311245,0.0108907942107155,-2.09314593528212,2.21461692630714,1.03261829696448,0.0809502941551885,59,FALSE,"free_PMC6733445","outlier_arm",62,NA,NA,"iqr15_winsor","pooled"
"ancova","published","mixed_ri","model",0.231250103754219,0.678053901031364,0.746925534490788,5.00180083657186,3.20446062997062,1,214,4.17168945606764,0.0554332018692979,0.0721650631595805,-1.51155420404013,1.97405441154857,0.835538851176699,0.42096367566924,60,FALSE,"free_PMC6733445","outlier_arm",63,NA,NA,"iqr15_winsor","pooled"
"endpoint","none","mixed_ri","model",0.103986216566958,0.552427361449491,0.857237358928607,5.67878683400823,2.09214736408329,1,214,4.17168945606764,0.0249266436684812,0.0497031033053072,-1.26650695098641,1.47447938412033,0.657044673140765,0.222233369970226,61,FALSE,"free_PMC6733445","outlier_arm",64,NA,NA,"mad_winsor","pooled"
"change","none","mixed_ri","model",-0.10161246705946,0.794354275480755,0.90289762733709,5.33418670363719,5.3390509394323,1,214,4.17168945606764,-0.0243576297156219,-0.0190319343666468,-2.10568061645223,1.90245568233331,0.960794503281106,0.147365674075637,62,FALSE,"free_PMC6733445","outlier_arm",65,NA,NA,"mad_winsor","pooled"
"ancova","none","mixed_ri","model",0.0707749826004021,0.527887462505704,0.898023514640516,5.61163723931899,2.06431432486116,1,214,4.17168945606764,0.0169655443785398,0.0342849835163364,-1.24290103158454,1.38445099678535,0.62980527578544,0.155174872625725,63,FALSE,"free_PMC6733445","outlier_arm",66,NA,NA,"mad_winsor","pooled"
"endpoint","strat","mixed_ri","model",0.111445760347695,0.613919148644821,0.863359901529332,4.80379697234739,2.09210109642033,1,214,4.17168945606764,0.0267147786337738,0.0532697777073888,-1.48626904360799,1.70916056430339,0.765979740717203,0.211966006035376,64,FALSE,"free_PMC6733445","outlier_arm",67,NA,NA,"mad_winsor","pooled"
"change","strat","mixed_ri","model",0.0391420836991572,0.733914259803524,0.957516793494777,210.999999996894,5.32121904905066,1,214,4.17168945606764,0.00938278942173557,0.00735584897715129,-1.40760155336813,1.48588572076645,0.693600831175499,0.0626303047905809,32,TRUE,"free_PMC6733445","outlier_arm",68,NA,NA,"mad_winsor","pooled"
"ancova","strat","mixed_ri","model",0.0804312030883719,0.587487925072103,0.896696565851312,4.76760792514756,2.0642549877887,1,214,4.17168945606764,0.0192802469923513,0.0389637925373418,-1.45216642782359,1.61302883400033,0.73476113073701,0.157308222341198,65,FALSE,"free_PMC6733445","outlier_arm",69,NA,NA,"mad_winsor","pooled"
"endpoint","published","mixed_ri","model",0.108694439276132,0.53506402494494,0.846408646741104,5.43782273067708,2.07104590319637,1,214,4.17168945606764,0.0260552566102537,0.052482873077983,-1.2340809965561,1.45146987510837,0.643756180786273,0.240573729076738,66,FALSE,"free_PMC6733445","outlier_arm",70,NA,NA,"mad_winsor","pooled"
"change","published","mixed_ri","model",-0.128873202389487,0.828608412613305,0.882060401844155,5.39203891224972,5.28682295754733,1,214,4.17168945606764,-0.0308923288146589,-0.0243763037696413,-2.21313088350926,1.95538447873028,0.999239134681158,0.181050642667703,67,FALSE,"free_PMC6733445","outlier_arm",71,NA,NA,"mad_winsor","pooled"
"ancova","published","mixed_ri","model",0.0743000700145882,0.507633153817143,0.889054520908901,5.28369086399408,2.04171305682723,1,214,4.17168945606764,0.0178105467334152,0.0363910441607542,-1.20981806316437,1.35841820319354,0.615634575249234,0.16965620042957,68,FALSE,"free_PMC6733445","outlier_arm",72,NA,NA,"mad_winsor","pooled"
"endpoint","none","lm","hc3",0.397069209039548,0.566303830467676,0.483972503698336,212,4.17168945606764,0,214,4.17168945606764,0.095181871330815,0.095181871330815,-0.719238535849292,1.51337695392839,0.535182571303429,1.04700301000092,69,FALSE,"free_PMC6733445","outlier_arm",73,NA,NA,"none","pooled"
"change","none","lm","hc3",0.301024011299432,0.832585018377926,0.718045814490911,212,5.97148802937684,0,214,4.17168945606764,0.0721587775095768,0.0504102176573978,-1.34018174131952,1.94222976391838,0.786830261409726,0.477852197593668,70,FALSE,"free_PMC6733445","outlier_arm",74,NA,NA,"none","pooled"
"ancova","none","lm","hc3",0.380008936672451,0.555694871156506,0.494823615047434,211,4.07282078309008,0,214,4.17168945606764,0.0910923357729172,0.093303623437154,-0.715416050998123,1.47543392434303,0.525170916582633,1.01501374150347,71,FALSE,"free_PMC6733445","outlier_arm",75,NA,NA,"none","pooled"
"endpoint","strat","lm","hc3",0.38732806555458,0.566208619571104,0.494679637372746,211,4.18115369707916,0,214,4.17168945606764,0.0928468117374411,0.0926366485463467,-0.728822365745633,1.50347849685479,0.53510715169692,1.01543358020178,72,FALSE,"free_PMC6733445","outlier_arm",76,NA,NA,"none","pooled"
"change","strat","lm","hc3",0.405618964003509,0.833971167604424,0.627209282716711,211,5.95254178409676,0,214,4.17168945606764,0.0972313419479354,0.0681421447703551,-1.23836391834596,2.04960184635298,0.788161678697503,0.672981183345175,73,FALSE,"free_PMC6733445","outlier_arm",77,NA,NA,"none","pooled"
"ancova","strat","lm","hc3",0.390605549445088,0.557476017344238,0.484285885941858,210,4.0820019458924,0,214,4.17168945606764,0.0936324607952206,0.0956897019214171,-0.708360745184157,1.48957184407433,0.526868697299997,1.04606913732962,74,FALSE,"free_PMC6733445","outlier_arm",78,NA,NA,"none","pooled"
"endpoint","published","lm","hc3",0.327695700556766,0.571625420739126,0.567084147530802,207,4.13319179520185,0,214,4.17168945606764,0.0785522757644721,0.0792839328039851,-0.799258324177542,1.45464972529107,0.540286632838969,0.818365267624703,75,FALSE,"free_PMC6733445","outlier_arm",79,NA,NA,"none","pooled"
"change","published","lm","hc3",0.249125691221084,0.836928417660255,0.76625611770628,207,5.94358677427228,0,214,4.17168945606764,0.0597181774541574,0.0419150423275493,-1.40087064287684,1.89912202531901,0.791044660190627,0.384101407716206,76,FALSE,"free_PMC6733445","outlier_arm",80,NA,NA,"none","pooled"
"ancova","published","lm","hc3",0.313989920620748,0.560128448245754,0.57570143098362,206,4.03850189128012,0,214,4.17168945606764,0.0752668490613692,0.0777491082271649,-0.79032945597969,1.41830929722119,0.52943508294666,0.796607296615183,77,FALSE,"free_PMC6733445","outlier_arm",81,NA,NA,"none","pooled"
"endpoint","none","lm","hc3",0.360349490502016,0.549001221065579,0.512296059905542,212,4.03379674580225,0,214,4.17168945606764,0.0863797495707393,0.0893325849590742,-0.721851056371942,1.44255003737597,0.518830827783655,0.96495029889148,78,FALSE,"free_PMC6733445","outlier_arm",82,NA,NA,"sd3_winsor","pooled"
"change","none","lm","hc3",0.264304292761901,0.824611394091075,0.748890016307544,212,5.91050594820064,0,214,4.17168945606764,0.0633566557495011,0.0447177103074169,-1.36118371601114,1.88979230153495,0.779294828098388,0.417174238124094,79,FALSE,"free_PMC6733445","outlier_arm",83,NA,NA,"sd3_winsor","pooled"
"ancova","none","lm","hc3",0.343979315788215,0.53897510101833,0.524029019991006,211,3.93981957717395,0,214,4.17168945606764,0.0824556380360248,0.0873083929480223,-0.718486479800295,1.40644511137672,0.509369552445077,0.932281386487571,80,FALSE,"free_PMC6733445","outlier_arm",84,NA,NA,"sd3_winsor","pooled"
"endpoint","strat","lm","hc3",0.351569077375383,0.550658860289209,0.523872053590794,211,4.04300004835713,0,214,4.17168945606764,0.0842749876465596,0.0869574754317016,-0.733928569899307,1.43706672465007,0.520411530487177,0.932713592646292,81,FALSE,"free_PMC6733445","outlier_arm",85,NA,NA,"sd3_winsor","pooled"
"change","strat","lm","hc3",0.369859975824313,0.826928375236706,0.655139165140673,211,5.89045353237844,0,214,4.17168945606764,0.0886595178570541,0.0627897281238667,-1.26023965666446,1.99995960831309,0.781505742292407,0.610126697347741,82,FALSE,"free_PMC6733445","outlier_arm",86,NA,NA,"sd3_winsor","pooled"
"ancova","strat","lm","hc3",0.354715514341962,0.542184431370275,0.513676860962295,210,3.94865358111938,0,214,4.17168945606764,0.085029223310483,0.0898320166747589,-0.714106097728798,1.42353712641272,0.512416671148031,0.961067007238718,83,FALSE,"free_PMC6733445","outlier_arm",87,NA,NA,"sd3_winsor","pooled"
"endpoint","published","lm","hc3",0.29263408674619,0.554855435668559,0.598476488424003,207,4.00001907614869,0,214,4.17168945606764,0.0701476200057412,0.073158172792502,-0.801258073549736,1.38652624704212,0.524436045307678,0.740633523909682,84,FALSE,"free_PMC6733445","outlier_arm",88,NA,NA,"sd3_winsor","pooled"
"change","published","lm","hc3",0.214064077410509,0.829146371341464,0.796529088097914,207,5.88480293238153,0,214,4.17168945606764,0.0513135216954266,0.0363757427173316,-1.42059002714085,1.84871818196187,0.783689256722495,0.328201047024606,85,FALSE,"free_PMC6733445","outlier_arm",89,NA,NA,"sd3_winsor","pooled"
"ancova","published","lm","hc3",0.279472062957728,0.543890125874328,0.607915146153728,206,3.90995478160423,0,214,4.17168945606764,0.0669925376519198,0.0714770575538632,-0.792832703253948,1.3517768291694,0.514086572121053,0.718058131031813,86,FALSE,"free_PMC6733445","outlier_arm",90,NA,NA,"sd3_winsor","pooled"
"endpoint","none","lm","hc3",0.224046610169493,0.458971349794203,0.625948488900871,212,3.3538304467659,0,214,4.17168945606764,0.053706444961674,0.0668032012129714,-0.680685522816844,1.12877874315583,0.433748553200873,0.675884156363606,87,FALSE,"free_PMC6733445","outlier_arm",91,NA,NA,"iqr15_winsor","pooled"
"change","none","lm","hc3",0.128001412429377,0.783971490532396,0.870458992955433,212,5.62487171027116,0,214,4.17168945606764,0.0306833511404358,0.0227563256590622,-1.4173765270605,1.67337935191925,0.740888292747753,0.200151760311774,88,FALSE,"free_PMC6733445","outlier_arm",92,NA,NA,"iqr15_winsor","pooled"
"ancova","none","lm","hc3",0.210607933732151,0.450993017621297,0.640990937898409,211,3.27788440557749,0,214,4.17168945606764,0.0504850459148693,0.0642511777943696,-0.678421363477588,1.09963723094189,0.426220267147001,0.641624134207841,89,FALSE,"free_PMC6733445","outlier_arm",93,NA,NA,"iqr15_winsor","pooled"
"endpoint","strat","lm","hc3",0.210711150131696,0.459749372197505,0.647196084823901,211,3.36081361128815,0,214,4.17168945606764,0.0505097880249021,0.0626964701118707,-0.695579291820516,1.11700159208391,0.434495640913074,0.6277252145951,90,FALSE,"free_PMC6733445","outlier_arm",94,NA,NA,"iqr15_winsor","pooled"
"change","strat","lm","hc3",0.229002048580624,0.786840684513546,0.771306675398553,211,5.60543413810137,0,214,4.17168945606764,0.0548943182353964,0.0408535793907643,-1.32207389591771,1.78007799307896,0.743620042111392,0.374623497902697,91,FALSE,"free_PMC6733445","outlier_arm",95,NA,NA,"iqr15_winsor","pooled"
"ancova","strat","lm","hc3",0.213277603159282,0.452636201557574,0.637994250736463,210,3.28563983724836,0,214,4.17168945606764,0.0511249951381385,0.0649120456665438,-0.679015363290649,1.10557056960921,0.427784942214291,0.648384671636036,92,FALSE,"free_PMC6733445","outlier_arm",96,NA,NA,"iqr15_winsor","pooled"
"endpoint","published","lm","hc3",0.163457696171908,0.463654169503633,0.724790308470644,207,3.32521090587453,0,214,4.17168945606764,0.0391826136373027,0.049157091324082,-0.750632044153732,1.07754743649755,0.438234796694233,0.464364430362513,93,FALSE,"free_PMC6733445","outlier_arm",97,NA,NA,"iqr15_winsor","pooled"
"change","published","lm","hc3",0.0848876868362265,0.786191007978385,0.91412140552915,207,5.58783883277797,0,214,4.17168945606764,0.020348515326988,0.0151915059429201,-1.46508033156565,1.63485570523811,0.743088877887342,0.12954231086954,94,FALSE,"free_PMC6733445","outlier_arm",98,NA,NA,"iqr15_winsor","pooled"
"ancova","published","lm","hc3",0.152449591699064,0.45434025358225,0.737558811036027,206,3.24931590445606,0,214,4.17168945606764,0.0365438495133739,0.0469174423730231,-0.74330342204592,1.04820260544405,0.429443765255407,0.4391700041598,95,FALSE,"free_PMC6733445","outlier_arm",99,NA,NA,"iqr15_winsor","pooled"
"endpoint","none","lm","hc3",0.0272294844632764,0.298080429425019,0.92730117939605,212,2.15434790708608,0,214,4.17168945606764,0.00652720792140259,0.0126393162282253,-0.560351729126859,0.614810698053412,0.281699402497715,0.108890105064698,96,FALSE,"free_PMC6733445","outlier_arm",100,NA,NA,"mad_winsor","pooled"
"change","none","lm","hc3",-0.0688157132768379,0.742449554816403,0.926239442914086,212,5.34794733334855,0,214,4.17168945606764,-0.0164958858998353,-0.012867687168069,-1.53234490668943,1.39471348013576,0.701648197367099,0.11054290091536,97,FALSE,"free_PMC6733445","outlier_arm",101,NA,NA,"mad_winsor","pooled"
"ancova","none","lm","hc3",0.0198428200025218,0.294827755858022,0.946404145470241,211,2.12012743782924,0,214,4.17168945606764,0.00475654293338178,0.0093592581504622,-0.561342480760779,0.601028120765822,0.278633060722187,0.0794717018560462,98,FALSE,"free_PMC6733445","outlier_arm",102,NA,NA,"mad_winsor","pooled"
"endpoint","strat","lm","hc3",0.020851185250219,0.298858167465038,0.944443200356356,211,2.15910690487758,0,214,4.17168945606764,0.00499825921123907,0.00965731951628456,-0.568279147605486,0.609981518105924,0.282442084464761,0.0824640606117466,99,FALSE,"free_PMC6733445","outlier_arm",103,NA,NA,"mad_winsor","pooled"
"change","strat","lm","hc3",0.0391420836991499,0.74449455028921,0.958119975493111,211,5.32121904905066,0,214,4.17168945606764,0.0093827894217338,0.0073558489771499,-1.42845816942912,1.50674233682742,0.70359995324852,0.0617217737782335,100,FALSE,"free_PMC6733445","outlier_arm",104,NA,NA,"mad_winsor","pooled"
"ancova","strat","lm","hc3",0.0222644223301012,0.295553261985458,0.940022802579318,210,2.12511875292861,0,214,4.17168945606764,0.0053370277353023,0.010476789732065,-0.560367050745773,0.604895895405976,0.27932638764779,0.0892323415342181,101,FALSE,"free_PMC6733445","outlier_arm",105,NA,NA,"mad_winsor","pooled"
"endpoint","published","lm","hc3",-0.00955295606468324,0.302276213820139,0.974818782637598,207,2.12765996567203,0,214,4.17168945606764,-0.00228994899195784,-0.00448988852486393,-0.605487607301123,0.586381695171757,0.285704224876885,0.036794045962896,102,FALSE,"free_PMC6733445","outlier_arm",106,NA,NA,"mad_winsor","pooled"
"change","published","lm","hc3",-0.0881229654003633,0.745128042817613,0.90597194844986,207,5.3019458175046,0,214,4.17168945606764,-0.0211240473022723,-0.0166208724935328,-1.5571357425262,1.38088981172547,0.704277148429246,0.142461713996428,103,FALSE,"free_PMC6733445","outlier_arm",107,NA,NA,"mad_winsor","pooled"
"ancova","published","lm","hc3",-0.0157702500128018,0.297955213436529,0.957840361400611,206,2.09108170751358,0,214,4.17168945606764,-0.00378030296331486,-0.0075416708759571,-0.603202858707431,0.571662358681827,0.281628158030901,0.0621428658642323,104,FALSE,"free_PMC6733445","outlier_arm",108,NA,NA,"mad_winsor","pooled"
"endpoint","none","lm","permutation",0.397069209039548,0.574950104265432,0.4936,212,4.17168945606764,0,214,4.17168945606764,0.095181871330815,0.095181871330815,-0.736282217854574,1.53042063593367,0.543353688633599,1.01858570040003,105,FALSE,"free_PMC6733445","outlier_arm",109,NA,NA,"none","pooled"
"change","none","lm","permutation",0.301024011299432,0.810565133752424,0.7134,212,5.97148802937684,0,214,4.17168945606764,0.0721587775095768,0.0504102176573978,-1.29677577013139,1.89882379273025,0.766020480794347,0.487216879082637,106,FALSE,"free_PMC6733445","outlier_arm",110,NA,NA,"none","pooled"
"ancova","none","lm","permutation",0.380008936672451,0.561919224776422,0.5046,211,4.07282078309008,0,214,4.17168945606764,0.0910923357729172,0.093303623437154,-0.72768593657969,1.48770380992459,0.531053370543209,0.986787888573149,107,FALSE,"free_PMC6733445","outlier_arm",111,NA,NA,"none","pooled"
"endpoint","strat","lm","permutation",0.38732806555458,0.586152399576535,0.5104,211,4.18115369707916,0,214,4.17168945606764,0.0928468117374411,0.0926366485463467,-0.768136953841589,1.54279308495075,0.553955432955618,0.97029976578458,108,FALSE,"free_PMC6733445","outlier_arm",112,NA,NA,"none","pooled"
"change","strat","lm","permutation",0.405618964003509,0.817651349031688,0.6182,211,5.95254178409676,0,214,4.17168945606764,0.0972313419479354,0.0681421447703551,-1.20619313904469,2.01743106705171,0.772738297048382,0.693854440691226,109,FALSE,"free_PMC6733445","outlier_arm",113,NA,NA,"none","pooled"
"ancova","strat","lm","permutation",0.390605549445088,0.563128594218048,0.4932,210,4.0820019458924,0,214,4.17168945606764,0.0936324607952206,0.0956897019214171,-0.719503810121212,1.50071490901139,0.532210928573155,1.01975529514661,110,FALSE,"free_PMC6733445","outlier_arm",114,NA,NA,"none","pooled"
"endpoint","published","lm","permutation",0.327695700556766,0.564316355713764,0.568,207,4.13319179520185,0,214,4.17168945606764,0.0785522757644721,0.0792839328039851,-0.784848572706507,1.44023997382004,0.533378279941284,0.816037165157405,111,FALSE,"free_PMC6733445","outlier_arm",115,NA,NA,"none","pooled"
"change","published","lm","permutation",0.249125691221084,0.830875123048171,0.7638,207,5.94358677427228,0,214,4.17168945606764,0.0597181774541574,0.0419150423275493,-1.38893663070997,1.88718801315214,0.785323231358234,0.388733174926935,112,FALSE,"free_PMC6733445","outlier_arm",116,NA,NA,"none","pooled"
"ancova","published","lm","permutation",0.313989920620748,0.562876220260972,0.5748,206,4.03850189128012,0,214,4.17168945606764,0.0752668490613692,0.0777491082271649,-0.795746816744688,1.42372665798618,0.532032285265792,0.798868033092113,113,FALSE,"free_PMC6733445","outlier_arm",117,NA,NA,"none","pooled"
"endpoint","none","lm","permutation",0.360349490502016,0.549829459403933,0.5108,212,4.03379674580225,0,214,4.17168945606764,0.0863797495707393,0.0893325849590742,-0.723483693874948,1.44418267487898,0.519613550237087,0.969169569846726,114,FALSE,"free_PMC6733445","outlier_arm",118,NA,NA,"sd3_winsor","pooled"
"change","none","lm","permutation",0.264304292761901,0.817458007274775,0.7538,212,5.91050594820064,0,214,4.17168945606764,0.0633566557495011,0.0447177103074169,-1.34708283822152,1.87569142374532,0.772534556060825,0.407746299885093,115,FALSE,"free_PMC6733445","outlier_arm",119,NA,NA,"sd3_winsor","pooled"
"ancova","none","lm","permutation",0.343979315788215,0.545043164876676,0.5274,211,3.93981957717395,0,214,4.17168945606764,0.0824556380360248,0.0873083929480223,-0.730448275962601,1.41840690753903,0.515104301538113,0.923030523684889,116,FALSE,"free_PMC6733445","outlier_arm",120,NA,NA,"sd3_winsor","pooled"
"endpoint","strat","lm","permutation",0.351569077375383,0.560316470030206,0.5264,211,4.04300004835713,0,214,4.17168945606764,0.0842749876465596,0.0869574754317016,-0.752966332492728,1.45610448724349,0.529538654063325,0.925768605814208,117,FALSE,"free_PMC6733445","outlier_arm",121,NA,NA,"sd3_winsor","pooled"
"change","strat","lm","permutation",0.369859975824313,0.804399209032888,0.6386,211,5.89045353237844,0,214,4.17168945606764,0.0886595178570541,0.0627897281238667,-1.21582857264693,1.95554852429555,0.760214088402428,0.647015541979356,118,FALSE,"free_PMC6733445","outlier_arm",122,NA,NA,"sd3_winsor","pooled"
"ancova","strat","lm","permutation",0.354715514341962,0.532382484006585,0.5052,210,3.94865358111938,0,214,4.17168945606764,0.085029223310483,0.0898320166747589,-0.694783275868689,1.40421430455261,0.503152883867794,0.985073455761897,119,FALSE,"free_PMC6733445","outlier_arm",123,NA,NA,"sd3_winsor","pooled"
"endpoint","published","lm","permutation",0.29263408674619,0.559505760904703,0.6066,207,4.00001907614869,0,214,4.17168945606764,0.0701476200057412,0.073158172792502,-0.810426145071854,1.39569431856423,0.528831421146972,0.721182596925279,120,FALSE,"free_PMC6733445","outlier_arm",124,NA,NA,"sd3_winsor","pooled"
"change","published","lm","permutation",0.214064077410509,0.814132968490898,0.788,207,5.88480293238153,0,214,4.17168945606764,0.0513135216954266,0.0363757427173316,-1.39099124767172,1.81911940249274,0.769498948560379,0.343732465205711,121,FALSE,"free_PMC6733445","outlier_arm",125,NA,NA,"sd3_winsor","pooled"
"ancova","published","lm","permutation",0.279472062957728,0.541441113392262,0.6032,206,3.90995478160423,0,214,4.17168945606764,0.0669925376519198,0.0714770575538632,-0.7880043608515,1.34694848676696,0.51177175820535,0.729291666280785,122,FALSE,"free_PMC6733445","outlier_arm",126,NA,NA,"sd3_winsor","pooled"
"endpoint","none","lm","permutation",0.224046610169493,0.455255444909742,0.6296,212,3.3538304467659,0,214,4.17168945606764,0.053706444961674,0.0668032012129714,-0.673360667891586,1.12145388823057,0.430236856080367,0.667492554041963,123,FALSE,"free_PMC6733445","outlier_arm",127,NA,NA,"iqr15_winsor","pooled"
"change","none","lm","permutation",0.128001412429377,0.768601301784719,0.864,212,5.62487171027116,0,214,4.17168945606764,0.0306833511404358,0.0227563256590622,-1.38707854951501,1.64308137437376,0.726362773595591,0.210896782498619,124,FALSE,"free_PMC6733445","outlier_arm",128,NA,NA,"iqr15_winsor","pooled"
"ancova","none","lm","permutation",0.210607933732151,0.449126933419919,0.6398,211,3.27788440557749,0,214,4.17168945606764,0.0504850459148693,0.0642511777943696,-0.674742806468356,1.09595867393266,0.424456685726107,0.644307102433776,125,FALSE,"free_PMC6733445","outlier_arm",129,NA,NA,"iqr15_winsor","pooled"
"endpoint","strat","lm","permutation",0.210711150131696,0.460371809669916,0.6424,211,3.36081361128815,0,214,4.17168945606764,0.0505097880249021,0.0626964701118707,-0.69680628453888,1.11822858480227,0.435083888303627,0.638456202032135,126,FALSE,"free_PMC6733445","outlier_arm",130,NA,NA,"iqr15_winsor","pooled"
"change","strat","lm","permutation",0.229002048580624,0.777154865545907,0.767,211,5.60543413810137,0,214,4.17168945606764,0.0548943182353964,0.0408535793907643,-1.30298052530386,1.76098462246511,0.734466258822909,0.382701517159154,127,FALSE,"free_PMC6733445","outlier_arm",131,NA,NA,"iqr15_winsor","pooled"
"ancova","strat","lm","permutation",0.213277603159282,0.455143445406663,0.6506,210,3.28563983724836,0,214,4.17168945606764,0.0511249951381385,0.0649120456665438,-0.683957955253064,1.11051316157163,0.430154529890682,0.620157272508318,128,FALSE,"free_PMC6733445","outlier_arm",132,NA,NA,"iqr15_winsor","pooled"
"endpoint","published","lm","permutation",0.163457696171908,0.463703193106034,0.7242,207,3.32521090587453,0,214,4.17168945606764,0.0391826136373027,0.049157091324082,-0.750728693714841,1.07764408605866,0.438281132627014,0.465539918073272,129,FALSE,"free_PMC6733445","outlier_arm",133,NA,NA,"iqr15_winsor","pooled"
"change","published","lm","permutation",0.0848876868362265,0.778351148209725,0.9126,207,5.58783883277797,0,214,4.17168945606764,0.020348515326988,0.0151915059429201,-1.44962412335815,1.61939949703061,0.735678830533497,0.131945441103797,130,FALSE,"free_PMC6733445","outlier_arm",134,NA,NA,"iqr15_winsor","pooled"
"ancova","published","lm","permutation",0.152449591699064,0.456085364368221,0.7358,206,3.24931590445606,0,214,4.17168945606764,0.0365438495133739,0.0469174423730231,-0.746743989403814,1.05164317280194,0.431093249184701,0.442614418576475,131,FALSE,"free_PMC6733445","outlier_arm",135,NA,NA,"iqr15_winsor","pooled"
"endpoint","none","lm","permutation",0.0272294844632764,0.290615971153034,0.9308,212,2.15434790708608,0,214,4.17168945606764,0.00652720792140259,0.0126393162282253,-0.545637661991671,0.600096630918223,0.274645153953981,0.103456884144101,132,FALSE,"free_PMC6733445","outlier_arm",136,NA,NA,"mad_winsor","pooled"
"change","none","lm","permutation",-0.0688157132768379,0.724784599238633,0.9284,212,5.34794733334855,0,214,4.17168945606764,-0.0164958858998353,-0.012867687168069,-1.49752344572863,1.35989201917496,0.684954020426314,0.107181572204967,133,FALSE,"free_PMC6733445","outlier_arm",137,NA,NA,"mad_winsor","pooled"
"ancova","none","lm","permutation",0.0198428200025218,0.289497370752962,0.9458,211,2.12012743782924,0,214,4.17168945606764,0.00475654293338178,0.0093592581504622,-0.550834849071038,0.590520489076082,0.273595470172652,0.080392953091645,134,FALSE,"free_PMC6733445","outlier_arm",138,NA,NA,"mad_winsor","pooled"
"endpoint","strat","lm","permutation",0.020851185250219,0.296384327009904,0.9488,211,2.15910690487758,0,214,4.17168945606764,0.00499825921123907,0.00965731951628456,-0.563402538533271,0.605104909033709,0.280104130442262,0.0758240850034458,135,FALSE,"free_PMC6733445","outlier_arm",139,NA,NA,"mad_winsor","pooled"
"change","strat","lm","permutation",0.0391420836991499,0.730321053794782,0.9552,211,5.32121904905066,0,214,4.17168945606764,0.0093827894217338,0.0073558489771499,-1.40051837183778,1.47880253923608,0.690204997614562,0.0661252582846443,136,FALSE,"free_PMC6733445","outlier_arm",140,NA,NA,"mad_winsor","pooled"
"ancova","strat","lm","permutation",0.0222644223301012,0.292102527686669,0.94,210,2.12511875292861,0,214,4.17168945606764,0.0053370277353023,0.010476789732065,-0.553564532667675,0.598093377327877,0.276065110340485,0.0892673380970874,137,FALSE,"free_PMC6733445","outlier_arm",141,NA,NA,"mad_winsor","pooled"
"endpoint","published","lm","permutation",-0.00955295606468324,0.299021155560029,0.9706,207,2.12765996567203,0,214,4.17168945606764,-0.00228994899195784,-0.00448988852486393,-0.599070291216347,0.57996437908698,0.282627621907102,0.0430512347852514,138,FALSE,"free_PMC6733445","outlier_arm",142,NA,NA,"mad_winsor","pooled"
"change","published","lm","permutation",-0.0881229654003633,0.739087016821676,0.9136,207,5.3019458175046,0,214,4.17168945606764,-0.0211240473022723,-0.0166208724935328,-1.54522591781819,1.36897998701746,0.698567315598478,0.130365444186607,139,FALSE,"free_PMC6733445","outlier_arm",143,NA,NA,"mad_winsor","pooled"
"ancova","published","lm","permutation",-0.0157702500128018,0.284975767508873,0.9542,206,2.09108170751358,0,214,4.17168945606764,-0.00378030296331486,-0.0075416708759571,-0.577613275317517,0.546072775291914,0.269359946957474,0.0676364085651444,140,FALSE,"free_PMC6733445","outlier_arm",144,NA,NA,"mad_winsor","pooled"
"endpoint","none","lm","model",0.391283643460704,0.5552574215031,0.481777398067545,212,4.03983944649108,0,214,4.17168945606764,0.0937950074139843,0.0968562361557624,-0.703249232149603,1.48581651907101,0.524743218370836,1.05356138180232,141,FALSE,"free_PMC6733445","outlier_arm",145,NA,NA,"sd3_winsor","armwise"
"change","none","lm","model",0.295238445720589,0.811348411198967,0.716305670658331,212,5.903058994757,0,214,4.17168945606764,0.0707719135927461,0.0500144833353038,-1.3041053455384,1.89458223697958,0.766760713184333,0.481352731647378,142,FALSE,"free_PMC6733445","outlier_arm",146,NA,NA,"sd3_winsor","armwise"
"ancova","none","lm","model",0.374681515774341,0.541975612830067,0.490120978729312,211,3.94304573932316,0,214,4.17168945606764,0.0898152941919907,0.0950233754677815,-0.693699100671769,1.44306213222045,0.512205248112211,1.02879019490363,143,FALSE,"free_PMC6733445","outlier_arm",147,NA,NA,"sd3_winsor","armwise"
"endpoint","strat","lm","model",0.381468665064206,0.558443116426664,0.495297337377982,211,4.04897181005354,0,214,4.17168945606764,0.0914422487774988,0.0942137122607335,-0.719373857835573,1.48231118796398,0.527768202543756,1.01363322954174,144,FALSE,"free_PMC6733445","outlier_arm",148,NA,NA,"sd3_winsor","armwise"
"change","strat","lm","model",0.399759563513135,0.811480806381176,0.622786471302629,211,5.88361251627744,0,214,4.17168945606764,0.0958267789879932,0.067944576976674,-1.19988872993792,1.99940785696419,0.766906698255978,0.683190489578627,145,FALSE,"free_PMC6733445","outlier_arm",149,NA,NA,"sd3_winsor","armwise"
"ancova","strat","lm","model",0.384657228733892,0.545063977781255,0.481150460671136,210,3.95196095748293,0,214,4.17168945606764,0.0922065826770532,0.0973332562928169,-0.689840904570127,1.45915536203791,0.515138120715665,1.05543998484063,146,FALSE,"free_PMC6733445","outlier_arm",150,NA,NA,"sd3_winsor","armwise"
"endpoint","published","lm","model",0.324342053653302,0.553949701899548,0.558843872176613,207,4.00662786804489,0,214,4.17168945606764,0.0777483695919774,0.0809513796477362,-0.767764461219429,1.41644856852603,0.523579967480218,0.83948281056249,147,FALSE,"free_PMC6733445","outlier_arm",151,NA,NA,"sd3_winsor","armwise"
"change","published","lm","model",0.245772044317621,0.812573282229246,0.762604064815016,207,5.87721005398931,0,214,4.17168945606764,0.0589142712816628,0.0418178084601208,-1.35620837428544,1.84775246292068,0.768024770526968,0.390993873982217,148,FALSE,"free_PMC6733445","outlier_arm",152,NA,NA,"sd3_winsor","armwise"
"ancova","published","lm","model",0.310980614558703,0.541112260816245,0.566117051741936,206,3.91366778818962,0,214,4.17168945606764,0.0745454851885937,0.0794601461823504,-0.755847461049541,1.37780869016695,0.511460925767887,0.820827715843575,149,FALSE,"free_PMC6733445","outlier_arm",153,NA,NA,"sd3_winsor","armwise"
"endpoint","none","lm","model",0.144597457627119,0.447805831626502,0.747087611857381,212,3.25806300450031,0,214,4.17168945606764,0.0346616063227825,0.0443814184769874,-0.738125015993135,1.02731993124737,0.423196636718177,0.42065065537954,150,FALSE,"free_PMC6733445","outlier_arm",154,NA,NA,"iqr15_winsor","armwise"
"change","none","lm","model",0.0485522598870035,0.770454963256516,0.949811826420703,212,5.6055339951744,0,214,4.17168945606764,0.0116385125015443,0.00866148701065776,-1.47018167108609,1.5672861908601,0.728114566995934,0.074286375106907,151,FALSE,"free_PMC6733445","outlier_arm",155,NA,NA,"iqr15_winsor","armwise"
"ancova","none","lm","model",0.131864390348582,0.438235398954438,0.763788159063541,211,3.18830253937953,0,214,4.17168945606764,0.0316093495782118,0.0413588073025981,-0.732016187669696,0.99574496836686,0.414163416100775,0.388755540719977,152,FALSE,"free_PMC6733445","outlier_arm",156,NA,NA,"iqr15_winsor","armwise"
"endpoint","strat","lm","model",0.132609013754756,0.45031323790084,0.768679346667789,211,3.26497999943361,0,214,4.17168945606764,0.0317878440260885,0.0406155669491881,-0.755080253646266,1.02029828115578,0.425577827280454,0.379546189088122,153,FALSE,"free_PMC6733445","outlier_arm",157,NA,NA,"iqr15_winsor","armwise"
"change","strat","lm","model",0.150899912203685,0.770302666156912,0.844879385748804,211,5.58505188574208,0,214,4.17168945606764,0.0361723742365829,0.027018533630621,-1.3675751221644,1.66937494657178,0.7279904462493,0.243182696690409,154,FALSE,"free_PMC6733445","outlier_arm",158,NA,NA,"iqr15_winsor","armwise"
"ancova","strat","lm","model",0.135042458351836,0.44077612643758,0.75962324552392,210,3.19582675370073,0,214,4.17168945606764,0.0323711675506957,0.0422558757903439,-0.733870447964322,1.00395536466799,0.416576025356989,0.396644040257049,155,FALSE,"free_PMC6733445","outlier_arm",159,NA,NA,"iqr15_winsor","armwise"
"endpoint","published","lm","model",0.0858568186328781,0.446638978932896,0.847751534224999,207,3.23046690667263,0,214,4.17168945606764,0.0205808269136623,0.0265772165799124,-0.794687636966761,0.966401274232517,0.422152446807326,0.238286604705609,156,FALSE,"free_PMC6733445","outlier_arm",160,NA,NA,"iqr15_winsor","armwise"
"change","published","lm","model",0.00728680929719675,0.769557391922619,0.992454197710342,207,5.56608313347596,0,214,4.17168945606764,0.00174672860334755,0.00130914489102253,-1.50988819486873,1.52446181346312,0.727367183076978,0.0109275722397386,157,FALSE,"free_PMC6733445","outlier_arm",161,NA,NA,"iqr15_winsor","armwise"
"ancova","published","lm","model",0.0753793548648496,0.436915588857124,0.863193305798412,206,3.16005123167723,0,214,4.17168945606764,0.0180692632226524,0.0238538394913431,-0.786020119175112,0.936778828904811,0.412973920092289,0.212244418347903,158,FALSE,"free_PMC6733445","outlier_arm",162,NA,NA,"iqr15_winsor","armwise"
"endpoint","none","lm","model",0.0272294844632764,0.296105248674728,0.926817606554063,212,2.15434790708608,0,214,4.17168945606764,0.00652720792140259,0.0126393162282253,-0.55645821922903,0.610917188155583,0.279832767917729,0.10964264385795,28,TRUE,"free_PMC6733445","outlier_arm",163,NA,NA,"mad_winsor","armwise"
"change","none","lm","model",-0.0688157132768379,0.735050856842524,0.92549916753115,212,5.34794733334855,0,214,4.17168945606764,-0.0164958858998353,-0.012867687168069,-1.51776046737262,1.38012904081895,0.694656095260553,0.111696402467604,29,TRUE,"free_PMC6733445","outlier_arm",164,NA,NA,"mad_winsor","armwise"
"ancova","none","lm","model",0.0198428200025218,0.291413654154715,0.945777203719105,211,2.12012743782924,0,214,4.17168945606764,0.00475654293338178,0.0093592581504622,-0.554612362290425,0.594298002295469,0.275406493384791,0.0804277262759859,30,TRUE,"free_PMC6733445","outlier_arm",165,NA,NA,"mad_winsor","armwise"
"endpoint","strat","lm","model",0.020851185250219,0.297788783232408,0.944244018069668,211,2.15910690487758,0,214,4.17168945606764,0.00499825921123907,0.00965731951628456,-0.566171101858354,0.607873472358792,0.281431440806199,0.0827683558867933,31,TRUE,"free_PMC6733445","outlier_arm",166,NA,NA,"mad_winsor","armwise"
"change","strat","lm","model",0.0391420836991499,0.733914259803523,0.957516793494784,211,5.32121904905066,0,214,4.17168945606764,0.0093827894217338,0.0073558489771499,-1.40760155336802,1.48588572076632,0.69360083117544,0.0626303047905701,32,TRUE,"free_PMC6733445","outlier_arm",167,NA,NA,"mad_winsor","armwise"
"ancova","strat","lm","model",0.0222644223301012,0.293101499025579,0.939522064459062,210,2.12511875292861,0,214,4.17168945606764,0.0053370277353023,0.010476789732065,-0.555533829635808,0.600062674296011,0.277009234772024,0.090001051483779,33,TRUE,"free_PMC6733445","outlier_arm",168,NA,NA,"mad_winsor","armwise"
"endpoint","published","lm","model",-0.00955295606468324,0.294166726370511,0.974124837356248,207,2.12765996567203,0,214,4.17168945606764,-0.00228994899195784,-0.00448988852486393,-0.589499830711211,0.570393918581845,0.278039331908087,0.0378214245366933,34,TRUE,"free_PMC6733445","outlier_arm",169,NA,NA,"mad_winsor","armwise"
"change","published","lm","model",-0.0881229654003633,0.733038206148003,0.90442859564835,207,5.3019458175046,0,214,4.17168945606764,-0.0211240473022723,-0.0166208724935328,-1.53330074569282,1.35705481489209,0.692850124877091,0.144921487862189,35,TRUE,"free_PMC6733445","outlier_arm",170,NA,NA,"mad_winsor","armwise"
"ancova","published","lm","model",-0.0157702500128018,0.289117526459133,0.956552898711495,206,2.09108170751358,0,214,4.17168945606764,-0.00378030296331486,-0.0075416708759571,-0.585778946381547,0.554238446355944,0.273274749892842,0.0640833410587928,36,TRUE,"free_PMC6733445","outlier_arm",171,NA,NA,"mad_winsor","armwise"
"endpoint","none","mixed_ri","model",0.458886054634773,0.80019046422621,0.590879719551683,5.05837680250299,3.99386195848794,1,214,4.17168945606764,0.110000051410187,0.114897825564433,-1.59094947154263,2.50872158081217,0.982736393858827,0.759063611975126,159,FALSE,"free_PMC6733445","outlier_arm",172,NA,NA,"sd3_winsor","armwise"
"change","none","mixed_ri","model",0.274859050172126,0.857730023309511,0.761407356340148,5.07301616050281,5.89629180744269,1,214,4.17168945606764,0.0658867475795326,0.0466155779171548,-1.92049518732196,2.47021328766621,1.05250127585647,0.393259586316078,160,FALSE,"free_PMC6733445","outlier_arm",173,NA,NA,"sd3_winsor","armwise"
"ancova","none","mixed_ri","model",0.404007682042129,0.741332067199252,0.609656368093287,4.89772251119633,3.90730737561276,1,214,4.17168945606764,0.0968450998802194,0.103397977994698,-1.51367897297648,2.32169433706073,0.919381308323115,0.713931796043877,161,FALSE,"free_PMC6733445","outlier_arm",174,NA,NA,"sd3_winsor","armwise"
"endpoint","strat","mixed_ri","model",0.473895043214091,0.899254623834061,0.623707513903568,4.392368615543,3.99396410046178,1,214,4.17168945606764,0.113597871606867,0.118652804906108,-1.93728915511529,2.88507924154347,1.15597492273657,0.681058455488734,162,FALSE,"free_PMC6733445","outlier_arm",175,NA,NA,"sd3_winsor","armwise"
"change","strat","mixed_ri","model",0.399759563513138,0.811480806381176,0.622786471302638,210.999999995235,5.88361251627744,1,214,4.17168945606764,0.0958267789879939,0.0679445769766745,-1.19988872993812,1.9994078569644,0.766906698256078,0.683190489578606,145,TRUE,"free_PMC6733445","outlier_arm",176,NA,NA,"sd3_winsor","armwise"
"ancova","strat","mixed_ri","model",0.426288103886389,0.834687195030052,0.634699285764167,4.29321178633516,3.90731951868642,1,214,4.17168945606764,0.102185962875631,0.109099883397737,-1.83006951323894,2.68264572101172,1.0817476424778,0.655854875750322,163,FALSE,"free_PMC6733445","outlier_arm",177,NA,NA,"sd3_winsor","armwise"
"endpoint","published","mixed_ri","model",0.410511480192085,0.750953677491019,0.609183498632898,4.77345908278265,3.97160203785978,1,214,4.17168945606764,0.0984041320705222,0.103361685354886,-1.54775974336088,2.36878270374505,0.938838446234149,0.715051231793138,164,FALSE,"free_PMC6733445","outlier_arm",178,NA,NA,"sd3_winsor","armwise"
"change","published","mixed_ri","model",0.233496995528828,0.852655077869385,0.794992391806358,5.07822559631769,5.87140050618502,1,214,4.17168945606764,0.0559718066236238,0.0397685348296133,-1.94820632743788,2.41520031849553,1.04595672613812,0.330987041227174,165,FALSE,"free_PMC6733445","outlier_arm",179,NA,NA,"sd3_winsor","armwise"
"ancova","published","mixed_ri","model",0.356168684416293,0.682393202102034,0.62641738117962,4.48955449546434,3.89017564274211,1,214,4.17168945606764,0.0853775642140026,0.0915559391465512,-1.45969757194155,2.17203494077414,0.870566361892879,0.674803851297759,166,FALSE,"free_PMC6733445","outlier_arm",180,NA,NA,"sd3_winsor","armwise"
"endpoint","none","mixed_ri","model",0.229628929702302,0.756610988434887,0.772848321849421,5.40587579131897,3.19079544015454,1,214,4.17168945606764,0.0550445885583146,0.0719660454608085,-1.67219012189397,2.13144798129857,0.911774029023237,0.371742794304412,167,FALSE,"free_PMC6733445","outlier_arm",181,NA,NA,"iqr15_winsor","armwise"
"change","none","mixed_ri","model",0.0163853083854078,0.838345617852244,0.985141079920123,5.15096413561974,5.59531558224885,1,214,4.17168945606764,0.00392773924280861,0.00292839753979028,-2.11979157156152,2.15256218833233,1.024130344525,0.0215977502914351,168,FALSE,"free_PMC6733445","outlier_arm",182,NA,NA,"iqr15_winsor","armwise"
"ancova","none","mixed_ri","model",0.178095605556754,0.712097953083889,0.811933115254632,5.290923991658,3.1308176140614,1,214,4.17168945606764,0.0426914820559612,0.0568846951533924,-1.62254715639531,1.97873836750882,0.863267882671883,0.300567207704506,169,FALSE,"free_PMC6733445","outlier_arm",183,NA,NA,"iqr15_winsor","armwise"
"endpoint","strat","mixed_ri","model",0.236605233235374,0.844011411425999,0.791393378220699,4.59710211493358,3.1907005969329,1,214,4.17168945606764,0.0567168855033628,0.0741546334566188,-1.99145401479989,2.46466448127064,1.0681807797532,0.337533100903672,170,FALSE,"free_PMC6733445","outlier_arm",184,NA,NA,"iqr15_winsor","armwise"
"change","strat","mixed_ri","model",0.15089991220369,0.770302666156912,0.844879385748799,211.000000000454,5.58505188574208,1,214,4.17168945606764,0.0361723742365839,0.0270185336306218,-1.36757512216438,1.66937494657176,0.727990446249291,0.243182696690418,154,TRUE,"free_PMC6733445","outlier_arm",185,NA,NA,"iqr15_winsor","armwise"
"ancova","strat","mixed_ri","model",0.189719175131921,0.797510112689396,0.82234005946187,4.53309137189283,3.13067465476881,1,214,4.17168945606764,0.0454777799569856,0.0606000929681181,-1.92551478152984,2.30495313179368,1.01408984486379,0.282192984865124,171,FALSE,"free_PMC6733445","outlier_arm",186,NA,NA,"iqr15_winsor","armwise"
"endpoint","published","mixed_ri","model",0.207487840886178,0.719305280443957,0.78412241763047,5.21062880714989,3.17352198538935,1,214,4.17168945606764,0.0497371252273803,0.0653809369657548,-1.61928872682631,2.03426440859867,0.875797005961448,0.350849188606381,172,FALSE,"free_PMC6733445","outlier_arm",187,NA,NA,"iqr15_winsor","armwise"
"change","published","mixed_ri","model",-0.0188979274591392,0.846774637424586,0.983030521763761,5.17004628989914,5.55428475210894,1,214,4.17168945606764,-0.00453004176321239,-0.00340240522453655,-2.174243063068,2.13644720814972,1.03332002935835,0.0246918839027693,173,FALSE,"free_PMC6733445","outlier_arm",188,NA,NA,"iqr15_winsor","armwise"
"ancova","published","mixed_ri","model",0.156057545912388,0.669157791881577,0.824864888411185,4.98681912599148,3.11406057757325,1,214,4.17168945606764,0.0374087159544931,0.0501138439747379,-1.56543571341896,1.87755080524374,0.825321864180217,0.277770267386449,174,FALSE,"free_PMC6733445","outlier_arm",189,NA,NA,"iqr15_winsor","armwise"
"endpoint","none","mixed_ri","model",0.103986216566958,0.552427361449491,0.857237358928607,5.67878683400823,2.09214736408329,1,214,4.17168945606764,0.0249266436684812,0.0497031033053072,-1.26650695098641,1.47447938412033,0.657044673140765,0.222233369970226,61,TRUE,"free_PMC6733445","outlier_arm",190,NA,NA,"mad_winsor","armwise"
"change","none","mixed_ri","model",-0.10161246705946,0.794354275480755,0.90289762733709,5.33418670363719,5.3390509394323,1,214,4.17168945606764,-0.0243576297156219,-0.0190319343666468,-2.10568061645223,1.90245568233331,0.960794503281106,0.147365674075637,62,TRUE,"free_PMC6733445","outlier_arm",191,NA,NA,"mad_winsor","armwise"
"ancova","none","mixed_ri","model",0.0707749826004021,0.527887462505704,0.898023514640516,5.61163723931899,2.06431432486116,1,214,4.17168945606764,0.0169655443785398,0.0342849835163364,-1.24290103158454,1.38445099678535,0.62980527578544,0.155174872625725,63,TRUE,"free_PMC6733445","outlier_arm",192,NA,NA,"mad_winsor","armwise"
"endpoint","strat","mixed_ri","model",0.111445760347695,0.613919148644821,0.863359901529332,4.80379697234739,2.09210109642033,1,214,4.17168945606764,0.0267147786337738,0.0532697777073888,-1.48626904360799,1.70916056430339,0.765979740717203,0.211966006035376,64,TRUE,"free_PMC6733445","outlier_arm",193,NA,NA,"mad_winsor","armwise"
"change","strat","mixed_ri","model",0.0391420836991572,0.733914259803524,0.957516793494777,210.999999996894,5.32121904905066,1,214,4.17168945606764,0.00938278942173557,0.00735584897715129,-1.40760155336813,1.48588572076645,0.693600831175499,0.0626303047905809,32,TRUE,"free_PMC6733445","outlier_arm",194,NA,NA,"mad_winsor","armwise"
"ancova","strat","mixed_ri","model",0.0804312030883719,0.587487925072103,0.896696565851312,4.76760792514756,2.0642549877887,1,214,4.17168945606764,0.0192802469923513,0.0389637925373418,-1.45216642782359,1.61302883400033,0.73476113073701,0.157308222341198,65,TRUE,"free_PMC6733445","outlier_arm",195,NA,NA,"mad_winsor","armwise"
"endpoint","published","mixed_ri","model",0.108694439276132,0.53506402494494,0.846408646741104,5.43782273067708,2.07104590319637,1,214,4.17168945606764,0.0260552566102537,0.052482873077983,-1.2340809965561,1.45146987510837,0.643756180786273,0.240573729076738,66,TRUE,"free_PMC6733445","outlier_arm",196,NA,NA,"mad_winsor","armwise"
"change","published","mixed_ri","model",-0.128873202389487,0.828608412613305,0.882060401844155,5.39203891224972,5.28682295754733,1,214,4.17168945606764,-0.0308923288146589,-0.0243763037696413,-2.21313088350926,1.95538447873028,0.999239134681158,0.181050642667703,67,TRUE,"free_PMC6733445","outlier_arm",197,NA,NA,"mad_winsor","armwise"
"ancova","published","mixed_ri","model",0.0743000700145882,0.507633153817143,0.889054520908901,5.28369086399408,2.04171305682723,1,214,4.17168945606764,0.0178105467334152,0.0363910441607542,-1.20981806316437,1.35841820319354,0.615634575249234,0.16965620042957,68,TRUE,"free_PMC6733445","outlier_arm",198,NA,NA,"mad_winsor","armwise"
"endpoint","none","lm","hc3",0.391283643460704,0.548450570402803,0.476361463354679,212,4.03983944649108,0,214,4.17168945606764,0.0937950074139843,0.0968562361557624,-0.689831451458818,1.47239873838023,0.518310438159323,1.06987138797388,175,FALSE,"free_PMC6733445","outlier_arm",199,NA,NA,"sd3_winsor","armwise"
"change","none","lm","hc3",0.295238445720589,0.822860145581288,0.720105206103967,212,5.903058994757,0,214,4.17168945606764,0.0707719135927461,0.0500144833353038,-1.32679747219676,1.91727436363794,0.777639819549911,0.473720397726155,176,FALSE,"free_PMC6733445","outlier_arm",200,NA,NA,"sd3_winsor","armwise"
"ancova","none","lm","hc3",0.374681515774341,0.538092650839789,0.48699844982912,211,3.94304573932316,0,214,4.17168945606764,0.0898152941919907,0.0950233754677815,-0.686044731680611,1.43540776322929,0.508535574675697,1.03801091483313,177,FALSE,"free_PMC6733445","outlier_arm",201,NA,NA,"sd3_winsor","armwise"
"endpoint","strat","lm","hc3",0.381468665064206,0.550706425067248,0.489265975456743,211,4.04897181005354,0,214,4.17168945606764,0.0914422487774988,0.0942137122607335,-0.70412274526122,1.46706007538963,0.520456482563176,1.03130913655252,178,FALSE,"free_PMC6733445","outlier_arm",202,NA,NA,"sd3_winsor","armwise"
"change","strat","lm","hc3",0.399759563513135,0.825682056097195,0.628776750461188,211,5.88361251627744,0,214,4.17168945606764,0.0958267789879932,0.067944576976674,-1.22788323664031,2.02740236366658,0.780327882645279,0.669380221143356,179,FALSE,"free_PMC6733445","outlier_arm",203,NA,NA,"sd3_winsor","armwise"
"ancova","strat","lm","hc3",0.384657228733892,0.542009539810234,0.478685383944118,210,3.95196095748293,0,214,4.17168945606764,0.0922065826770532,0.0973332562928169,-0.683819615268429,1.45313407273621,0.51225138172653,1.06285033903495,180,FALSE,"free_PMC6733445","outlier_arm",204,NA,NA,"sd3_winsor","armwise"
"endpoint","published","lm","hc3",0.324342053653302,0.554261734514103,0.559065046899232,207,4.00662786804489,0,214,4.17168945606764,0.0777483695919774,0.0809513796477362,-0.768379630520974,1.41706373782758,0.523874893220987,0.838911945308245,181,FALSE,"free_PMC6733445","outlier_arm",205,NA,NA,"sd3_winsor","armwise"
"change","published","lm","hc3",0.245772044317621,0.827230582720866,0.76668638983663,207,5.87721005398931,0,214,4.17168945606764,0.0589142712816628,0.0418178084601208,-1.38510510137538,1.87664919001062,0.781878499283269,0.383291525438251,182,FALSE,"free_PMC6733445","outlier_arm",206,NA,NA,"sd3_winsor","armwise"
"ancova","published","lm","hc3",0.310980614558703,0.54292558250506,0.567413699909528,206,3.91366778818962,0,214,4.17168945606764,0.0745454851885937,0.0794601461823504,-0.759422509385757,1.38138373850316,0.513174882846363,0.817527110730979,183,FALSE,"free_PMC6733445","outlier_arm",207,NA,NA,"sd3_winsor","armwise"
"endpoint","none","lm","hc3",0.144597457627119,0.448161063716604,0.747281188382208,212,3.25806300450031,0,214,4.17168945606764,0.0346616063227825,0.0443814184769874,-0.738825255532547,1.02802017078678,0.423532347008594,0.420276889688076,184,FALSE,"free_PMC6733445","outlier_arm",208,NA,NA,"iqr15_winsor","armwise"
"change","none","lm","hc3",0.0485522598870035,0.781823512488206,0.950540667046937,212,5.6055339951744,0,214,4.17168945606764,0.0116385125015443,0.00866148701065776,-1.49259154873959,1.58969606851359,0.738858356958967,0.0731797437716819,185,FALSE,"free_PMC6733445","outlier_arm",209,NA,NA,"iqr15_winsor","armwise"
"ancova","none","lm","hc3",0.131864390348582,0.440898338170313,0.765172483706206,211,3.18830253937953,0,214,4.17168945606764,0.0316093495782118,0.0413588073025981,-0.737265561578163,1.00099434227533,0.416680081813191,0.386143100887567,186,FALSE,"free_PMC6733445","outlier_arm",210,NA,NA,"iqr15_winsor","armwise"
"endpoint","strat","lm","hc3",0.132609013754756,0.449034232498636,0.768039454813712,211,3.26497999943361,0,214,4.17168945606764,0.0317878440260885,0.0406155669491881,-0.752558987840765,1.01777701535028,0.424369076805591,0.380747669615395,187,FALSE,"free_PMC6733445","outlier_arm",211,NA,NA,"iqr15_winsor","armwise"
"change","strat","lm","hc3",0.150899912203685,0.784534841389313,0.847658402675975,211,5.58505188574208,0,214,4.17168945606764,0.0361723742365829,0.027018533630621,-1.39563059142946,1.69743041583683,0.741440857436665,0.238445103746033,188,FALSE,"free_PMC6733445","outlier_arm",212,NA,NA,"iqr15_winsor","armwise"
"ancova","strat","lm","hc3",0.135042458351836,0.442429606526453,0.760493871190316,210,3.19582675370073,0,214,4.17168945606764,0.0323711675506957,0.0422558757903439,-0.737129994258651,1.00721491096232,0.418138723793033,0.394991473550301,189,FALSE,"free_PMC6733445","outlier_arm",213,NA,NA,"iqr15_winsor","armwise"
"endpoint","published","lm","hc3",0.0858568186328781,0.453201782941229,0.84992967370529,207,3.23046690667263,0,214,4.17168945606764,0.0205808269136623,0.0265772165799124,-0.807626142012899,0.979339779278655,0.428355451696542,0.234584622571219,190,FALSE,"free_PMC6733445","outlier_arm",214,NA,NA,"iqr15_winsor","armwise"
"change","published","lm","hc3",0.00728680929719675,0.78405312028923,0.992593701913861,207,5.56608313347596,0,214,4.17168945606764,0.00174672860334755,0.00130914489102253,-1.53846638406662,1.55304000266101,0.741068197737275,0.0107247942382913,191,FALSE,"free_PMC6733445","outlier_arm",215,NA,NA,"iqr15_winsor","armwise"
"ancova","published","lm","hc3",0.0753793548648496,0.444585468379155,0.865530625939415,206,3.16005123167723,0,214,4.17168945606764,0.0180692632226524,0.0238538394913431,-0.801141644601818,0.951900354331517,0.420223513134126,0.208343226064707,192,FALSE,"free_PMC6733445","outlier_arm",216,NA,NA,"iqr15_winsor","armwise"
"endpoint","none","lm","hc3",0.0272294844632764,0.298080429425019,0.92730117939605,212,2.15434790708608,0,214,4.17168945606764,0.00652720792140259,0.0126393162282253,-0.560351729126859,0.614810698053412,0.281699402497715,0.108890105064698,96,TRUE,"free_PMC6733445","outlier_arm",217,NA,NA,"mad_winsor","armwise"
"change","none","lm","hc3",-0.0688157132768379,0.742449554816403,0.926239442914086,212,5.34794733334855,0,214,4.17168945606764,-0.0164958858998353,-0.012867687168069,-1.53234490668943,1.39471348013576,0.701648197367099,0.11054290091536,97,TRUE,"free_PMC6733445","outlier_arm",218,NA,NA,"mad_winsor","armwise"
"ancova","none","lm","hc3",0.0198428200025218,0.294827755858022,0.946404145470241,211,2.12012743782924,0,214,4.17168945606764,0.00475654293338178,0.0093592581504622,-0.561342480760779,0.601028120765822,0.278633060722187,0.0794717018560462,98,TRUE,"free_PMC6733445","outlier_arm",219,NA,NA,"mad_winsor","armwise"
"endpoint","strat","lm","hc3",0.020851185250219,0.298858167465038,0.944443200356356,211,2.15910690487758,0,214,4.17168945606764,0.00499825921123907,0.00965731951628456,-0.568279147605486,0.609981518105924,0.282442084464761,0.0824640606117466,99,TRUE,"free_PMC6733445","outlier_arm",220,NA,NA,"mad_winsor","armwise"
"change","strat","lm","hc3",0.0391420836991499,0.74449455028921,0.958119975493111,211,5.32121904905066,0,214,4.17168945606764,0.0093827894217338,0.0073558489771499,-1.42845816942912,1.50674233682742,0.70359995324852,0.0617217737782335,100,TRUE,"free_PMC6733445","outlier_arm",221,NA,NA,"mad_winsor","armwise"
"ancova","strat","lm","hc3",0.0222644223301012,0.295553261985458,0.940022802579318,210,2.12511875292861,0,214,4.17168945606764,0.0053370277353023,0.010476789732065,-0.560367050745773,0.604895895405976,0.27932638764779,0.0892323415342181,101,TRUE,"free_PMC6733445","outlier_arm",222,NA,NA,"mad_winsor","armwise"
"endpoint","published","lm","hc3",-0.00955295606468324,0.302276213820139,0.974818782637598,207,2.12765996567203,0,214,4.17168945606764,-0.00228994899195784,-0.00448988852486393,-0.605487607301123,0.586381695171757,0.285704224876885,0.036794045962896,102,TRUE,"free_PMC6733445","outlier_arm",223,NA,NA,"mad_winsor","armwise"
"change","published","lm","hc3",-0.0881229654003633,0.745128042817613,0.90597194844986,207,5.3019458175046,0,214,4.17168945606764,-0.0211240473022723,-0.0166208724935328,-1.5571357425262,1.38088981172547,0.704277148429246,0.142461713996428,103,TRUE,"free_PMC6733445","outlier_arm",224,NA,NA,"mad_winsor","armwise"
"ancova","published","lm","hc3",-0.0157702500128018,0.297955213436529,0.957840361400611,206,2.09108170751358,0,214,4.17168945606764,-0.00378030296331486,-0.0075416708759571,-0.603202858707431,0.571662358681827,0.281628158030901,0.0621428658642323,104,TRUE,"free_PMC6733445","outlier_arm",225,NA,NA,"mad_winsor","armwise"
"endpoint","none","lm","permutation",0.391283643460704,0.555529893439039,0.4812,212,4.03983944649108,0,214,4.17168945606764,0.0937950074139843,0.0968562361557624,-0.703786333465169,1.48635362038658,0.525000716596062,1.05529145237337,193,FALSE,"free_PMC6733445","outlier_arm",226,NA,NA,"sd3_winsor","armwise"
"change","none","lm","permutation",0.295238445720589,0.803442397628851,0.7,212,5.903058994757,0,214,4.17168945606764,0.0707719135927461,0.0500144833353038,-1.28852087708756,1.87899776852874,0.759289175038952,0.514573172829758,194,FALSE,"free_PMC6733445","outlier_arm",227,NA,NA,"sd3_winsor","armwise"
"ancova","none","lm","permutation",0.374681515774341,0.543178444484461,0.4962,211,3.94304573932316,0,214,4.17168945606764,0.0898152941919907,0.0950233754677815,-0.696070207404213,1.44543323895289,0.513342009013239,1.01100635965702,195,FALSE,"free_PMC6733445","outlier_arm",228,NA,NA,"sd3_winsor","armwise"
"endpoint","strat","lm","permutation",0.381468665064206,0.563734809901328,0.5092,211,4.04897181005354,0,214,4.17168945606764,0.0914422487774988,0.0942137122607335,-0.729805217850067,1.49274254797848,0.53276922676876,0.973695675648091,196,FALSE,"free_PMC6733445","outlier_arm",229,NA,NA,"sd3_winsor","armwise"
"change","strat","lm","permutation",0.399759563513135,0.810062537864019,0.6198,211,5.88361251627744,0,214,4.17168945606764,0.0958267789879932,0.067944576976674,-1.19709293884183,1.9966120658681,0.765566334297669,0.690125339963234,197,FALSE,"free_PMC6733445","outlier_arm",230,NA,NA,"sd3_winsor","armwise"
"ancova","strat","lm","permutation",0.384657228733892,0.55064907716132,0.4788,210,3.95196095748293,0,214,4.17168945606764,0.0922065826770532,0.0973332562928169,-0.700850949450778,1.47016540691856,0.520416579237853,1.06250494260595,198,FALSE,"free_PMC6733445","outlier_arm",231,NA,NA,"sd3_winsor","armwise"
"endpoint","published","lm","permutation",0.324342053653302,0.553467229172691,0.5616,207,4.00662786804489,0,214,4.17168945606764,0.0777483695919774,0.0809513796477362,-0.766813270874093,1.4154973781807,0.523123945834622,0.832385159244889,199,FALSE,"free_PMC6733445","outlier_arm",232,NA,NA,"sd3_winsor","armwise"
"change","published","lm","permutation",0.245772044317621,0.81448969678314,0.7646,207,5.87721005398931,0,214,4.17168945606764,0.0589142712816628,0.0418178084601208,-1.35998656716528,1.85153065580052,0.769836119583327,0.387222894714801,200,FALSE,"free_PMC6733445","outlier_arm",233,NA,NA,"sd3_winsor","armwise"
"ancova","published","lm","permutation",0.310980614558703,0.543880493984787,0.5684,206,3.91366778818962,0,214,4.17168945606764,0.0745454851885937,0.0794601461823504,-0.761305161933229,1.38326639105063,0.514077468030279,0.815021540306669,201,FALSE,"free_PMC6733445","outlier_arm",234,NA,NA,"sd3_winsor","armwise"
"endpoint","none","lm","permutation",0.144597457627119,0.453286780388888,0.7468,212,3.25806300450031,0,214,4.17168945606764,0.0346616063227825,0.0443814184769874,-0.748929155438453,1.03812407069269,0.428376379630059,0.421206167323247,202,FALSE,"free_PMC6733445","outlier_arm",235,NA,NA,"iqr15_winsor","armwise"
"change","none","lm","permutation",0.0485522598870035,0.767009630579982,0.9576,212,5.6055339951744,0,214,4.17168945606764,0.0116385125015443,0.00866148701065776,-1.46339017270022,1.56049469247423,0.724858572772302,0.0625049426059474,203,FALSE,"free_PMC6733445","outlier_arm",236,NA,NA,"iqr15_winsor","armwise"
"ancova","none","lm","permutation",0.131864390348582,0.439386373621564,0.7664,211,3.18830253937953,0,214,4.17168945606764,0.0316093495782118,0.0413588073025981,-0.734285070245348,0.998013850942512,0.415251168484813,0.383830533813269,204,FALSE,"free_PMC6733445","outlier_arm",237,NA,NA,"iqr15_winsor","armwise"
"endpoint","strat","lm","permutation",0.132609013754756,0.440336393476071,0.7794,211,3.26497999943361,0,214,4.17168945606764,0.0317878440260885,0.0406155669491881,-0.735413193091526,1.00063122060104,0.416149004372203,0.359564163380412,205,FALSE,"free_PMC6733445","outlier_arm",238,NA,NA,"iqr15_winsor","armwise"
"change","strat","lm","permutation",0.150899912203685,0.771505441974121,0.8402,211,5.58505188574208,0,214,4.17168945606764,0.0361723742365829,0.027018533630621,-1.36994611882665,1.67174594323402,0.729127154380243,0.251195309062932,206,FALSE,"free_PMC6733445","outlier_arm",239,NA,NA,"iqr15_winsor","armwise"
"ancova","strat","lm","permutation",0.135042458351836,0.442837548779218,0.763,210,3.19582675370073,0,214,4.17168945606764,0.0323711675506957,0.0422558757903439,-0.737934180935739,1.00801909763941,0.418524268635504,0.390245037827557,207,FALSE,"free_PMC6733445","outlier_arm",240,NA,NA,"iqr15_winsor","armwise"
"endpoint","published","lm","permutation",0.0858568186328781,0.453331038979133,0.8556,207,3.23046690667263,0,214,4.17168945606764,0.0205808269136623,0.0265772165799124,-0.807880969049718,0.979594606315474,0.428477621402366,0.224991612384405,208,FALSE,"free_PMC6733445","outlier_arm",241,NA,NA,"iqr15_winsor","armwise"
"change","published","lm","permutation",0.00728680929719675,0.788579957767913,0.9928,207,5.56608313347596,0,214,4.17168945606764,0.00174672860334755,0.00130914489102253,-1.54739100066139,1.56196461925578,0.745346855911021,0.0104249794190927,209,FALSE,"free_PMC6733445","outlier_arm",242,NA,NA,"iqr15_winsor","armwise"
"ancova","published","lm","permutation",0.0753793548648496,0.449314088373054,0.868,206,3.16005123167723,0,214,4.17168945606764,0.0180692632226524,0.0238538394913431,-0.810464339601862,0.961223049331561,0.424693018881484,0.204233052217608,210,FALSE,"free_PMC6733445","outlier_arm",243,NA,NA,"iqr15_winsor","armwise"
"endpoint","none","lm","permutation",0.0272294844632764,0.288025821472151,0.9264,212,2.15434790708608,0,214,4.17168945606764,0.00652720792140259,0.0126393162282253,-0.54053191487567,0.594990883802222,0.272197346095908,0.110292841560213,211,FALSE,"free_PMC6733445","outlier_arm",244,NA,NA,"mad_winsor","armwise"
"change","none","lm","permutation",-0.0688157132768379,0.737442067467498,0.925,212,5.34794733334855,0,214,4.17168945606764,-0.0164958858998353,-0.012867687168069,-1.52247406243715,1.38484263588348,0.696915896769833,0.112474729258412,212,FALSE,"free_PMC6733445","outlier_arm",245,NA,NA,"mad_winsor","armwise"
"ancova","none","lm","permutation",0.0198428200025218,0.289909460151383,0.9458,211,2.12012743782924,0,214,4.17168945606764,0.00475654293338178,0.0093592581504622,-0.551647188805694,0.591332828810738,0.273984923770869,0.080392953091645,213,FALSE,"free_PMC6733445","outlier_arm",246,NA,NA,"mad_winsor","armwise"
"endpoint","strat","lm","permutation",0.020851185250219,0.29735411869871,0.946,211,2.15910690487758,0,214,4.17168945606764,0.00499825921123907,0.00965731951628456,-0.565314260422198,0.607016630922636,0.281020652110071,0.0800879113226919,214,FALSE,"free_PMC6733445","outlier_arm",247,NA,NA,"mad_winsor","armwise"
"change","strat","lm","permutation",0.0391420836991499,0.739844481771457,0.9558,211,5.32121904905066,0,214,4.17168945606764,0.0093827894217338,0.0073558489771499,-1.41929162585796,1.49757579325626,0.69920530994264,0.0652193273029834,215,FALSE,"free_PMC6733445","outlier_arm",248,NA,NA,"mad_winsor","armwise"
"ancova","strat","lm","permutation",0.0222644223301012,0.286173463278711,0.9378,210,2.12511875292861,0,214,4.17168945606764,0.0053370277353023,0.010476789732065,-0.541876420999531,0.586405265659733,0.270461571634533,0.0926478158286289,216,FALSE,"free_PMC6733445","outlier_arm",249,NA,NA,"mad_winsor","armwise"
"endpoint","published","lm","permutation",-0.00955295606468324,0.295128779474704,0.9728,207,2.12765996567203,0,214,4.17168945606764,-0.00228994899195784,-0.00448988852486393,-0.591396509162594,0.572290597033228,0.278948641419908,0.0397848661058639,217,FALSE,"free_PMC6733445","outlier_arm",250,NA,NA,"mad_winsor","armwise"
"change","published","lm","permutation",-0.0881229654003633,0.739080911230678,0.9074,207,5.3019458175046,0,214,4.17168945606764,-0.0211240473022723,-0.0166208724935328,-1.5452138807042,1.36896794990347,0.698561544740357,0.140189435198705,218,FALSE,"free_PMC6733445","outlier_arm",251,NA,NA,"mad_winsor","armwise"
"ancova","published","lm","permutation",-0.0157702500128018,0.288598008277345,0.9512,206,2.09108170751358,0,214,4.17168945606764,-0.00378030296331486,-0.0075416708759571,-0.584754692040527,0.553214192014923,0.272783699755095,0.0721793798037935,219,FALSE,"free_PMC6733445","outlier_arm",252,NA,NA,"mad_winsor","armwise"
"endpoint","none","lm","model",-0.69155092592593,0.270657451173151,0.0111842962167923,261,2.19388562488863,0,263,2.19388562488862,-0.315217401527501,-0.315217401527501,-1.22450108505369,-0.158600766798167,0.485850450070586,6.48238171357338,1,FALSE,"mallorca_PMC8198819","principled",1,NA,NA,NA,NA
"endpoint","none","lm","hc3",-0.69155092592593,0.273726143537474,0.0121145721049194,261,2.19388562488863,0,263,2.19388562488862,-0.315217401527501,-0.315217401527501,-1.23054363099799,-0.152558220853869,0.491358983310194,6.36711274107402,2,FALSE,"mallorca_PMC8198819","principled",2,NA,NA,NA,NA
"endpoint","none","lm","permutation",-0.69155092592593,0.272058774599132,0.0108,261,2.19388562488863,0,263,2.19388562488862,-0.315217401527501,-0.315217401527501,-1.22726042361847,-0.155841428233391,0.488365930853606,6.53282487738598,3,FALSE,"mallorca_PMC8198819","principled",3,NA,NA,NA,NA
"endpoint","none","lm","model",-0.69155092592593,0.270657451173151,0.0111842962167923,261,2.19388562488863,0,263,2.19388562488862,-0.315217401527501,-0.315217401527501,-1.22450108505369,-0.158600766798167,0.485850450070586,6.48238171357338,1,FALSE,"mallorca_PMC8198819","defensible",1,"complete_case","none",NA,NA
"endpoint","none","lm","hc3",-0.69155092592593,0.273726143537474,0.0121145721049194,261,2.19388562488863,0,263,2.19388562488862,-0.315217401527501,-0.315217401527501,-1.23054363099799,-0.152558220853869,0.491358983310194,6.36711274107402,2,FALSE,"mallorca_PMC8198819","defensible",2,"complete_case","none",NA,NA
"endpoint","none","lm","permutation",-0.69155092592593,0.272058774599132,0.0108,261,2.19388562488863,0,263,2.19388562488862,-0.315217401527501,-0.315217401527501,-1.22726042361847,-0.155841428233391,0.488365930853606,6.53282487738598,3,FALSE,"mallorca_PMC8198819","defensible",3,"complete_case","none",NA,NA
"endpoint","none","lm","model",-0.67292206590152,0.310705097763863,0.0329611247974334,90.3393215054313,2.17181319816413,0,294,2.19388562488862,-0.306726138440185,-0.309843437027804,-1.29016038785491,-0.0556837439481285,0.562689608748156,4.92309071448688,4,FALSE,"mallorca_PMC8198819","defensible",4,"mi","none",NA,NA
"endpoint","none","lm","hc3",-0.67292206590152,0.311817214256715,0.0335503605830446,91.1797697948046,2.17181319816413,0,294,2.19388562488862,-0.306726138440185,-0.309843437027804,-1.29229220509096,-0.0535519267120758,0.564633025680988,4.89752791787759,5,FALSE,"mallorca_PMC8198819","defensible",5,"mi","none",NA,NA
"endpoint","none","lm","model",-0.0961030820507747,0.0401385064621884,0.0173588354196524,261,0.325353290479186,0,263,0.325353290479186,-0.295380698038223,-0.295380698038223,-0.175139603356404,-0.0170665607451453,0.485850450070586,5.84818602716802,6,FALSE,"mallorca_PMC8198819","defensible",6,"complete_case","log",NA,NA
"endpoint","none","lm","hc3",-0.0961030820507747,0.0403778613849162,0.0180268558438296,261,0.325353290479186,0,263,0.325353290479186,-0.295380698038223,-0.295380698038223,-0.175610915871921,-0.0165952482296285,0.488747685348721,5.79370839888746,7,FALSE,"mallorca_PMC8198819","defensible",7,"complete_case","log",NA,NA
"endpoint","none","lm","permutation",-0.0961030820507747,0.0400709828022068,0.0166,261,0.325353290479186,0,263,0.325353290479186,-0.295380698038223,-0.295380698038223,-0.175006642873786,-0.017199521227763,0.485033120192521,5.91267294820252,8,FALSE,"mallorca_PMC8198819","defensible",8,"complete_case","log",NA,NA
"endpoint","none","lm","model",-0.0914912691043671,0.0477898576400797,0.0592444745696824,77.6937251738362,0.323981857342665,0,294,0.325353290479186,-0.2812059130234,-0.282396273219706,-0.186639475023123,0.00365693681438824,0.584891615994535,4.07717558230623,9,FALSE,"mallorca_PMC8198819","defensible",9,"mi","log",NA,NA
"endpoint","none","lm","hc3",-0.0914912691043671,0.0479133136780992,0.0598604780749267,78.2560011217877,0.323981857342665,0,294,0.325353290479186,-0.2812059130234,-0.282396273219706,-0.186874434398775,0.00389189619004075,0.586335949785083,4.06225238882759,10,FALSE,"mallorca_PMC8198819","defensible",10,"mi","log",NA,NA
"endpoint","none","lm","model",-0.69155092592593,0.270657451173151,0.0111842962167923,261,2.19388562488863,0,263,2.19388562488862,-0.315217401527501,-0.315217401527501,-1.22450108505369,-0.158600766798167,0.485850450070586,6.48238171357338,1,FALSE,"mallorca_PMC8198819","strict",1,NA,NA,NA,NA
"endpoint","none","lm","hc3",-0.69155092592593,0.273726143537474,0.0121145721049194,261,2.19388562488863,0,263,2.19388562488862,-0.315217401527501,-0.315217401527501,-1.23054363099799,-0.152558220853869,0.491358983310194,6.36711274107402,2,FALSE,"mallorca_PMC8198819","strict",2,NA,NA,NA,NA
"endpoint","none","lm","permutation",-0.69155092592593,0.272058774599132,0.0108,261,2.19388562488863,0,263,2.19388562488862,-0.315217401527501,-0.315217401527501,-1.22726042361847,-0.155841428233391,0.488365930853606,6.53282487738598,3,FALSE,"mallorca_PMC8198819","strict",3,NA,NA,NA,NA
"endpoint","none","lm","model",-0.69155092592593,0.270657451173151,0.0111842962167923,261,2.19388562488863,0,263,2.19388562488862,-0.315217401527501,-0.315217401527501,-1.22450108505369,-0.158600766798167,0.485850450070586,6.48238171357338,1,FALSE,"mallorca_PMC8198819","outlier_arm",1,NA,NA,"none","pooled"
"endpoint","none","lm","model",-0.629224668859311,0.249115616618665,0.0121347645820399,261,2.01927258187811,0,263,2.19388562488862,-0.286808328438387,-0.311609573916006,-1.11975691521965,-0.138692422498975,0.447181239345819,6.36471006971733,2,FALSE,"mallorca_PMC8198819","outlier_arm",2,NA,NA,"sd3_winsor","pooled"
"endpoint","none","lm","model",-0.517245370370367,0.222321408300413,0.0207543053063433,261,1.80208503280125,0,263,2.19388562488862,-0.235766789527429,-0.287026062009036,-0.955017282496345,-0.0794734582443901,0.399083623284328,5.5904455472992,3,FALSE,"mallorca_PMC8198819","outlier_arm",3,NA,NA,"iqr15_winsor","pooled"
"endpoint","none","lm","model",-0.535100358796302,0.226283748873623,0.0187753047056637,261,1.83420283331552,0,263,2.19388562488862,-0.243905312440099,-0.291734561236639,-0.980674494839845,-0.0895262227527587,0.406196322168038,5.73501986825181,4,FALSE,"mallorca_PMC8198819","outlier_arm",4,NA,NA,"mad_winsor","pooled"
"endpoint","none","lm","hc3",-0.69155092592593,0.273726143537474,0.0121145721049194,261,2.19388562488863,0,263,2.19388562488862,-0.315217401527501,-0.315217401527501,-1.23054363099799,-0.152558220853869,0.491358983310194,6.36711274107402,5,FALSE,"mallorca_PMC8198819","outlier_arm",5,NA,NA,"none","pooled"
"endpoint","none","lm","hc3",-0.629224668859311,0.251428153589386,0.0129404489069651,261,2.01927258187811,0,263,2.19388562488862,-0.286808328438387,-0.311609573916006,-1.12431051956785,-0.134138818150776,0.451332416869881,6.27196852417391,6,FALSE,"mallorca_PMC8198819","outlier_arm",6,NA,NA,"sd3_winsor","pooled"
"endpoint","none","lm","hc3",-0.517245370370367,0.223727350972659,0.0215595437427708,261,1.80208503280125,0,263,2.19388562488862,-0.235766789527429,-0.287026062009036,-0.95778571679457,-0.0767050239461644,0.40160739596128,5.53552954262155,7,FALSE,"mallorca_PMC8198819","outlier_arm",7,NA,NA,"iqr15_winsor","pooled"
"endpoint","none","lm","hc3",-0.535100358796302,0.227807953715851,0.0195746164278703,261,1.83420283331552,0,263,2.19388562488862,-0.243905312440099,-0.291734561236639,-0.983675798553037,-0.086524919039567,0.40893238432109,5.67487215214505,8,FALSE,"mallorca_PMC8198819","outlier_arm",8,NA,NA,"mad_winsor","pooled"
"endpoint","none","lm","permutation",-0.69155092592593,0.272058774599132,0.0108,261,2.19388562488863,0,263,2.19388562488862,-0.315217401527501,-0.315217401527501,-1.22726042361847,-0.155841428233391,0.488365930853606,6.53282487738598,9,FALSE,"mallorca_PMC8198819","outlier_arm",9,NA,NA,"none","pooled"
"endpoint","none","lm","permutation",-0.629224668859311,0.251439646871042,0.0142,261,2.01927258187811,0,263,2.19388562488862,-0.286808328438387,-0.311609573916006,-1.12433315092812,-0.134116186790505,0.451353048173549,6.13796526004477,10,FALSE,"mallorca_PMC8198819","outlier_arm",10,NA,NA,"sd3_winsor","pooled"
"endpoint","none","lm","permutation",-0.517245370370367,0.224155160031367,0.0212,261,1.80208503280125,0,263,2.19388562488862,-0.235766789527429,-0.287026062009036,-0.958628113354969,-0.0758626273857661,0.402375345348287,5.55979192498625,11,FALSE,"mallorca_PMC8198819","outlier_arm",11,NA,NA,"iqr15_winsor","pooled"
"endpoint","none","lm","permutation",-0.535100358796302,0.230662335448879,0.0222,261,1.83420283331552,0,263,2.19388562488862,-0.243905312440099,-0.291734561236639,-0.989296346563945,-0.0809043710286595,0.414056213883712,5.49329651319934,12,FALSE,"mallorca_PMC8198819","outlier_arm",12,NA,NA,"mad_winsor","pooled"
"endpoint","none","lm","model",-0.666869034208427,0.25277358331877,0.00883523741095688,261,2.04892319938336,0,263,2.19388562488862,-0.303967092287357,-0.32547292861398,-1.16460416349866,-0.169133904918192,0.453747564270132,6.82251538282144,13,FALSE,"mallorca_PMC8198819","outlier_arm",13,NA,NA,"sd3_winsor","armwise"
"endpoint","none","lm","model",-0.638339120370372,0.240153169180055,0.00834461339551879,261,1.94662509142787,0,263,2.19388562488862,-0.290962807326284,-0.327920935151485,-1.11122345876483,-0.165454781975909,0.431092973152116,6.9049390733352,14,FALSE,"mallorca_PMC8198819","outlier_arm",14,NA,NA,"iqr15_winsor","armwise"
"endpoint","none","lm","model",-0.535100358796302,0.226283748873623,0.0187753047056637,261,1.83420283331552,0,263,2.19388562488862,-0.243905312440099,-0.291734561236639,-0.980674494839845,-0.0895262227527587,0.406196322168038,5.73501986825181,4,TRUE,"mallorca_PMC8198819","outlier_arm",15,NA,NA,"mad_winsor","armwise"
"endpoint","none","lm","hc3",-0.666869034208427,0.255494756949826,0.00957433012404354,261,2.04892319938336,0,263,2.19388562488862,-0.303967092287357,-0.32547292861398,-1.16996241213878,-0.163775656278077,0.458632275286356,6.70661273344987,15,FALSE,"mallorca_PMC8198819","outlier_arm",16,NA,NA,"sd3_winsor","armwise"
"endpoint","none","lm","hc3",-0.638339120370372,0.24253243136867,0.008994607231508,261,1.94662509142787,0,263,2.19388562488862,-0.290962807326284,-0.327920935151485,-1.11590845138755,-0.160769789353194,0.435363927453075,6.79672400013111,16,FALSE,"mallorca_PMC8198819","outlier_arm",17,NA,NA,"iqr15_winsor","armwise"
"endpoint","none","lm","hc3",-0.535100358796302,0.227807953715851,0.0195746164278703,261,1.83420283331552,0,263,2.19388562488862,-0.243905312440099,-0.291734561236639,-0.983675798553037,-0.086524919039567,0.40893238432109,5.67487215214505,8,TRUE,"mallorca_PMC8198819","outlier_arm",18,NA,NA,"mad_winsor","armwise"
"endpoint","none","lm","permutation",-0.666869034208427,0.254728893405307,0.009,261,2.04892319938336,0,263,2.19388562488862,-0.303967092287357,-0.32547292861398,-1.16845435427393,-0.165283714142925,0.457257492710875,6.79585928321977,17,FALSE,"mallorca_PMC8198819","outlier_arm",19,NA,NA,"sd3_winsor","armwise"
"endpoint","none","lm","permutation",-0.638339120370372,0.246035067322824,0.0104,261,1.94662509142787,0,263,2.19388562488862,-0.290962807326284,-0.327920935151485,-1.12280547336511,-0.15387276737563,0.441651422023732,6.58727266140836,18,FALSE,"mallorca_PMC8198819","outlier_arm",20,NA,NA,"iqr15_winsor","armwise"
"endpoint","none","lm","permutation",-0.535100358796302,0.22714163303796,0.0186,261,1.83420283331552,0,263,2.19388562488862,-0.243905312440099,-0.291734561236639,-0.982363750021682,-0.0878369675709223,0.407736288666448,5.74855356844142,19,FALSE,"mallorca_PMC8198819","outlier_arm",21,NA,NA,"mad_winsor","armwise"
